,Event,Date,Time,Latitude,Longitude,Depth,Intensity,Magnitude,Magnitude_type,Location,ID,I_num,mw,DecimalYear
0,44,18/12/1396,12:00:00,39.1,-0.2667,0.0,VIII-IX,,1.0,Tavernes de la Valldigna.,18/12/139612:00:00-0.266739.1,8.5,6.2885,1396.9631147540983
2,47,01/01/1406,00:00:00,37.25,-1.8667,0.0,VII-VIII,,1.0,Vera.AL,01/01/140600:00:00-1.866737.25,7.5,5.7435,1406.0
3,69,24/04/1431,14:00:00,37.1333,-3.6333,0.0,VIII-IX,,1.0,S. Granada,24/04/143114:00:00-3.633337.1333,8.5,6.2885,1431.311187214612
4,81,10/10/1482,00:00:00,38.0833,-0.9167,0.0,VIII,,1.0,Orihuela.A,10/10/148200:00:00-0.916738.0833,8.0,6.016,1482.772602739726
5,84,01/11/1487,00:00:00,36.8333,-2.4667,0.0,VIII,,1.0,Almería,01/11/148700:00:00-2.466736.8333,8.0,6.016,1487.8328767123287
6,94,21/11/1517,12:30:00,38.9833,-0.5167,0.0,IV-V,,1.0,Xàtiva.V,21/11/151712:30:00-0.516738.9833,4.5,4.1085,1517.889098173516
7,95,22/11/1517,07:00:00,38.9833,-0.5167,0.0,V-VI,,1.0,Xàtiva.V,22/11/151707:00:00-0.516738.9833,5.5,4.6535,1517.891210045662
8,96,09/11/1518,23:30:00,37.2333,-1.8667,0.0,VIII-IX,,1.0,Vera.AL,09/11/151823:30:00-1.866737.2333,8.5,6.2885,1518.8574771689498
9,98,22/09/1522,10:00:00,36.9667,-2.6667,0.0,VIII-IX,,1.0,W.Alhama de Almería.AL,22/09/152210:00:00-2.666736.9667,8.5,6.2885,1522.7244292237442
12,103,04/07/1526,23:00:00,37.1833,-3.5667,0.0,VII,,1.0,Granada,04/07/152623:00:00-3.566737.1833,7.0,5.471,1526.5067351598173
13,105,13/04/1529,07:00:00,36.8333,-2.4667,0.0,VI,,1.0,Almería,13/04/152907:00:00-2.466736.8333,6.0,4.926,1529.2802511415525
14,108,30/09/1531,04:00:00,37.5333,-2.7333,0.0,VIII-IX,,1.0,Baza.GR,30/09/153104:00:00-2.733337.5333,8.5,6.2885,1531.7456621004567
15,111,29/08/1547,20:00:00,38.75,-0.4333,0.0,VII-VIII,,1.0,Concentaina.A,29/08/154720:00:00-0.433338.75,7.5,5.7435,1547.6598173515981
16,112,19/04/1550,00:00:00,36.8333,-2.4667,0.0,VI,,1.0,Almería,19/04/155000:00:00-2.466736.8333,6.0,4.926,1550.295890410959
18,115,29/01/1568,16:00:00,38.7,-0.4667,0.0,IV-V,,1.0,Alcoy.A,29/01/156816:00:00-0.466738.7,4.5,4.1085,1568.0783242258651
19,120,30/01/1579,00:00:00,37.6833,-1.7,0.0,VII,,1.0,Lorca.MU,30/01/157900:00:00-1.737.6833,7.0,5.471,1579.0794520547945
20,127,01/01/1596,00:00:00,37.4167,-1.5833,0.0,VI,,1.0,Aguilas.MU,01/01/159600:00:00-1.583337.4167,6.0,4.926,1596.0
21,129,26/12/1598,03:00:00,38.9167,-0.1167,0.0,VII-VIII,,1.0,Oliva.V,26/12/159803:00:00-0.116738.9167,7.5,5.7435,1598.983904109589
23,135,05/10/1614,00:00:00,37.1833,-3.5667,0.0,V-VI,,1.0,Granada,05/10/161400:00:00-3.566737.1833,5.5,4.6535,1614.7589041095891
27,140,02/12/1620,19:00:00,38.67,-0.48,0.0,VIII-IX,,1.0,S Alcoy/Alcoi.A,02/12/162019:00:00-0.4838.67,8.5,6.2885,1620.9201958105646
28,141,14/12/1620,04:30:00,38.7,-0.4667,0.0,V,,1.0,Alcoy.A,14/12/162004:30:00-0.466738.7,5.0,4.381,1620.951331967213
35,152,09/06/1635,23:00:00,37.1833,-3.5667,0.0,V,,1.0,Granada,09/06/163523:00:00-3.566737.1833,5.0,4.381,1635.4382420091324
36,153,17/08/1636,01:30:00,37.1833,-3.5667,0.0,V,,1.0,Granada,17/08/163601:30:00-3.566737.1833,5.0,4.381,1636.6258538251366
37,155,04/01/1639,15:00:00,39.4667,-0.3667,0.0,III,,1.0,Valencia,04/01/163915:00:00-0.366739.4667,3.0,3.2910000000000004,1639.0099315068494
38,156,04/01/1639,19:00:00,39.4667,-0.3667,0.0,III,,1.0,Valencia,04/01/163919:00:00-0.366739.4667,3.0,3.2910000000000004,1639.010388127854
39,157,05/01/1639,01:30:00,39.4667,-0.3667,0.0,V,,1.0,Valencia,05/01/163901:30:00-0.366739.4667,5.0,4.381,1639.0111301369864
40,158,05/01/1639,03:00:00,39.4667,-0.3667,0.0,III,,1.0,Valencia,05/01/163903:00:00-0.366739.4667,3.0,3.2910000000000004,1639.011301369863
41,159,05/01/1639,05:00:00,39.4667,-0.3667,0.0,III,,1.0,Valencia,05/01/163905:00:00-0.366739.4667,3.0,3.2910000000000004,1639.0115296803654
42,160,27/02/1640,20:30:00,37.1833,-3.5667,0.0,V,,1.0,Granada,27/02/164020:30:00-3.566737.1833,5.0,4.381,1640.1580714936247
43,161,06/10/1640,22:00:00,37.1833,-3.5667,0.0,V,,1.0,Granada,06/10/164022:00:00-3.566737.1833,5.0,4.381,1640.7647996357014
44,162,07/10/1640,00:00:00,37.1833,-3.5667,0.0,IV,,1.0,Granada,07/10/164000:00:00-3.566737.1833,4.0,3.8360000000000003,1640.7650273224044
45,163,15/06/1644,23:00:00,38.85,-0.22,0.0,VII,,1.0,N Vall de Gallinera.A,15/06/164423:00:00-0.2238.85,7.0,5.471,1644.456170309654
46,164,16/06/1644,03:00:00,38.8,-0.4167,0.0,V,,1.0,Muro de Alcoy.A,16/06/164403:00:00-0.416738.8,5.0,4.381,1644.45662568306
47,165,19/06/1644,16:00:00,38.82,-0.45,0.0,VII,,1.0,SE Carrola.V,19/06/164416:00:00-0.4538.82,7.0,5.471,1644.4663023679418
48,166,26/06/1644,19:30:00,38.82,-0.3,0.0,VIII-IX,,1.0,SE Lorcha/L Orxa.A,26/06/164419:30:00-0.338.82,8.5,6.2885,1644.4858265027322
49,169,31/12/1658,00:00:00,36.8333,-2.4667,0.0,V,,1.0,Almería,31/12/165800:00:00-2.466736.8333,5.0,4.381,1658.9972602739726
50,170,31/12/1658,07:00:00,36.8333,-2.4667,0.0,VIII,,1.0,Almería,31/12/165807:00:00-2.466736.8333,8.0,6.016,1658.9980593607306
51,171,19/01/1659,02:00:00,36.8333,-2.4667,0.0,V,,1.0,Almería,19/01/165902:00:00-2.466736.8333,5.0,4.381,1659.0495433789954
52,181,15/01/1673,00:00:00,38.0833,-0.9167,0.0,VIII,,1.0,Orihuela.A,15/01/167300:00:00-0.916738.0833,8.0,6.016,1673.0383561643835
53,183,10/08/1674,00:00:00,37.6833,-1.7,0.0,V-VI,,1.0,Lorca.MU,10/08/167400:00:00-1.737.6833,5.5,4.6535,1674.6054794520549
54,184,28/08/1674,21:30:00,37.6833,-1.7,0.0,VIII,,1.0,Lorca.MU,28/08/167421:30:00-1.737.6833,8.0,6.016,1674.6572488584475
58,199,01/01/1686,00:00:00,36.85,-2.95,0.0,VI-VII,,1.0,Berja.AL,01/01/168600:00:00-2.9536.85,6.5,5.1985,1686.0
59,203,29/05/1694,00:00:00,38.3333,-0.5,0.0,V-VI,,1.0,Alicante,29/05/169400:00:00-0.538.3333,5.5,4.6535,1694.4054794520548
60,211,13/12/1705,16:30:00,39.4667,-0.3667,0.0,III,,1.0,Valencia,13/12/170516:30:00-0.366739.4667,3.0,3.2910000000000004,1705.9498287671233
61,214,29/11/1709,01:00:00,39.4667,-0.3667,0.0,V-VI,,1.0,Valencia,29/11/170901:00:00-0.366739.4667,5.5,4.6535,1709.909703196347
62,215,05/09/1711,08:00:00,39.4667,-0.3667,0.0,IV-V,,1.0,Valencia,05/09/171108:00:00-0.366739.4667,4.5,4.1085,1711.6776255707762
64,217,27/02/1712,05:45:00,37.8,-3.8,0.0,VI,,1.0,Jaén,27/02/171205:45:00-3.837.8,6.0,4.926,1712.1563923041895
67,222,03/10/1713,00:00:00,37.6833,-1.7,0.0,IV-V,,1.0,Lorca.MU,03/10/171300:00:00-1.737.6833,4.5,4.1085,1713.7534246575342
71,239,13/09/1724,13:00:00,38.9667,-0.1833,0.0,VI-VII,,1.0,Gandía.V,13/09/172413:00:00-0.183338.9667,6.5,5.1985,1724.7009335154828
79,255,09/03/1743,16:00:00,38.0,-1.1333,0.0,VII,,1.0,Murcia,09/03/174316:00:00-1.133338.0,7.0,5.471,1743.185388127854
80,256,15/08/1746,09:00:00,38.0,-1.1333,0.0,VI-VII,,1.0,Murcia,15/08/174609:00:00-1.133338.0,6.5,5.1985,1746.6202054794521
81,257,23/03/1748,06:30:00,39.0333,-0.6333,0.0,IX,,1.0,Estubeny.V,23/03/174806:30:00-0.633339.0333,9.0,6.561,1748.2247836976321
84,260,02/04/1748,21:30:00,39.0333,-0.6333,0.0,VII-VIII,,1.0,Estubeny.V,02/04/174821:30:00-0.633339.0333,7.5,5.7435,1748.2538137522768
85,261,03/04/1748,03:30:00,39.0333,-0.6333,0.0,IV-V,,1.0,Estubeny.V,03/04/174803:30:00-0.633339.0333,4.5,4.1085,1748.2544968123862
89,265,05/05/1748,15:45:00,39.0333,-0.6333,0.0,IV-V,,1.0,Estubeny.V,05/05/174815:45:00-0.633339.0333,4.5,4.1085,1748.3433230874316
92,275,04/03/1751,00:00:00,37.65,-2.0667,0.0,VI-VII,,1.0,Velez Rubio.AL,04/03/175100:00:00-2.066737.65,6.5,5.1985,1751.1698630136987
97,288,22/10/1755,19:00:00,39.4,-3.1167,0.0,IV,,1.0,Campo de Criptana.CR,22/10/175519:00:00-3.116739.4,4.0,3.8360000000000003,1755.8076484018266
98,290,28/10/1755,03:30:00,38.05,-1.4833,0.0,III-IV,,1.0,Mula.MU,28/10/175503:30:00-1.483338.05,3.5,3.5635000000000003,1755.8223173515983
99,327,08/01/1756,00:00:00,37.3833,-1.95,0.0,IV-V,,1.0,Huercal-Overa.AL,08/01/175600:00:00-1.9537.3833,4.5,4.1085,1756.01912568306
101,349,13/05/1756,06:00:00,37.9833,-1.1333,0.0,V,,1.0,Murcia,13/05/175606:00:00-1.133337.9833,5.0,4.381,1756.3640710382513
102,383,10/01/1760,20:15:00,38.3333,-0.5,0.0,V,,1.0,Alicante,10/01/176020:15:00-0.538.3333,5.0,4.381,1760.0268954918033
103,415,29/07/1762,14:00:00,37.9833,-1.1333,0.0,IV,,1.0,Murcia,29/07/176214:00:00-1.133337.9833,4.0,3.8360000000000003,1762.574200913242
104,425,03/12/1765,04:30:00,37.9833,-1.1333,0.0,IV,,1.0,Murcia,03/12/176504:30:00-1.133337.9833,4.0,3.8360000000000003,1765.9210616438356
105,450,15/11/1775,00:00:00,39.4667,-0.3833,0.0,IV-V,,1.0,Valencia,15/11/177500:00:00-0.383339.4667,4.5,4.1085,1775.8712328767124
115,471,07/11/1778,20:30:00,37.3,-3.1333,0.0,IV,,1.0,Guadix.GR,07/11/177820:30:00-3.133337.3,4.0,3.8360000000000003,1778.8516552511417
116,472,13/11/1778,08:40:00,37.2,-3.6,0.0,VI,,1.0,Granada,13/11/177808:40:00-3.637.2,6.0,4.926,1778.8667427701673
117,473,13/11/1778,09:00:00,37.2,-3.6,0.0,IV-V,,1.0,Granada,13/11/177809:00:00-3.637.2,4.5,4.1085,1778.8667808219177
129,485,18/11/1778,15:30:00,37.2,-3.6,0.0,IV-V,,1.0,Granada,18/11/177815:30:00-3.637.2,4.5,4.1085,1778.8812214611871
133,489,28/04/1779,07:36:00,37.2,-3.6,0.0,IV-V,,1.0,Granada,28/04/177907:36:00-3.637.2,4.5,4.1085,1779.3214155251142
134,492,02/02/1780,04:15:00,37.9833,-1.1333,0.0,IV,,1.0,Murcia,02/02/178004:15:00-1.133337.9833,4.0,3.8360000000000003,1780.0879155282332
135,499,29/03/1783,18:30:00,37.6833,-1.7,0.0,V-VI,,1.0,Lorca.MU,29/03/178318:30:00-1.737.6833,5.5,4.6535,1783.2404680365296
136,507,05/05/1785,23:30:00,37.2,-3.6,0.0,IV-V,,1.0,Granada,05/05/178523:30:00-3.637.2,4.5,4.1085,1785.342408675799
139,516,17/08/1787,19:00:00,38.2667,-0.7,0.0,V-VI,,1.0,Elche.A,17/08/178719:00:00-0.738.2667,5.5,4.6535,1787.6268264840182
142,608,16/09/1792,10:45:00,37.6833,-1.7,0.0,IV-V,,1.0,Lorca.MU,16/09/179210:45:00-1.737.6833,4.5,4.1085,1792.7088740892532
143,616,26/09/1793,02:30:00,38.7,-0.4667,0.0,V,,1.0,Alcoy.A,26/09/179302:30:00-0.466738.7,5.0,4.381,1793.7345319634703
145,643,20/06/1801,00:05:00,37.2167,-3.6833,0.0,V-VI,,1.0,Atarfe.GR,20/06/180100:05:00-3.683337.2167,5.5,4.6535,1801.4657629375952
147,646,18/01/1802,20:00:00,37.9833,-0.6833,0.0,VI-VII,,1.0,Torrevieja.A,18/01/180220:00:00-0.683337.9833,6.5,5.1985,1802.0488584474886
150,657,11/03/1803,21:15:00,36.8333,-2.4667,0.0,IV-V,,1.0,Almería,11/03/180321:15:00-2.466736.8333,4.5,4.1085,1803.191466894977
151,658,18/09/1803,22:15:00,38.95,-0.45,0.0,III,,1.0,Benigámin.V,18/09/180322:15:00-0.4538.95,3.0,3.2910000000000004,1803.7148687214612
152,659,18/09/1803,22:45:00,38.95,-0.45,0.0,III-IV,,1.0,Benigámin.V,18/09/180322:45:00-0.4538.95,3.5,3.5635000000000003,1803.7149257990868
153,660,18/09/1803,22:50:00,38.95,-0.45,0.0,V,,1.0,Benigámin.V,18/09/180322:50:00-0.4538.95,5.0,4.381,1803.7149353120244
155,664,13/01/1804,17:53:00,36.7,-3.1,0.0,VII-VIII,,1.0,SW ADRA.AL,13/01/180417:53:00-3.136.7,7.5,5.7435,1804.0348227838494
156,665,13/01/1804,21:03:00,36.7,-3.1,0.0,VI,,1.0,SW ADRA.AL,13/01/180421:03:00-3.136.7,6.0,4.926,1804.035183287796
168,677,21/01/1804,04:53:00,36.7,-3.1,0.0,VII,,1.0,SW ADRA.AL,21/01/180404:53:00-3.136.7,7.0,5.471,1804.0552007437766
169,678,06/02/1804,01:00:00,36.7,-3.1,0.0,IV,,1.0,SW ADRA.AL,06/02/180401:00:00-3.136.7,4.0,3.8360000000000003,1804.0984744990892
170,680,17/02/1804,16:30:00,36.7,-3.1,0.0,IV,,1.0,SW ADRA.AL,17/02/180416:30:00-3.136.7,4.0,3.8360000000000003,1804.130293715847
171,683,23/08/1804,15:45:00,36.7667,-2.8333,0.0,VI,,1.0,Dalías.AL,23/08/180415:45:00-2.833336.7667,6.0,4.926,1804.6438695355191
172,684,24/08/1804,03:15:00,36.7667,-2.8333,0.0,V,,1.0,Dalías.AL,24/08/180403:15:00-2.833336.7667,5.0,4.381,1804.645178734062
173,685,25/08/1804,08:25:00,36.7667,-2.8333,0.0,VIII-IX,,1.0,Dalías.AL,25/08/180408:25:00-2.833336.7667,8.5,6.2885,1804.6484991651487
174,686,25/08/1804,14:30:00,36.7667,-2.8333,0.0,V,,1.0,Dalías.AL,25/08/180414:30:00-2.833336.7667,5.0,4.381,1804.649191712204
175,687,25/08/1804,16:45:00,36.7667,-2.8333,0.0,VI,,1.0,Dalías.AL,25/08/180416:45:00-2.833336.7667,6.0,4.926,1804.649447859745
176,688,25/08/1804,18:30:00,36.7667,-2.8333,0.0,VII,,1.0,Dalías.AL,25/08/180418:30:00-2.833336.7667,7.0,5.471,1804.6496470856102
177,689,25/08/1804,20:00:00,36.7667,-2.8333,0.0,V,,1.0,Dalías.AL,25/08/180420:00:00-2.833336.7667,5.0,4.381,1804.6498178506374
179,691,27/08/1804,06:45:00,36.7667,-2.8333,0.0,V,,1.0,Dalías.AL,27/08/180406:45:00-2.833336.7667,5.0,4.381,1804.6537739071039
180,692,27/08/1804,12:30:00,36.7667,-2.8333,0.0,V,,1.0,Dalías.AL,27/08/180412:30:00-2.833336.7667,5.0,4.381,1804.6544285063753
181,693,27/08/1804,15:00:00,36.7667,-2.8333,0.0,V,,1.0,Dalías.AL,27/08/180415:00:00-2.833336.7667,5.0,4.381,1804.654713114754
182,694,27/08/1804,17:00:00,36.7667,-2.8333,0.0,V,,1.0,Dalías.AL,27/08/180417:00:00-2.833336.7667,5.0,4.381,1804.654940801457
184,696,28/08/1804,16:20:00,36.7667,-2.8333,0.0,V,,1.0,Dalías.AL,28/08/180416:20:00-2.833336.7667,5.0,4.381,1804.6575971463267
185,697,28/08/1804,16:50:00,36.7667,-2.8333,0.0,VI,,1.0,Dalías.AL,28/08/180416:50:00-2.833336.7667,6.0,4.926,1804.6576540680023
186,698,29/08/1804,04:45:00,36.7667,-2.8333,0.0,V,,1.0,Dalías.AL,29/08/180404:45:00-2.833336.7667,5.0,4.381,1804.659010701275
187,699,29/08/1804,07:30:00,36.7667,-2.8333,0.0,VI,,1.0,Dalías.AL,29/08/180407:30:00-2.833336.7667,6.0,4.926,1804.6593237704917
188,700,29/08/1804,12:05:00,36.7667,-2.8333,0.0,VII,,1.0,Dalías.AL,29/08/180412:05:00-2.833336.7667,7.0,5.471,1804.6598455525198
189,701,29/08/1804,17:20:00,36.7667,-2.8333,0.0,V,,1.0,Dalías.AL,29/08/180417:20:00-2.833336.7667,5.0,4.381,1804.6604432301153
190,702,30/08/1804,05:45:00,36.7667,-2.8333,0.0,IV,,1.0,Dalías.AL,30/08/180405:45:00-2.833336.7667,4.0,3.8360000000000003,1804.6618567850637
191,703,30/08/1804,18:45:00,36.7667,-2.8333,0.0,IV,,1.0,Dalías.AL,30/08/180418:45:00-2.833336.7667,4.0,3.8360000000000003,1804.6633367486338
192,704,31/08/1804,09:45:00,36.7667,-2.8333,0.0,V,,1.0,Dalías.AL,31/08/180409:45:00-2.833336.7667,5.0,4.381,1804.6650443989072
193,705,31/08/1804,11:00:00,36.7667,-2.8333,0.0,IV,,1.0,Dalías.AL,31/08/180411:00:00-2.833336.7667,4.0,3.8360000000000003,1804.6651867030967
194,706,31/08/1804,13:00:00,36.7667,-2.8333,0.0,IV,,1.0,Dalías.AL,31/08/180413:00:00-2.833336.7667,4.0,3.8360000000000003,1804.6654143897997
195,707,01/09/1804,00:30:00,36.7667,-2.8333,0.0,V-VI,,1.0,Dalías.AL,01/09/180400:30:00-2.833336.7667,5.5,4.6535,1804.6667235883424
197,709,03/09/1804,03:00:00,36.7667,-2.8333,0.0,IV,,1.0,Dalías.AL,03/09/180403:00:00-2.833336.7667,4.0,3.8360000000000003,1804.6724726775956
198,710,03/09/1804,05:30:00,36.7667,-2.8333,0.0,V,,1.0,Dalías.AL,03/09/180405:30:00-2.833336.7667,5.0,4.381,1804.6727572859745
199,711,03/09/1804,09:45:00,36.7667,-2.8333,0.0,V-VI,,1.0,Dalías.AL,03/09/180409:45:00-2.833336.7667,5.5,4.6535,1804.6732411202186
200,712,04/09/1804,10:00:00,36.7667,-2.8333,0.0,III,,1.0,Dalías.AL,04/09/180410:00:00-2.833336.7667,3.0,3.2910000000000004,1804.6760018214936
202,714,05/09/1804,11:45:00,36.7667,-2.8333,0.0,III,,1.0,Dalías.AL,05/09/180411:45:00-2.833336.7667,3.0,3.2910000000000004,1804.678933287796
203,715,05/09/1804,22:00:00,36.7667,-2.8333,0.0,III,,1.0,Dalías.AL,05/09/180422:00:00-2.833336.7667,3.0,3.2910000000000004,1804.6801001821493
205,717,07/09/1804,12:30:00,36.7667,-2.8333,0.0,III,,1.0,Dalías.AL,07/09/180412:30:00-2.833336.7667,3.0,3.2910000000000004,1804.684483151184
207,719,09/09/1804,05:30:00,36.7667,-2.8333,0.0,VI,,1.0,Dalías.AL,09/09/180405:30:00-2.833336.7667,6.0,4.926,1804.6891507285975
211,723,13/09/1804,04:30:00,36.7667,-2.8333,0.0,III,,1.0,Dalías.AL,13/09/180404:30:00-2.833336.7667,3.0,3.2910000000000004,1804.6999658469945
212,724,13/09/1804,05:00:00,36.7667,-2.8333,0.0,IV,,1.0,Dalías.AL,13/09/180405:00:00-2.833336.7667,4.0,3.8360000000000003,1804.7000227686704
213,725,13/09/1804,22:00:00,36.7667,-2.8333,0.0,V,,1.0,Dalías.AL,13/09/180422:00:00-2.833336.7667,5.0,4.381,1804.7019581056466
214,726,15/09/1804,01:30:00,36.7667,-2.8333,0.0,V,,1.0,Dalías.AL,15/09/180401:30:00-2.833336.7667,5.0,4.381,1804.7050887978141
216,728,16/09/1804,21:00:00,37.2167,-3.6833,0.0,V,,1.0,Atarfe.GR,16/09/180421:00:00-3.683337.2167,5.0,4.381,1804.7100409836066
217,729,17/09/1804,14:30:00,36.7667,-2.8333,0.0,V,,1.0,Dalías.AL,17/09/180414:30:00-2.833336.7667,5.0,4.381,1804.7120332422587
218,730,23/09/1804,03:45:00,36.7667,-2.8333,0.0,V-VI,,1.0,Dalías.AL,23/09/180403:45:00-2.833336.7667,5.5,4.6535,1804.7272028688524
219,731,23/09/1804,04:00:00,36.7667,-2.8333,0.0,IV-V,,1.0,Dalías.AL,23/09/180404:00:00-2.833336.7667,4.5,4.1085,1804.7272313296903
221,733,30/09/1804,04:30:00,36.7667,-2.8333,0.0,V-VI,,1.0,Dalías.AL,30/09/180404:30:00-2.833336.7667,5.5,4.6535,1804.7464139344263
222,734,11/12/1804,00:00:00,36.7667,-2.8333,0.0,V,,1.0,Dalías.AL,11/12/180400:00:00-2.833336.7667,5.0,4.381,1804.9426229508197
224,738,27/10/1806,12:30:00,37.2333,-3.7333,0.0,VIII,,1.0,Pinos Puente.GR,27/10/180612:30:00-3.733337.2333,8.0,6.016,1806.8206050228312
226,740,29/10/1806,18:30:00,37.2333,-3.7333,0.0,V-VI,,1.0,Pinos Puente.GR,29/10/180618:30:00-3.733337.2333,5.5,4.6535,1806.8267694063927
227,741,30/10/1806,00:00:00,37.2333,-3.7333,0.0,V,,1.0,Pinos Puente.GR,30/10/180600:00:00-3.733337.2333,5.0,4.381,1806.827397260274
239,753,11/11/1806,11:15:00,37.2333,-3.7333,0.0,VI,,1.0,Pinos Puente.GR,11/11/180611:15:00-3.733337.2333,6.0,4.926,1806.861558219178
242,756,14/11/1806,00:00:00,37.2333,-3.7333,0.0,V,,1.0,Pinos Puente.GR,14/11/180600:00:00-3.733337.2333,5.0,4.381,1806.868493150685
243,757,15/11/1806,00:00:00,37.2333,-3.7333,0.0,III-IV,,1.0,Pinos Puente.GR,15/11/180600:00:00-3.733337.2333,3.5,3.5635000000000003,1806.8712328767124
244,758,16/11/1806,00:00:00,37.2333,-3.7333,0.0,III-IV,,1.0,Pinos Puente.GR,16/11/180600:00:00-3.733337.2333,3.5,3.5635000000000003,1806.8739726027397
245,759,17/11/1806,00:00:00,37.2333,-3.7333,0.0,V,,1.0,Pinos Puente.GR,17/11/180600:00:00-3.733337.2333,5.0,4.381,1806.876712328767
246,760,18/11/1806,00:30:00,37.2333,-3.7333,0.0,IV-V,,1.0,Pinos Puente.GR,18/11/180600:30:00-3.733337.2333,4.5,4.1085,1806.87950913242
247,761,18/11/1806,10:00:00,37.2333,-3.7333,0.0,III-IV,,1.0,Pinos Puente.GR,18/11/180610:00:00-3.733337.2333,3.5,3.5635000000000003,1806.8805936073059
248,762,21/11/1806,00:00:00,37.2333,-3.7333,0.0,IV-V,,1.0,Pinos Puente.GR,21/11/180600:00:00-3.733337.2333,4.5,4.1085,1806.8876712328768
249,763,22/11/1806,00:00:00,37.2333,-3.7333,0.0,IV,,1.0,Pinos Puente.GR,22/11/180600:00:00-3.733337.2333,4.0,3.8360000000000003,1806.890410958904
250,764,23/11/1806,00:00:00,37.2333,-3.7333,0.0,III,,1.0,Pinos Puente.GR,23/11/180600:00:00-3.733337.2333,3.0,3.2910000000000004,1806.8931506849315
252,766,25/11/1806,00:00:00,37.2333,-3.7333,0.0,IV,,1.0,Pinos Puente.GR,25/11/180600:00:00-3.733337.2333,4.0,3.8360000000000003,1806.8986301369864
253,767,26/11/1806,16:24:00,37.2333,-3.7333,0.0,V,,1.0,Pinos Puente.GR,26/11/180616:24:00-3.733337.2333,5.0,4.381,1806.9032420091323
254,768,27/11/1806,04:00:00,37.2333,-3.7333,0.0,IV-V,,1.0,Pinos Puente.GR,27/11/180604:00:00-3.733337.2333,4.5,4.1085,1806.9045662100457
255,769,28/11/1806,00:00:00,37.2333,-3.7333,0.0,III,,1.0,Pinos Puente.GR,28/11/180600:00:00-3.733337.2333,3.0,3.2910000000000004,1806.9068493150685
256,770,29/11/1806,00:00:00,37.2333,-3.7333,0.0,III,,1.0,Pinos Puente.GR,29/11/180600:00:00-3.733337.2333,3.0,3.2910000000000004,1806.9095890410958
258,772,01/12/1806,00:00:00,37.2333,-3.7333,0.0,III,,1.0,Pinos Puente.GR,01/12/180600:00:00-3.733337.2333,3.0,3.2910000000000004,1806.9150684931508
259,773,02/12/1806,00:00:00,37.2333,-3.7333,0.0,V,,1.0,Pinos Puente.GR,02/12/180600:00:00-3.733337.2333,5.0,4.381,1806.9178082191781
260,774,03/12/1806,00:00:00,37.2333,-3.7333,0.0,IV,,1.0,Pinos Puente.GR,03/12/180600:00:00-3.733337.2333,4.0,3.8360000000000003,1806.9205479452055
261,775,04/12/1806,00:00:00,37.2333,-3.7333,0.0,III,,1.0,Pinos Puente.GR,04/12/180600:00:00-3.733337.2333,3.0,3.2910000000000004,1806.9232876712329
263,777,06/12/1806,00:00:00,37.2333,-3.7333,0.0,IV,,1.0,Pinos Puente.GR,06/12/180600:00:00-3.733337.2333,4.0,3.8360000000000003,1806.9287671232876
264,778,07/12/1806,00:00:00,37.2333,-3.7333,0.0,III,,1.0,Pinos Puente.GR,07/12/180600:00:00-3.733337.2333,3.0,3.2910000000000004,1806.9315068493152
265,779,08/12/1806,00:00:00,37.2333,-3.7333,0.0,III,,1.0,Pinos Puente.GR,08/12/180600:00:00-3.733337.2333,3.0,3.2910000000000004,1806.9342465753425
266,780,09/12/1806,00:00:00,37.2333,-3.7333,0.0,IV,,1.0,Pinos Puente.GR,09/12/180600:00:00-3.733337.2333,4.0,3.8360000000000003,1806.9369863013699
267,781,10/12/1806,00:00:00,37.2333,-3.7333,0.0,III,,1.0,Pinos Puente.GR,10/12/180600:00:00-3.733337.2333,3.0,3.2910000000000004,1806.9397260273972
268,782,11/12/1806,00:00:00,37.2333,-3.7333,0.0,IV-V,,1.0,Pinos Puente.GR,11/12/180600:00:00-3.733337.2333,4.5,4.1085,1806.9424657534246
269,783,12/12/1806,00:00:00,37.2333,-3.7333,0.0,IV,,1.0,Pinos Puente.GR,12/12/180600:00:00-3.733337.2333,4.0,3.8360000000000003,1806.945205479452
270,784,14/12/1806,00:00:00,37.2333,-3.7333,0.0,III,,1.0,Pinos Puente.GR,14/12/180600:00:00-3.733337.2333,3.0,3.2910000000000004,1806.9506849315069
271,785,15/12/1806,00:00:00,37.2333,-3.7333,0.0,IV,,1.0,Pinos Puente.GR,15/12/180600:00:00-3.733337.2333,4.0,3.8360000000000003,1806.9534246575342
272,786,16/12/1806,00:00:00,37.2333,-3.7333,0.0,IV,,1.0,Pinos Puente.GR,16/12/180600:00:00-3.733337.2333,4.0,3.8360000000000003,1806.9561643835616
273,787,17/12/1806,00:00:00,37.2333,-3.7333,0.0,IV,,1.0,Pinos Puente.GR,17/12/180600:00:00-3.733337.2333,4.0,3.8360000000000003,1806.958904109589
274,788,19/12/1806,00:00:00,37.2333,-3.7333,0.0,V,,1.0,Pinos Puente.GR,19/12/180600:00:00-3.733337.2333,5.0,4.381,1806.964383561644
275,789,20/12/1806,00:00:00,37.2333,-3.7333,0.0,III,,1.0,Pinos Puente.GR,20/12/180600:00:00-3.733337.2333,3.0,3.2910000000000004,1806.9671232876713
276,790,21/12/1806,00:00:00,37.2333,-3.7333,0.0,III,,1.0,Pinos Puente.GR,21/12/180600:00:00-3.733337.2333,3.0,3.2910000000000004,1806.9698630136986
277,791,22/12/1806,00:00:00,37.2333,-3.7333,0.0,IV,,1.0,Pinos Puente.GR,22/12/180600:00:00-3.733337.2333,4.0,3.8360000000000003,1806.972602739726
278,792,23/12/1806,00:00:00,37.2333,-3.7333,0.0,III,,1.0,Pinos Puente.GR,23/12/180600:00:00-3.733337.2333,3.0,3.2910000000000004,1806.9753424657533
279,793,24/12/1806,00:00:00,37.2333,-3.7333,0.0,III,,1.0,Pinos Puente.GR,24/12/180600:00:00-3.733337.2333,3.0,3.2910000000000004,1806.978082191781
280,794,25/12/1806,00:00:00,37.2333,-3.7333,0.0,III,,1.0,Pinos Puente.GR,25/12/180600:00:00-3.733337.2333,3.0,3.2910000000000004,1806.9808219178083
282,796,27/12/1806,00:00:00,37.2333,-3.7333,0.0,III,,1.0,Pinos Puente.GR,27/12/180600:00:00-3.733337.2333,3.0,3.2910000000000004,1806.986301369863
283,797,29/12/1806,00:00:00,37.2333,-3.7333,0.0,III,,1.0,Pinos Puente.GR,29/12/180600:00:00-3.733337.2333,3.0,3.2910000000000004,1806.9917808219177
284,798,30/12/1806,00:00:00,37.2333,-3.7333,0.0,IV,,1.0,Pinos Puente.GR,30/12/180600:00:00-3.733337.2333,4.0,3.8360000000000003,1806.9945205479453
285,799,31/12/1806,00:00:00,37.2333,-3.7333,0.0,III,,1.0,Pinos Puente.GR,31/12/180600:00:00-3.733337.2333,3.0,3.2910000000000004,1806.9972602739726
286,800,02/01/1807,00:00:00,37.2333,-3.7333,0.0,III,,1.0,Pinos Puente.GR,02/01/180700:00:00-3.733337.2333,3.0,3.2910000000000004,1807.0027397260274
287,801,03/01/1807,00:00:00,37.2333,-3.7333,0.0,III,,1.0,Pinos Puente.GR,03/01/180700:00:00-3.733337.2333,3.0,3.2910000000000004,1807.0054794520547
288,802,04/01/1807,00:00:00,37.2333,-3.7333,0.0,IV,,1.0,Pinos Puente.GR,04/01/180700:00:00-3.733337.2333,4.0,3.8360000000000003,1807.0082191780823
289,803,06/01/1807,00:00:00,37.2333,-3.7333,0.0,III,,1.0,Pinos Puente.GR,06/01/180700:00:00-3.733337.2333,3.0,3.2910000000000004,1807.013698630137
290,804,07/01/1807,00:00:00,37.2333,-3.7333,0.0,III,,1.0,Pinos Puente.GR,07/01/180700:00:00-3.733337.2333,3.0,3.2910000000000004,1807.0164383561644
292,806,09/01/1807,00:00:00,37.2333,-3.7333,0.0,IV,,1.0,Pinos Puente.GR,09/01/180700:00:00-3.733337.2333,4.0,3.8360000000000003,1807.021917808219
293,807,10/01/1807,00:00:00,37.2333,-3.7333,0.0,IV-V,,1.0,Pinos Puente.GR,10/01/180700:00:00-3.733337.2333,4.5,4.1085,1807.0246575342467
294,808,11/01/1807,00:00:00,37.2333,-3.7333,0.0,IV,,1.0,Pinos Puente.GR,11/01/180700:00:00-3.733337.2333,4.0,3.8360000000000003,1807.027397260274
296,810,13/01/1807,00:00:00,37.2333,-3.7333,0.0,V,,1.0,Pinos Puente.GR,13/01/180700:00:00-3.733337.2333,5.0,4.381,1807.0328767123287
297,811,14/01/1807,00:00:00,37.2333,-3.7333,0.0,III,,1.0,Pinos Puente.GR,14/01/180700:00:00-3.733337.2333,3.0,3.2910000000000004,1807.035616438356
299,815,17/01/1807,00:00:00,37.2333,-3.7333,0.0,IV,,1.0,Pinos Puente.GR,17/01/180700:00:00-3.733337.2333,4.0,3.8360000000000003,1807.0438356164384
301,817,20/01/1807,00:00:00,37.2333,-3.7333,0.0,IV,,1.0,Pinos Puente.GR,20/01/180700:00:00-3.733337.2333,4.0,3.8360000000000003,1807.0520547945205
302,818,21/01/1807,00:00:00,37.2333,-3.7333,0.0,III-IV,,1.0,Pinos Puente.GR,21/01/180700:00:00-3.733337.2333,3.5,3.5635000000000003,1807.054794520548
303,819,22/01/1807,00:00:00,37.2333,-3.7333,0.0,IV,,1.0,Pinos Puente.GR,22/01/180700:00:00-3.733337.2333,4.0,3.8360000000000003,1807.0575342465754
304,820,23/01/1807,00:00:00,37.2333,-3.7333,0.0,III,,1.0,Pinos Puente.GR,23/01/180700:00:00-3.733337.2333,3.0,3.2910000000000004,1807.0602739726028
305,821,25/01/1807,00:00:00,37.2333,-3.7333,0.0,IV,,1.0,Pinos Puente.GR,25/01/180700:00:00-3.733337.2333,4.0,3.8360000000000003,1807.0657534246575
306,822,26/01/1807,00:00:00,37.2333,-3.7333,0.0,III,,1.0,Pinos Puente.GR,26/01/180700:00:00-3.733337.2333,3.0,3.2910000000000004,1807.0684931506848
307,823,28/01/1807,00:00:00,37.2333,-3.7333,0.0,IV,,1.0,Pinos Puente.GR,28/01/180700:00:00-3.733337.2333,4.0,3.8360000000000003,1807.0739726027398
308,824,29/01/1807,00:00:00,37.2333,-3.7333,0.0,III,,1.0,Pinos Puente.GR,29/01/180700:00:00-3.733337.2333,3.0,3.2910000000000004,1807.0767123287671
309,825,31/01/1807,00:00:00,37.2333,-3.7333,0.0,III,,1.0,Pinos Puente.GR,31/01/180700:00:00-3.733337.2333,3.0,3.2910000000000004,1807.0821917808219
310,826,03/02/1807,00:00:00,37.2333,-3.7333,0.0,III,,1.0,Pinos Puente.GR,03/02/180700:00:00-3.733337.2333,3.0,3.2910000000000004,1807.0904109589042
311,827,04/02/1807,00:00:00,37.2333,-3.7333,0.0,III,,1.0,Pinos Puente.GR,04/02/180700:00:00-3.733337.2333,3.0,3.2910000000000004,1807.0931506849315
312,828,05/02/1807,00:00:00,37.2333,-3.7333,0.0,III,,1.0,Pinos Puente.GR,05/02/180700:00:00-3.733337.2333,3.0,3.2910000000000004,1807.0958904109589
313,829,06/02/1807,00:00:00,37.2333,-3.7333,0.0,III,,1.0,Pinos Puente.GR,06/02/180700:00:00-3.733337.2333,3.0,3.2910000000000004,1807.0986301369862
314,830,07/02/1807,00:00:00,37.2333,-3.7333,0.0,III,,1.0,Pinos Puente.GR,07/02/180700:00:00-3.733337.2333,3.0,3.2910000000000004,1807.1013698630136
315,831,08/02/1807,00:00:00,37.2333,-3.7333,0.0,III,,1.0,Pinos Puente.GR,08/02/180700:00:00-3.733337.2333,3.0,3.2910000000000004,1807.1041095890412
316,832,09/02/1807,00:00:00,37.2333,-3.7333,0.0,III,,1.0,Pinos Puente.GR,09/02/180700:00:00-3.733337.2333,3.0,3.2910000000000004,1807.1068493150685
317,833,10/02/1807,00:00:00,37.2333,-3.7333,0.0,III,,1.0,Pinos Puente.GR,10/02/180700:00:00-3.733337.2333,3.0,3.2910000000000004,1807.109589041096
319,835,12/02/1807,00:00:00,37.2333,-3.7333,0.0,III,,1.0,Pinos Puente.GR,12/02/180700:00:00-3.733337.2333,3.0,3.2910000000000004,1807.1150684931506
320,836,13/02/1807,00:00:00,37.2333,-3.7333,0.0,III,,1.0,Pinos Puente.GR,13/02/180700:00:00-3.733337.2333,3.0,3.2910000000000004,1807.1178082191782
321,837,15/02/1807,00:00:00,37.2333,-3.7333,0.0,III,,1.0,Pinos Puente.GR,15/02/180700:00:00-3.733337.2333,3.0,3.2910000000000004,1807.123287671233
322,838,16/02/1807,00:00:00,37.2333,-3.7333,0.0,III,,1.0,Pinos Puente.GR,16/02/180700:00:00-3.733337.2333,3.0,3.2910000000000004,1807.1260273972603
323,839,17/02/1807,00:00:00,37.2333,-3.7333,0.0,IV-V,,1.0,Pinos Puente.GR,17/02/180700:00:00-3.733337.2333,4.5,4.1085,1807.1287671232876
324,840,18/02/1807,00:00:00,37.2333,-3.7333,0.0,IV,,1.0,Pinos Puente.GR,18/02/180700:00:00-3.733337.2333,4.0,3.8360000000000003,1807.131506849315
325,841,19/02/1807,00:00:00,37.2333,-3.7333,0.0,III,,1.0,Pinos Puente.GR,19/02/180700:00:00-3.733337.2333,3.0,3.2910000000000004,1807.1342465753426
326,842,20/02/1807,00:00:00,37.2333,-3.7333,0.0,IV,,1.0,Pinos Puente.GR,20/02/180700:00:00-3.733337.2333,4.0,3.8360000000000003,1807.13698630137
327,843,21/02/1807,00:00:00,37.2333,-3.7333,0.0,III,,1.0,Pinos Puente.GR,21/02/180700:00:00-3.733337.2333,3.0,3.2910000000000004,1807.1397260273973
328,844,22/02/1807,00:00:00,37.2333,-3.7333,0.0,III,,1.0,Pinos Puente.GR,22/02/180700:00:00-3.733337.2333,3.0,3.2910000000000004,1807.1424657534246
329,845,23/02/1807,02:00:00,37.2333,-3.7333,0.0,VI,,1.0,Pinos Puente.GR,23/02/180702:00:00-3.733337.2333,6.0,4.926,1807.1454337899543
330,846,24/02/1807,00:00:00,37.2333,-3.7333,0.0,V,,1.0,Pinos Puente.GR,24/02/180700:00:00-3.733337.2333,5.0,4.381,1807.1479452054793
331,847,25/02/1807,00:00:00,37.2333,-3.7333,0.0,III-IV,,1.0,Pinos Puente.GR,25/02/180700:00:00-3.733337.2333,3.5,3.5635000000000003,1807.150684931507
332,848,26/02/1807,00:00:00,37.2333,-3.7333,0.0,III,,1.0,Pinos Puente.GR,26/02/180700:00:00-3.733337.2333,3.0,3.2910000000000004,1807.1534246575343
333,849,27/02/1807,00:00:00,37.2333,-3.7333,0.0,III,,1.0,Pinos Puente.GR,27/02/180700:00:00-3.733337.2333,3.0,3.2910000000000004,1807.1561643835616
334,850,28/02/1807,00:00:00,37.2333,-3.7333,0.0,IV,,1.0,Pinos Puente.GR,28/02/180700:00:00-3.733337.2333,4.0,3.8360000000000003,1807.158904109589
335,851,01/03/1807,00:00:00,37.2333,-3.7333,0.0,III,,1.0,Pinos Puente.GR,01/03/180700:00:00-3.733337.2333,3.0,3.2910000000000004,1807.1616438356164
336,852,02/03/1807,00:00:00,37.2333,-3.7333,0.0,III,,1.0,Pinos Puente.GR,02/03/180700:00:00-3.733337.2333,3.0,3.2910000000000004,1807.164383561644
337,853,03/03/1807,00:00:00,37.2333,-3.7333,0.0,III,,1.0,Pinos Puente.GR,03/03/180700:00:00-3.733337.2333,3.0,3.2910000000000004,1807.1671232876713
338,854,05/03/1807,00:00:00,37.2333,-3.7333,0.0,IV,,1.0,Pinos Puente.GR,05/03/180700:00:00-3.733337.2333,4.0,3.8360000000000003,1807.172602739726
339,855,06/03/1807,00:00:00,37.2333,-3.7333,0.0,III,,1.0,Pinos Puente.GR,06/03/180700:00:00-3.733337.2333,3.0,3.2910000000000004,1807.1753424657534
340,856,08/03/1807,00:00:00,37.2333,-3.7333,0.0,III,,1.0,Pinos Puente.GR,08/03/180700:00:00-3.733337.2333,3.0,3.2910000000000004,1807.1808219178083
341,857,09/03/1807,00:00:00,37.2333,-3.7333,0.0,IV,,1.0,Pinos Puente.GR,09/03/180700:00:00-3.733337.2333,4.0,3.8360000000000003,1807.1835616438357
342,858,11/03/1807,00:00:00,37.2333,-3.7333,0.0,III-IV,,1.0,Pinos Puente.GR,11/03/180700:00:00-3.733337.2333,3.5,3.5635000000000003,1807.1890410958904
345,861,16/03/1807,00:00:00,37.2333,-3.7333,0.0,III,,1.0,Pinos Puente.GR,16/03/180700:00:00-3.733337.2333,3.0,3.2910000000000004,1807.2027397260274
346,862,18/03/1807,00:00:00,37.2333,-3.7333,0.0,III,,1.0,Pinos Puente.GR,18/03/180700:00:00-3.733337.2333,3.0,3.2910000000000004,1807.2082191780821
347,863,21/03/1807,00:00:00,37.2333,-3.7333,0.0,III,,1.0,Pinos Puente.GR,21/03/180700:00:00-3.733337.2333,3.0,3.2910000000000004,1807.2164383561644
348,864,22/03/1807,00:00:00,37.2333,-3.7333,0.0,III,,1.0,Pinos Puente.GR,22/03/180700:00:00-3.733337.2333,3.0,3.2910000000000004,1807.2191780821918
349,865,23/03/1807,00:00:00,37.2333,-3.7333,0.0,III,,1.0,Pinos Puente.GR,23/03/180700:00:00-3.733337.2333,3.0,3.2910000000000004,1807.2219178082191
350,866,24/03/1807,00:00:00,37.2333,-3.7333,0.0,III,,1.0,Pinos Puente.GR,24/03/180700:00:00-3.733337.2333,3.0,3.2910000000000004,1807.2246575342465
351,867,27/03/1807,00:00:00,37.2333,-3.7333,0.0,III,,1.0,Pinos Puente.GR,27/03/180700:00:00-3.733337.2333,3.0,3.2910000000000004,1807.2328767123288
352,868,28/03/1807,00:00:00,37.2333,-3.7333,0.0,III,,1.0,Pinos Puente.GR,28/03/180700:00:00-3.733337.2333,3.0,3.2910000000000004,1807.2356164383561
353,869,30/03/1807,00:00:00,37.2333,-3.7333,0.0,III,,1.0,Pinos Puente.GR,30/03/180700:00:00-3.733337.2333,3.0,3.2910000000000004,1807.2410958904109
354,871,04/04/1807,00:00:00,37.2333,-3.7333,0.0,III,,1.0,Pinos Puente.GR,04/04/180700:00:00-3.733337.2333,3.0,3.2910000000000004,1807.2547945205479
355,872,05/04/1807,00:00:00,37.2333,-3.7333,0.0,IV,,1.0,Pinos Puente.GR,05/04/180700:00:00-3.733337.2333,4.0,3.8360000000000003,1807.2575342465752
356,873,06/04/1807,00:00:00,37.2333,-3.7333,0.0,III,,1.0,Pinos Puente.GR,06/04/180700:00:00-3.733337.2333,3.0,3.2910000000000004,1807.2602739726028
357,874,07/04/1807,00:00:00,37.2333,-3.7333,0.0,III,,1.0,Pinos Puente.GR,07/04/180700:00:00-3.733337.2333,3.0,3.2910000000000004,1807.2630136986302
358,875,08/04/1807,00:00:00,37.2333,-3.7333,0.0,III,,1.0,Pinos Puente.GR,08/04/180700:00:00-3.733337.2333,3.0,3.2910000000000004,1807.2657534246575
361,878,11/04/1807,00:00:00,37.2333,-3.7333,0.0,III,,1.0,Pinos Puente.GR,11/04/180700:00:00-3.733337.2333,3.0,3.2910000000000004,1807.2739726027398
362,879,12/04/1807,00:00:00,37.2333,-3.7333,0.0,III,,1.0,Pinos Puente.GR,12/04/180700:00:00-3.733337.2333,3.0,3.2910000000000004,1807.2767123287672
363,880,13/04/1807,00:00:00,37.2333,-3.7333,0.0,III,,1.0,Pinos Puente.GR,13/04/180700:00:00-3.733337.2333,3.0,3.2910000000000004,1807.2794520547945
364,881,15/04/1807,00:00:00,37.2333,-3.7333,0.0,III,,1.0,Pinos Puente.GR,15/04/180700:00:00-3.733337.2333,3.0,3.2910000000000004,1807.2849315068493
365,882,20/04/1807,00:00:00,37.2333,-3.7333,0.0,III,,1.0,Pinos Puente.GR,20/04/180700:00:00-3.733337.2333,3.0,3.2910000000000004,1807.2986301369863
366,883,21/04/1807,00:00:00,37.2333,-3.7333,0.0,IV,,1.0,Pinos Puente.GR,21/04/180700:00:00-3.733337.2333,4.0,3.8360000000000003,1807.3013698630136
367,884,07/05/1807,00:00:00,37.2333,-3.7333,0.0,IV,,1.0,Pinos Puente.GR,07/05/180700:00:00-3.733337.2333,4.0,3.8360000000000003,1807.345205479452
371,889,03/06/1807,00:00:00,37.2333,-3.7333,0.0,IV,,1.0,Pinos Puente.GR,03/06/180700:00:00-3.733337.2333,4.0,3.8360000000000003,1807.4191780821918
372,891,16/06/1807,00:00:00,37.2333,-3.7333,0.0,III,,1.0,Pinos Puente.GR,16/06/180700:00:00-3.733337.2333,3.0,3.2910000000000004,1807.454794520548
373,892,23/06/1807,00:00:00,37.2333,-3.7333,0.0,III,,1.0,Pinos Puente.GR,23/06/180700:00:00-3.733337.2333,3.0,3.2910000000000004,1807.4739726027397
374,893,01/07/1807,00:00:00,37.2333,-3.7333,0.0,IV,,1.0,Pinos Puente.GR,01/07/180700:00:00-3.733337.2333,4.0,3.8360000000000003,1807.495890410959
375,894,04/07/1807,00:00:00,37.2333,-3.7333,0.0,III,,1.0,Pinos Puente.GR,04/07/180700:00:00-3.733337.2333,3.0,3.2910000000000004,1807.504109589041
376,895,10/07/1807,00:00:00,37.2333,-3.7333,0.0,III,,1.0,Pinos Puente.GR,10/07/180700:00:00-3.733337.2333,3.0,3.2910000000000004,1807.5205479452054
377,897,26/10/1807,21:15:00,37.2333,-3.7333,0.0,III,,1.0,Pinos Puente.GR,26/10/180721:15:00-3.733337.2333,3.0,3.2910000000000004,1807.818864155251
378,898,27/10/1807,18:30:00,37.2333,-3.7333,0.0,III,,1.0,Pinos Puente.GR,27/10/180718:30:00-3.733337.2333,3.0,3.2910000000000004,1807.821289954338
380,901,21/11/1807,12:30:00,37.2333,-3.7333,0.0,III,,1.0,Pinos Puente.GR,21/11/180712:30:00-3.733337.2333,3.0,3.2910000000000004,1807.889098173516
381,902,21/11/1807,12:36:00,37.2333,-3.7333,0.0,III,,1.0,Pinos Puente.GR,21/11/180712:36:00-3.733337.2333,3.0,3.2910000000000004,1807.889109589041
382,903,04/12/1807,10:30:00,37.2333,-3.7333,0.0,III,,1.0,Pinos Puente.GR,04/12/180710:30:00-3.733337.2333,3.0,3.2910000000000004,1807.9244863013698
385,932,19/12/1818,16:03:00,37.75,-1.6167,0.0,IV,,1.0,NE. Lorca.MU,19/12/181816:03:00-1.616737.75,4.0,3.8360000000000003,1818.9662157534246
386,933,20/12/1818,09:45:00,37.75,-1.6167,0.0,VI-VII,,1.0,NE. Lorca.MU,20/12/181809:45:00-1.616737.75,6.5,5.1985,1818.9682363013699
387,938,02/11/1819,02:00:00,38.7,-0.4667,0.0,IV,,1.0,Alcoy.A,02/11/181902:00:00-0.466738.7,4.0,3.8360000000000003,1819.8358447488583
388,939,02/11/1819,04:00:00,38.7,-0.4667,0.0,V,,1.0,Alcoy.A,02/11/181904:00:00-0.466738.7,5.0,4.381,1819.8360730593608
389,940,02/11/1819,07:00:00,38.7,-0.4667,0.0,IV,,1.0,Alcoy.A,02/11/181907:00:00-0.466738.7,4.0,3.8360000000000003,1819.8364155251143
390,948,29/07/1822,00:45:00,37.2,-3.6,0.0,VI-VII,,1.0,Granada,29/07/182200:45:00-3.637.2,6.5,5.1985,1822.5726883561645
391,950,08/10/1822,00:00:00,37.9833,-0.6833,0.0,V,,1.0,Torrevieja.A,08/10/182200:00:00-0.683337.9833,5.0,4.381,1822.7671232876712
392,951,10/01/1823,10:00:00,37.9833,-0.6833,0.0,VI-VII,,1.0,Torrevieja.A,10/01/182310:00:00-0.683337.9833,6.5,5.1985,1823.025799086758
393,952,02/09/1823,19:30:00,39.4667,-0.3667,0.0,IV-V,,1.0,Valencia,02/09/182319:30:00-0.366739.4667,4.5,4.1085,1823.6707191780822
396,962,21/04/1826,01:15:00,37.2,-3.6,0.0,V,,1.0,Granada,21/04/182601:15:00-3.637.2,5.0,4.381,1826.3015125570776
397,963,21/04/1826,05:30:00,37.2,-3.6,0.0,V-VI,,1.0,Granada,21/04/182605:30:00-3.637.2,5.5,4.6535,1826.301997716895
398,964,21/04/1826,11:00:00,37.2,-3.6,0.0,III,,1.0,Granada,21/04/182611:00:00-3.637.2,3.0,3.2910000000000004,1826.3026255707762
399,965,21/04/1826,20:00:00,37.2,-3.6,0.0,III,,1.0,Granada,21/04/182620:00:00-3.637.2,3.0,3.2910000000000004,1826.3036529680364
400,966,15/05/1826,11:00:00,37.2,-3.6,0.0,IV-V,,1.0,Granada,15/05/182611:00:00-3.637.2,4.5,4.1085,1826.3683789954339
401,967,17/05/1826,00:00:00,37.2,-3.6,0.0,VI,,1.0,Granada,17/05/182600:00:00-3.637.2,6.0,4.926,1826.372602739726
406,972,16/07/1826,15:00:00,37.2,-3.6,0.0,V,,1.0,Granada,16/07/182615:00:00-3.637.2,5.0,4.381,1826.5386986301369
407,973,16/07/1826,23:00:00,37.2,-3.6,0.0,IV,,1.0,Granada,16/07/182623:00:00-3.637.2,4.0,3.8360000000000003,1826.5396118721462
412,978,13/12/1826,04:24:00,37.2,-3.6,0.0,VI,,1.0,Granada,13/12/182604:24:00-3.637.2,6.0,4.926,1826.9484474885844
415,982,07/06/1827,00:00:00,38.25,-0.8,0.0,V,,1.0,Crevillente.A,07/06/182700:00:00-0.838.25,5.0,4.381,1827.4301369863015
416,989,15/09/1828,05:16:00,38.0,-0.7,0.0,VII,,1.0,Torrevieja.A,15/09/182805:16:00-0.738.0,7.0,5.471,1828.7055176077718
421,995,21/03/1829,18:39:00,38.0833,-0.6833,0.0,IX-X,,1.0,Torrevieja.A,21/03/182918:39:00-0.683338.0833,9.5,6.8335,1829.2185673515983
425,999,23/03/1829,20:00:00,38.0833,-0.6833,0.0,VI,,1.0,Torrevieja.A,23/03/182920:00:00-0.683338.0833,6.0,4.926,1829.224200913242
434,1008,06/04/1829,00:00:00,38.0833,-0.6833,0.0,V,,1.0,Torrevieja.A,06/04/182900:00:00-0.683338.0833,5.0,4.381,1829.2602739726028
439,1014,16/04/1829,19:00:00,38.0833,-0.6833,0.0,V-VI,,1.0,Torrevieja.A,16/04/182919:00:00-0.683338.0833,5.5,4.6535,1829.2898401826485
440,1015,18/04/1829,09:45:00,38.0833,-0.6833,0.0,VI-VII,,1.0,Torrevieja.A,18/04/182909:45:00-0.683338.0833,6.5,5.1985,1829.2942636986302
442,1017,24/04/1829,13:00:00,38.0833,-0.6833,0.0,IV-V,,1.0,Torrevieja.A,24/04/182913:00:00-0.683338.0833,4.5,4.1085,1829.3110730593608
443,1018,24/04/1829,13:20:00,38.0833,-0.6833,0.0,III-IV,,1.0,Torrevieja.A,24/04/182913:20:00-0.683338.0833,3.5,3.5635000000000003,1829.3111111111111
447,1022,01/05/1829,00:15:00,38.0833,-0.6833,0.0,V,,1.0,Torrevieja.A,01/05/182900:15:00-0.683338.0833,5.0,4.381,1829.3287956621004
451,1026,16/05/1829,03:00:00,38.0833,-0.6833,0.0,V,,1.0,Torrevieja.A,16/05/182903:00:00-0.683338.0833,5.0,4.381,1829.3702054794521
455,1030,19/06/1829,07:00:00,38.0833,-0.6833,0.0,V-VI,,1.0,Torrevieja.A,19/06/182907:00:00-0.683338.0833,5.5,4.6535,1829.4638127853882
457,1032,28/06/1829,20:30:00,38.0833,-0.6833,0.0,V,,1.0,Torrevieja.A,28/06/182920:30:00-0.683338.0833,5.0,4.381,1829.490011415525
458,1033,18/07/1829,23:00:00,38.0833,-0.6833,0.0,V,,1.0,Torrevieja.A,18/07/182923:00:00-0.683338.0833,5.0,4.381,1829.545091324201
459,1034,24/07/1829,22:15:00,38.0833,-0.6833,0.0,IV-V,,1.0,Torrevieja.A,24/07/182922:15:00-0.683338.0833,4.5,4.1085,1829.561444063927
461,1036,24/09/1829,11:00:00,38.0833,-0.6833,0.0,III-IV,,1.0,Torrevieja.A,24/09/182911:00:00-0.683338.0833,3.5,3.5635000000000003,1829.7300228310503
462,1037,19/10/1829,04:15:00,37.2,-3.6,0.0,IV,,1.0,Granada,19/10/182904:15:00-3.637.2,4.0,3.8360000000000003,1829.79774543379
464,1040,01/08/1830,12:02:00,37.9833,-1.1333,0.0,IV-V,,1.0,Murcia,01/08/183012:02:00-1.133337.9833,4.5,4.1085,1830.582195585997
465,1044,24/04/1831,08:30:00,37.1833,-3.6,0.0,IV,,1.0,Granada,24/04/183108:30:00-3.637.1833,4.0,3.8360000000000003,1831.3105593607306
466,1046,12/07/1831,13:30:00,37.6,-1.3167,0.0,IV-V,,1.0,Mazarrón.MU,12/07/183113:30:00-1.316737.6,4.5,4.1085,1831.5275684931507
467,1049,17/04/1833,00:30:00,38.0,-0.7,0.0,V,,1.0,Torrevieja.A,17/04/183300:30:00-0.738.0,5.0,4.381,1833.2904680365298
468,1053,04/10/1834,16:00:00,36.8333,-2.4667,0.0,IV-V,,1.0,Almería,04/10/183416:00:00-2.466736.8333,4.5,4.1085,1834.75799086758
469,1054,06/10/1834,03:00:00,37.5833,-1.0,0.0,III,,1.0,Cartagena.MU,06/10/183403:00:00-1.037.5833,3.0,3.2910000000000004,1834.76198630137
470,1055,11/11/1834,15:00:00,38.2667,-0.7,0.0,IV-V,,1.0,Elche.A,11/11/183415:00:00-0.738.2667,4.5,4.1085,1834.8619863013698
471,1060,09/01/1836,05:30:00,36.8333,-2.4667,0.0,IV,,1.0,Almería,09/01/183605:30:00-2.466736.8333,4.0,3.8360000000000003,1836.0224840619308
472,1061,17/05/1836,00:45:00,36.8333,-2.4667,0.0,IV,,1.0,Almería,17/05/183600:45:00-2.466736.8333,4.0,3.8360000000000003,1836.3744023224044
473,1064,21/12/1836,12:50:00,37.2,-3.6,0.0,IV,,1.0,Granada,21/12/183612:50:00-3.637.2,4.0,3.8360000000000003,1836.9714063448694
474,1066,29/08/1837,21:15:00,38.2667,-0.7,0.0,IV,,1.0,Elche.A,29/08/183721:15:00-0.738.2667,4.0,3.8360000000000003,1837.659960045662
475,1067,31/10/1837,13:58:00,37.9833,-0.6833,0.0,VI-VII,,1.0,Torrevieja.A,31/10/183713:58:00-0.683337.9833,6.5,5.1985,1837.8317313546422
477,1074,14/06/1838,09:30:00,37.9833,-0.7833,0.0,IV,,1.0,San Miguel de Salinas.A,14/06/183809:30:00-0.783337.9833,4.0,3.8360000000000003,1838.450399543379
478,1075,14/06/1838,14:00:00,37.9833,-0.7833,0.0,IV-V,,1.0,San Miguel de Salinas.A,14/06/183814:00:00-0.783337.9833,4.5,4.1085,1838.4509132420092
479,1083,19/11/1840,02:45:00,37.1833,-3.6,0.0,IV,,1.0,Granada,19/11/184002:45:00-3.637.1833,4.0,3.8360000000000003,1840.8828267304189
480,1114,17/07/1844,13:18:00,37.9833,-0.7833,0.0,VI-VII,,1.0,San Miguel de Salinas.A,17/07/184413:18:00-0.783337.9833,6.5,5.1985,1844.542497723133
486,1121,22/08/1844,03:30:00,37.9833,-0.7833,0.0,IV,,1.0,San Miguel de Salinas.A,22/08/184403:30:00-0.783337.9833,4.0,3.8360000000000003,1844.6397427140255
487,1124,28/01/1845,21:19:00,37.9833,-1.1333,0.0,IV,,1.0,Murcia,28/01/184521:19:00-1.133337.9833,4.0,3.8360000000000003,1845.0764060121764
488,1125,02/03/1845,09:00:00,38.35,-0.5,0.0,IV,,1.0,Alicante,02/03/184509:00:00-0.538.35,4.0,3.8360000000000003,1845.1654109589042
489,1126,14/04/1845,12:55:00,38.0833,-0.95,0.0,IV,,1.0,Orihuela.A,14/04/184512:55:00-0.9538.0833,4.0,3.8360000000000003,1845.2836662861491
490,1129,06/06/1845,22:15:00,39.3667,-0.45,0.0,III-IV,,1.0,Picassent.V,06/06/184522:15:00-0.4539.3667,3.5,3.5635000000000003,1845.429937214612
491,1130,07/06/1845,12:00:00,39.3667,-0.45,0.0,III,,1.0,Picassent.V,07/06/184512:00:00-0.4539.3667,3.0,3.2910000000000004,1845.4315068493152
492,1141,27/01/1846,01:30:00,37.2,-3.6,0.0,III,,1.0,Granada,27/01/184601:30:00-3.637.2,3.0,3.2910000000000004,1846.0714041095891
493,1143,29/05/1846,08:00:00,38.0,-1.1167,0.0,V,,1.0,Murcia,29/05/184608:00:00-1.116738.0,5.0,4.381,1846.406392694064
494,1145,04/08/1846,07:45:00,38.2667,-0.7,0.0,IV,,1.0,Elche.A,04/08/184607:45:00-0.738.2667,4.0,3.8360000000000003,1846.5899257990868
496,1147,09/10/1846,22:40:00,38.0,-1.1167,0.0,IV,,1.0,Murcia,09/10/184622:40:00-1.116738.0,4.0,3.8360000000000003,1846.7724505327244
499,1160,25/09/1847,04:00:00,36.75,-3.5167,0.0,IV-V,,1.0,Motril.GR,25/09/184704:00:00-3.516736.75,4.5,4.1085,1847.7319634703197
500,1161,25/11/1847,06:30:00,37.2,-3.6,0.0,IV,,1.0,Granada,25/11/184706:30:00-3.637.2,4.0,3.8360000000000003,1847.8993721461188
502,1202,22/04/1849,00:30:00,38.0,-1.1167,0.0,IV,,1.0,Murcia,22/04/184900:30:00-1.116738.0,4.0,3.8360000000000003,1849.3041666666666
503,1203,17/05/1849,13:30:00,37.1833,-3.7167,0.0,III,,1.0,Santa Fe.GR,17/05/184913:30:00-3.716737.1833,3.0,3.2910000000000004,1849.3741438356165
504,1204,17/05/1849,22:15:00,37.1833,-3.7167,0.0,III,,1.0,Santa Fe.GR,17/05/184922:15:00-3.716737.1833,3.0,3.2910000000000004,1849.375142694064
505,1205,20/05/1849,04:54:00,37.1833,-3.7167,0.0,VI-VII,,1.0,Santa Fe.GR,20/05/184904:54:00-3.716737.1833,6.5,5.1985,1849.3813812785388
507,1221,08/03/1851,15:00:00,37.2,-3.6,0.0,IV,,1.0,Granada,08/03/185115:00:00-3.637.2,4.0,3.8360000000000003,1851.1825342465754
508,1233,01/09/1851,14:30:00,38.35,-0.4833,0.0,IV,,1.0,Alicante,01/09/185114:30:00-0.483338.35,4.0,3.8360000000000003,1851.6674086757992
509,1241,13/10/1851,06:20:00,36.8333,-2.5,0.0,IV-V,,1.0,Almería,13/10/185106:20:00-2.536.8333,4.5,4.1085,1851.7815449010654
510,1274,01/07/1853,00:00:00,38.3333,-0.5,0.0,IV-V,,1.0,Alicante,01/07/185300:00:00-0.538.3333,4.5,4.1085,1853.495890410959
512,1286,06/02/1854,08:30:00,38.3833,-0.7667,0.0,V,,1.0,Novelda.A,06/02/185408:30:00-0.766738.3833,5.0,4.381,1854.099600456621
514,1291,30/05/1854,02:10:00,37.2,-3.6,0.0,III-IV,,1.0,Granada,30/05/185402:10:00-3.637.2,3.5,3.5635000000000003,1854.4084665144596
515,1292,08/06/1854,05:00:00,37.2,-3.6,0.0,IV,,1.0,Granada,08/06/185405:00:00-3.637.2,4.0,3.8360000000000003,1854.4334474885845
516,1301,04/11/1854,01:58:00,37.9833,-1.1333,0.0,IV-V,,1.0,Murcia,04/11/185401:58:00-1.133337.9833,4.5,4.1085,1854.8413203957382
517,1310,11/11/1855,04:00:00,37.8647,-1.3147,0.0,VI-VII,,1.0,LIBRILLA.MU,11/11/185504:00:00-1.314737.8647,6.5,5.1985,1855.8607305936073
522,1330,18/02/1856,00:00:00,37.2,-3.6,0.0,IV-V,,1.0,Granada,18/02/185600:00:00-3.637.2,4.5,4.1085,1856.1311475409836
523,1333,07/05/1856,08:05:00,37.2,-3.6,0.0,IV-V,,1.0,Granada,07/05/185608:05:00-3.637.2,4.5,4.1085,1856.3479147692774
524,1334,16/05/1856,13:00:00,37.2,-3.6,0.0,IV,,1.0,Granada,16/05/185613:00:00-3.637.2,4.0,3.8360000000000003,1856.3730646630236
525,1337,28/06/1856,06:00:00,37.2,-3.6,0.0,IV-V,,1.0,Granada,28/06/185606:00:00-3.637.2,4.5,4.1085,1856.4897540983607
526,1338,28/06/1856,15:30:00,37.2,-3.6,0.0,IV-V,,1.0,Granada,28/06/185615:30:00-3.637.2,4.5,4.1085,1856.4908356102003
527,1347,09/10/1856,00:45:00,38.0,-1.1333,0.0,V,,1.0,Murcia,09/10/185600:45:00-1.133338.0,5.0,4.381,1856.7705771857923
528,1349,29/10/1856,07:49:00,37.2,-3.6,0.0,IV,,1.0,Granada,29/10/185607:49:00-3.637.2,4.0,3.8360000000000003,1856.8260264875532
529,1351,31/12/1856,22:30:00,38.8167,-0.0333,0.0,IV-V,,1.0,Benimeli.A,31/12/185622:30:00-0.033338.8167,4.5,4.1085,1856.9998292349726
530,1352,02/01/1857,00:00:00,38.8167,-0.0333,0.0,III,,1.0,Benimeli.A,02/01/185700:00:00-0.033338.8167,3.0,3.2910000000000004,1857.0027397260274
531,1355,19/02/1857,00:00:00,37.2,-3.6,0.0,IV-V,,1.0,Granada,19/02/185700:00:00-3.637.2,4.5,4.1085,1857.1342465753426
536,1385,22/07/1858,00:00:00,37.2,-3.6,0.0,IV,,1.0,Granada,22/07/185800:00:00-3.637.2,4.0,3.8360000000000003,1858.5534246575342
537,1387,22/08/1858,15:00:00,38.0,-0.7,0.0,IV,,1.0,Torrevieja.A,22/08/185815:00:00-0.738.0,4.0,3.8360000000000003,1858.6400684931507
539,1391,19/10/1858,00:00:00,38.0,-0.7,0.0,IV,,1.0,Torrevieja.A,19/10/185800:00:00-0.738.0,4.0,3.8360000000000003,1858.7972602739726
540,1392,23/10/1858,00:30:00,36.8,-2.5,0.0,IV-V,,1.0,Almería,23/10/185800:30:00-2.536.8,4.5,4.1085,1858.8082762557078
541,1393,23/10/1858,05:00:00,36.8,-2.5,0.0,III-IV,,1.0,Almería,23/10/185805:00:00-2.536.8,3.5,3.5635000000000003,1858.808789954338
548,1422,16/08/1859,14:00:00,37.2,-3.6,0.0,IV,,1.0,Granada,16/08/185914:00:00-3.637.2,4.0,3.8360000000000003,1859.6235159817352
549,1423,02/09/1859,16:12:00,37.2,-3.6,0.0,III,,1.0,Granada,02/09/185916:12:00-3.637.2,3.0,3.2910000000000004,1859.6703424657535
550,1426,05/12/1859,23:00:00,39.4333,-0.4667,0.0,III,,1.0,Torrent.V,05/12/185923:00:00-0.466739.4333,3.0,3.2910000000000004,1859.9286529680364
551,1427,08/12/1859,05:45:00,39.4333,-0.4667,0.0,IV,,1.0,Torrent.V,08/12/185905:45:00-0.466739.4333,4.0,3.8360000000000003,1859.9349029680366
552,1428,15/12/1859,18:00:00,39.4333,-0.4667,0.0,IV-V,,1.0,Torrent.V,15/12/185918:00:00-0.466739.4333,4.5,4.1085,1859.9554794520548
555,1432,23/01/1860,00:00:00,37.6,-0.9833,0.0,III,,1.0,Cartagena.MU,23/01/186000:00:00-0.983337.6,3.0,3.2910000000000004,1860.0601092896175
557,1436,23/03/1860,09:30:00,38.0,-0.7,0.0,III,,1.0,Torrevieja.A,23/03/186009:30:00-0.738.0,3.0,3.2910000000000004,1860.2251252276867
558,1437,19/04/1860,09:00:00,38.0,-0.7,0.0,IV,,1.0,Torrevieja.A,19/04/186009:00:00-0.738.0,4.0,3.8360000000000003,1860.2988387978141
559,1438,26/04/1860,08:15:00,39.0,-1.85,0.0,IV,,1.0,Albacete,26/04/186008:15:00-1.8539.0,4.0,3.8360000000000003,1860.3178790983607
563,1443,06/07/1860,00:00:00,38.0,-0.7,0.0,III-IV,,1.0,Torrevieja.A,06/07/186000:00:00-0.738.0,3.5,3.5635000000000003,1860.5109289617487
564,1444,14/07/1860,02:07:00,37.7667,-3.75,0.0,IV,,1.0,Jaén,14/07/186002:07:00-3.7537.7667,4.0,3.8360000000000003,1860.5330278536733
567,1449,20/09/1860,14:00:00,38.0,-0.7,0.0,IV,,1.0,Torrevieja.A,20/09/186014:00:00-0.738.0,4.0,3.8360000000000003,1860.7201730418944
568,1450,22/09/1860,03:30:00,37.25,-1.8667,0.0,V,,1.0,Vera.AL,22/09/186003:30:00-1.866737.25,5.0,4.381,1860.7244421675773
569,1454,07/10/1860,12:50:00,36.8333,-2.4667,0.0,IV,,1.0,Almería,07/10/186012:50:00-2.466736.8333,4.0,3.8360000000000003,1860.7664883120826
570,1455,09/10/1860,23:00:00,38.0,-0.7,0.0,IV,,1.0,Torrevieja.A,09/10/186023:00:00-0.738.0,4.0,3.8360000000000003,1860.7731102003643
571,1456,13/10/1860,21:30:00,38.0,-0.7,0.0,IV,,1.0,Torrevieja.A,13/10/186021:30:00-0.738.0,4.0,3.8360000000000003,1860.7838683970856
572,1457,16/10/1860,22:15:00,38.0,-0.7,0.0,IV,,1.0,Torrevieja.A,16/10/186022:15:00-0.738.0,4.0,3.8360000000000003,1860.7921505009108
581,1468,05/01/1861,06:00:00,38.0,-0.7,0.0,III,,1.0,Torrevieja.A,05/01/186106:00:00-0.738.0,3.0,3.2910000000000004,1861.0116438356165
582,1469,05/01/1861,17:45:00,38.0,-0.7,0.0,IV,,1.0,Torrevieja.A,05/01/186117:45:00-0.738.0,4.0,3.8360000000000003,1861.0129851598174
583,1470,11/01/1861,01:00:00,38.3333,-0.5,0.0,III-IV,,1.0,Alicante,11/01/186101:00:00-0.538.3333,3.5,3.5635000000000003,1861.0275114155252
584,1471,12/01/1861,08:30:00,38.0,-0.7,0.0,IV,,1.0,Torrevieja.A,12/01/186108:30:00-0.738.0,4.0,3.8360000000000003,1861.031107305936
586,1473,03/02/1861,04:00:00,38.0,-0.7,0.0,IV,,1.0,Torrevieja.A,03/02/186104:00:00-0.738.0,4.0,3.8360000000000003,1861.0908675799087
587,1474,04/03/1861,14:45:00,38.0,-0.7,0.0,IV,,1.0,Torrevieja.A,04/03/186114:45:00-0.738.0,4.0,3.8360000000000003,1861.171546803653
588,1476,12/04/1861,07:30:00,37.2,-3.6,0.0,III-IV,,1.0,Granada,12/04/186107:30:00-3.637.2,3.5,3.5635000000000003,1861.2775684931507
589,1479,19/05/1861,14:45:00,38.0,-0.7,0.0,IV,,1.0,Torrevieja.A,19/05/186114:45:00-0.738.0,4.0,3.8360000000000003,1861.379765981735
592,1485,18/09/1861,11:30:00,38.0,-0.7,0.0,IV,,1.0,Torrevieja.A,18/09/186111:30:00-0.738.0,4.0,3.8360000000000003,1861.7136415525115
593,1486,25/09/1861,02:00:00,37.9833,-1.1333,0.0,III-IV,,1.0,Murcia,25/09/186102:00:00-1.133337.9833,3.5,3.5635000000000003,1861.7317351598174
594,1487,27/09/1861,18:15:00,38.0,-0.7,0.0,IV,,1.0,Torrevieja.A,27/09/186118:15:00-0.738.0,4.0,3.8360000000000003,1861.7390696347031
599,1494,15/10/1861,06:30:00,38.6167,0.0,0.0,V,,1.0,Altea.A,15/10/186106:30:000.038.6167,5.0,4.381,1861.7870433789953
600,1495,17/10/1861,00:00:00,38.6167,0.0,0.0,III-IV,,1.0,Altea.A,17/10/186100:00:000.038.6167,3.5,3.5635000000000003,1861.7917808219179
601,1496,19/10/1861,23:45:00,37.9833,-1.1333,0.0,III,,1.0,Murcia,19/10/186123:45:00-1.133337.9833,3.0,3.2910000000000004,1861.7999714611872
602,1498,29/11/1861,06:30:00,38.0,-0.7,0.0,IV,,1.0,Torrevieja.A,29/11/186106:30:00-0.738.0,4.0,3.8360000000000003,1861.9103310502283
603,1499,20/12/1861,22:30:00,38.0,-0.7,0.0,III-IV,,1.0,Torrevieja.A,20/12/186122:30:00-0.738.0,3.5,3.5635000000000003,1861.969691780822
604,1500,22/01/1862,09:00:00,37.7,-1.7,0.0,III-IV,,1.0,Lorca.MU,22/01/186209:00:00-1.737.7,3.5,3.5635000000000003,1862.0585616438357
605,1501,07/02/1862,09:30:00,38.0,-0.7,0.0,III,,1.0,Torrevieja.A,07/02/186209:30:00-0.738.0,3.0,3.2910000000000004,1862.1024543378996
606,1502,08/02/1862,15:00:00,38.0,-0.7,0.0,III,,1.0,Torrevieja.A,08/02/186215:00:00-0.738.0,3.0,3.2910000000000004,1862.1058219178083
607,1503,01/03/1862,15:30:00,38.0,-0.7,0.0,III,,1.0,Torrevieja.A,01/03/186215:30:00-0.738.0,3.0,3.2910000000000004,1862.163413242009
608,1504,01/03/1862,19:30:00,38.0,-0.7,0.0,III,,1.0,Torrevieja.A,01/03/186219:30:00-0.738.0,3.0,3.2910000000000004,1862.1638698630136
609,1505,16/03/1862,17:15:00,38.0,-0.7,0.0,III,,1.0,Torrevieja.A,16/03/186217:15:00-0.738.0,3.0,3.2910000000000004,1862.2047089041096
610,1506,17/03/1862,18:15:00,38.0,-0.7,0.0,III,,1.0,Torrevieja.A,17/03/186218:15:00-0.738.0,3.0,3.2910000000000004,1862.207562785388
611,1508,19/03/1862,22:30:00,38.0,-0.7,0.0,IV-V,,1.0,Torrevieja.A,19/03/186222:30:00-0.738.0,4.5,4.1085,1862.2135273972603
615,1512,25/03/1862,23:45:00,38.0,-0.7,0.0,IV,,1.0,Torrevieja.A,25/03/186223:45:00-0.738.0,4.0,3.8360000000000003,1862.2301084474886
617,1514,02/04/1862,21:30:00,38.0,-0.7,0.0,III,,1.0,Torrevieja.A,02/04/186221:30:00-0.738.0,3.0,3.2910000000000004,1862.2517694063927
618,1515,18/04/1862,05:30:00,38.0,-0.7,0.0,III,,1.0,Torrevieja.A,18/04/186205:30:00-0.738.0,3.0,3.2910000000000004,1862.2937785388128
619,1516,04/06/1862,03:30:00,38.0,-0.7,0.0,III,,1.0,Torrevieja.A,04/06/186203:30:00-0.738.0,3.0,3.2910000000000004,1862.4223173515982
620,1519,17/06/1862,07:00:00,38.0,-0.7,0.0,III,,1.0,Torrevieja.A,17/06/186207:00:00-0.738.0,3.0,3.2910000000000004,1862.4583333333333
621,1521,01/07/1862,22:00:00,38.0,-0.7,0.0,IV,,1.0,Torrevieja.A,01/07/186222:00:00-0.738.0,4.0,3.8360000000000003,1862.498401826484
622,1522,17/07/1862,16:20:00,38.0,-0.7,0.0,V,,1.0,Torrevieja.A,17/07/186216:20:00-0.738.0,5.0,4.381,1862.541590563166
625,1525,31/07/1862,01:00:00,38.0,-0.7,0.0,V,,1.0,Torrevieja.A,31/07/186201:00:00-0.738.0,5.0,4.381,1862.578196347032
626,1532,20/09/1862,01:45:00,37.2,-3.6,0.0,III-IV,,1.0,Granada,20/09/186201:45:00-3.637.2,3.5,3.5635000000000003,1862.7180079908676
627,1535,21/10/1862,03:00:00,38.0,-0.7,0.0,III,,1.0,Torrevieja.A,21/10/186203:00:00-0.738.0,3.0,3.2910000000000004,1862.8030821917807
628,1539,11/11/1862,19:30:00,38.0,-0.7,0.0,III,,1.0,Torrevieja.A,11/11/186219:30:00-0.738.0,3.0,3.2910000000000004,1862.8625
629,1540,23/11/1862,05:30:00,38.0,-0.7,0.0,III,,1.0,Torrevieja.A,23/11/186205:30:00-0.738.0,3.0,3.2910000000000004,1862.8937785388127
630,1549,08/03/1863,21:00:00,38.0,-0.7,0.0,IV,,1.0,Torrevieja.A,08/03/186321:00:00-0.738.0,4.0,3.8360000000000003,1863.1832191780823
631,1551,02/04/1863,00:00:00,37.4,-2.4,0.0,IV,,1.0,Lucar.AL,02/04/186300:00:00-2.437.4,4.0,3.8360000000000003,1863.2493150684932
632,1552,12/04/1863,06:45:00,38.0,-0.7,0.0,III,,1.0,Torrevieja.A,12/04/186306:45:00-0.738.0,3.0,3.2910000000000004,1863.2774828767124
633,1553,17/04/1863,07:53:00,37.1167,-3.6,0.0,VI-VII,,1.0,Ogíjares.GR,17/04/186307:53:00-3.637.1167,6.5,5.1985,1863.2913108828006
637,1557,19/04/1863,22:30:00,38.0,-0.7,0.0,III-IV,,1.0,Torrevieja.A,19/04/186322:30:00-0.738.0,3.5,3.5635000000000003,1863.2984589041096
639,1559,31/05/1863,16:20:00,38.3333,-0.5,0.0,III-IV,,1.0,Alicante,31/05/186316:20:00-0.538.3333,3.5,3.5635000000000003,1863.4128234398781
640,1560,10/06/1863,11:10:00,37.3667,-1.9333,0.0,VI-VII,,1.0,Huercal-Overa.AL,10/06/186311:10:00-1.933337.3667,6.5,5.1985,1863.4396308980213
641,1561,10/06/1863,12:30:00,37.3667,-1.9333,0.0,IV,,1.0,Huercal-Overa.AL,10/06/186312:30:00-1.933337.3667,4.0,3.8360000000000003,1863.4397831050228
642,1562,10/06/1863,16:00:00,37.3667,-1.9333,0.0,V,,1.0,Huercal-Overa.AL,10/06/186316:00:00-1.933337.3667,5.0,4.381,1863.4401826484018
643,1563,10/06/1863,17:00:00,37.3667,-1.9333,0.0,III,,1.0,Huercal-Overa.AL,10/06/186317:00:00-1.933337.3667,3.0,3.2910000000000004,1863.440296803653
644,1564,11/06/1863,00:00:00,37.3667,-1.9333,0.0,IV,,1.0,Huercal-Overa.AL,11/06/186300:00:00-1.933337.3667,4.0,3.8360000000000003,1863.441095890411
652,1572,12/06/1863,20:10:00,38.0,-0.7,0.0,IV,,1.0,Torrevieja.A,12/06/186320:10:00-0.738.0,4.0,3.8360000000000003,1863.4461377473365
653,1573,15/06/1863,03:30:00,37.3667,-1.9333,0.0,IV-V,,1.0,Huercal-Overa.AL,15/06/186303:30:00-1.933337.3667,4.5,4.1085,1863.4524543378996
654,1574,19/06/1863,09:00:00,37.3667,-1.9333,0.0,V-VI,,1.0,Huercal-Overa.AL,19/06/186309:00:00-1.933337.3667,5.5,4.6535,1863.4640410958905
655,1575,20/06/1863,06:30:00,37.3667,-1.9333,0.0,V,,1.0,Huercal-Overa.AL,20/06/186306:30:00-1.933337.3667,5.0,4.381,1863.46649543379
656,1576,22/06/1863,10:30:00,37.3667,-1.9333,0.0,IV-V,,1.0,Huercal-Overa.AL,22/06/186310:30:00-1.933337.3667,4.5,4.1085,1863.4724315068493
659,1579,25/06/1863,14:30:00,37.3667,-1.9333,0.0,IV-V,,1.0,Huercal-Overa.AL,25/06/186314:30:00-1.933337.3667,4.5,4.1085,1863.4811073059361
660,1580,27/06/1863,00:00:00,37.3667,-1.9333,0.0,V,,1.0,Huercal-Overa.AL,27/06/186300:00:00-1.933337.3667,5.0,4.381,1863.4849315068493
661,1581,28/06/1863,22:00:00,37.3667,-1.9333,0.0,V,,1.0,Huercal-Overa.AL,28/06/186322:00:00-1.933337.3667,5.0,4.381,1863.4901826484017
662,1582,02/07/1863,23:30:00,37.3667,-1.9333,0.0,V-VI,,1.0,Huercal-Overa.AL,02/07/186323:30:00-1.933337.3667,5.5,4.6535,1863.501312785388
663,1583,03/07/1863,00:00:00,37.3667,-1.9333,0.0,III,,1.0,Huercal-Overa.AL,03/07/186300:00:00-1.933337.3667,3.0,3.2910000000000004,1863.5013698630137
664,1584,04/07/1863,07:00:00,37.3667,-1.9333,0.0,IV,,1.0,Huercal-Overa.AL,04/07/186307:00:00-1.933337.3667,4.0,3.8360000000000003,1863.504908675799
667,1588,09/07/1863,09:00:00,37.3333,-2.5,0.0,V-VI,,1.0,Serón.AL,09/07/186309:00:00-2.537.3333,5.5,4.6535,1863.5188356164383
670,1591,14/07/1863,03:00:00,37.25,-1.8667,0.0,V,,1.0,Vera.AL,14/07/186303:00:00-1.866737.25,5.0,4.381,1863.5318493150685
671,1592,21/07/1863,06:00:00,37.3,-1.9,0.0,V,,1.0,Cuevas de Almanzora.AL,21/07/186306:00:00-1.937.3,5.0,4.381,1863.5513698630136
672,1593,06/08/1863,02:00:00,37.25,-1.8667,0.0,V,,1.0,Vera.AL,06/08/186302:00:00-1.866737.25,5.0,4.381,1863.5947488584475
673,1594,08/08/1863,02:00:00,37.3,-1.9,0.0,IV,,1.0,Cuevas de Almanzora.AL,08/08/186302:00:00-1.937.3,4.0,3.8360000000000003,1863.6002283105022
674,1595,08/08/1863,04:45:00,36.7333,-3.3333,0.0,IV-V,,1.0,Castell de Ferro.GR,08/08/186304:45:00-3.333336.7333,4.5,4.1085,1863.6005422374428
675,1596,12/08/1863,20:00:00,37.3667,-1.9333,0.0,III,,1.0,Huercal-Overa.AL,12/08/186320:00:00-1.933337.3667,3.0,3.2910000000000004,1863.6132420091324
676,1597,13/08/1863,11:15:00,37.3667,-1.9333,0.0,III,,1.0,Huercal-Overa.AL,13/08/186311:15:00-1.933337.3667,3.0,3.2910000000000004,1863.6149828767122
679,1600,22/08/1863,00:21:00,37.25,-1.8667,0.0,V,,1.0,Vera.AL,22/08/186300:21:00-1.866737.25,5.0,4.381,1863.6383961187214
681,1602,28/08/1863,17:30:00,38.0,-0.7,0.0,III,,1.0,Torrevieja.A,28/08/186317:30:00-0.738.0,3.0,3.2910000000000004,1863.656792237443
683,1604,30/08/1863,15:45:00,38.0,-0.7,0.0,III,,1.0,Torrevieja.A,30/08/186315:45:00-0.738.0,3.0,3.2910000000000004,1863.6620719178081
685,1606,04/09/1863,02:00:00,37.25,-1.8667,0.0,III,,1.0,Vera.AL,04/09/186302:00:00-1.866737.25,3.0,3.2910000000000004,1863.674200913242
686,1607,16/09/1863,15:00:00,37.3667,-1.9333,0.0,IV,,1.0,Huercal-Overa.AL,16/09/186315:00:00-1.933337.3667,4.0,3.8360000000000003,1863.7085616438355
687,1608,23/09/1863,21:30:00,37.3667,-1.9333,0.0,IV,,1.0,Huercal-Overa.AL,23/09/186321:30:00-1.933337.3667,4.0,3.8360000000000003,1863.72848173516
688,1612,29/12/1863,13:00:00,38.9667,-0.1833,0.0,IV,,1.0,Gandía.V,29/12/186313:00:00-0.183338.9667,4.0,3.8360000000000003,1863.9932648401827
689,1614,10/01/1864,00:00:00,37.4,-1.9333,0.0,III,,1.0,Huercal-Overa.AL,10/01/186400:00:00-1.933337.4,3.0,3.2910000000000004,1864.0245901639344
690,1615,11/01/1864,22:00:00,38.0,-0.7,0.0,III,,1.0,Torrevieja.A,11/01/186422:00:00-0.738.0,3.0,3.2910000000000004,1864.0298269581056
691,1616,12/01/1864,05:20:00,37.85,-1.4167,0.0,V-VI,,1.0,Alhama de Murcia.MU,12/01/186405:20:00-1.416737.85,5.5,4.6535,1864.0306618093502
695,1621,24/01/1864,04:30:00,38.0,-0.7,0.0,IV,,1.0,Torrevieja.A,24/01/186404:30:00-0.738.0,4.0,3.8360000000000003,1864.0633538251366
696,1623,30/01/1864,04:00:00,37.2,-3.6,0.0,IV,,1.0,Granada,30/01/186404:00:00-3.637.2,4.0,3.8360000000000003,1864.0796903460837
699,1629,03/06/1864,17:05:00,38.0,-0.7,0.0,III,,1.0,Torrevieja.A,03/06/186417:05:00-0.738.0,3.0,3.2910000000000004,1864.4227098512447
700,1631,13/07/1864,00:45:00,37.5833,-1.0,0.0,IV,,1.0,Cartagena.MU,13/07/186400:45:00-1.037.5833,4.0,3.8360000000000003,1864.5301400273224
701,1632,16/08/1864,00:00:00,37.2,-3.6,0.0,III,,1.0,Granada,16/08/186400:00:00-3.637.2,3.0,3.2910000000000004,1864.622950819672
702,1633,17/08/1864,00:00:00,37.2,-3.6,0.0,III,,1.0,Granada,17/08/186400:00:00-3.637.2,3.0,3.2910000000000004,1864.6256830601094
705,1646,16/07/1865,01:34:00,36.8333,-2.4667,0.0,IV,,1.0,Almería,16/07/186501:34:00-2.466736.8333,4.0,3.8360000000000003,1865.5371651445967
706,1655,25/09/1866,23:30:00,38.2667,-0.7,0.0,V,,1.0,Elche.A,25/09/186623:30:00-0.738.2667,5.0,4.381,1866.734189497717
707,1656,11/10/1866,00:10:00,38.2667,-0.7,0.0,IV-V,,1.0,Elche.A,11/10/186600:10:00-0.738.2667,4.5,4.1085,1866.7753614916287
708,1667,03/02/1867,20:20:00,38.0,-0.7,0.0,VI-VII,,1.0,Torrevieja.A,03/02/186720:20:00-0.738.0,6.5,5.1985,1867.0927321156773
711,1672,14/02/1867,10:30:00,38.0,-0.7,0.0,IV,,1.0,Torrevieja.A,14/02/186710:30:00-0.738.0,4.0,3.8360000000000003,1867.1217465753425
715,1678,22/02/1867,10:00:00,38.0,-0.7,0.0,IV-V,,1.0,Torrevieja.A,22/02/186710:00:00-0.738.0,4.5,4.1085,1867.143607305936
718,1691,06/07/1867,23:15:00,39.4667,-0.3667,0.0,III,,1.0,Valencia,06/07/186723:15:00-0.366739.4667,3.0,3.2910000000000004,1867.512243150685
721,1696,27/09/1867,00:00:00,37.2,-3.6,0.0,III,,1.0,Granada,27/09/186700:00:00-3.637.2,3.0,3.2910000000000004,1867.7369863013698
722,1697,30/09/1867,22:25:00,38.2667,-0.7,0.0,IV-V,,1.0,Elche.A,30/09/186722:25:00-0.738.2667,4.5,4.1085,1867.7477644596652
723,1701,22/04/1868,06:00:00,37.2,-3.6,0.0,III,,1.0,Granada,22/04/186806:00:00-3.637.2,3.0,3.2910000000000004,1868.306693989071
724,1705,21/06/1868,11:45:00,36.8333,-2.4667,0.0,V-VI,,1.0,Almería,21/06/186811:45:00-2.466736.8333,5.5,4.6535,1868.471283014572
725,1706,22/06/1868,00:00:00,37.2,-3.6,0.0,III,,1.0,Granada,22/06/186800:00:00-3.637.2,3.0,3.2910000000000004,1868.4726775956285
726,1707,28/06/1868,00:15:00,37.2,-3.6,0.0,III-IV,,1.0,Granada,28/06/186800:15:00-3.637.2,3.5,3.5635000000000003,1868.4890994990892
727,1712,30/11/1868,00:00:00,37.2,-3.6,0.0,IV-V,,1.0,Granada,30/11/186800:00:00-3.637.2,4.5,4.1085,1868.9125683060108
728,1721,28/07/1869,21:15:00,38.2667,-0.7,0.0,IV,,1.0,Elche.A,28/07/186921:15:00-0.738.2667,4.0,3.8360000000000003,1869.5722888127855
729,1726,30/12/1869,18:30:00,38.7,-0.4667,0.0,III-IV,,1.0,Alcoy.A,30/12/186918:30:00-0.466738.7,3.5,3.5635000000000003,1869.9966324200914
731,1742,05/05/1871,00:15:00,38.7,-0.4667,0.0,III,,1.0,Alcoy.A,05/05/187100:15:00-0.466738.7,3.0,3.2910000000000004,1871.33975456621
733,1747,19/11/1871,10:15:00,38.7667,-0.55,0.0,IV-V,,1.0,Alfafara.A,19/11/187110:15:00-0.5538.7667,4.5,4.1085,1871.8833618721462
734,1752,28/01/1872,15:00:00,36.9833,-3.5667,0.0,VI-VII,,1.0,Dúrcal.GR,28/01/187215:00:00-3.566736.9833,6.5,5.1985,1872.0754781420765
735,1754,13/02/1872,10:54:00,37.2,-3.6,0.0,III,,1.0,Granada,13/02/187210:54:00-3.637.2,3.0,3.2910000000000004,1872.1187272313298
737,1756,21/02/1872,01:05:00,37.7667,-1.5,0.0,IV-V,,1.0,Totana.MU,21/02/187201:05:00-1.537.7667,4.5,4.1085,1872.1394675925926
738,1757,19/05/1872,17:15:00,39.2333,-0.5167,0.0,VII,,1.0,Carlet.V,19/05/187217:15:00-0.516739.2333,7.0,5.471,1872.3817452185792
739,1758,19/05/1872,19:00:00,39.2333,-0.5167,0.0,III,,1.0,Carlet.V,19/05/187219:00:00-0.516739.2333,3.0,3.2910000000000004,1872.3819444444443
740,1759,19/05/1872,22:15:00,39.2333,-0.5167,0.0,IV,,1.0,Carlet.V,19/05/187222:15:00-0.516739.2333,4.0,3.8360000000000003,1872.3823144353369
741,1760,20/05/1872,00:00:00,39.2333,-0.5167,0.0,III,,1.0,Carlet.V,20/05/187200:00:00-0.516739.2333,3.0,3.2910000000000004,1872.3825136612022
742,1761,20/05/1872,06:00:00,39.2333,-0.5167,0.0,III,,1.0,Carlet.V,20/05/187206:00:00-0.516739.2333,3.0,3.2910000000000004,1872.3831967213114
745,1764,23/05/1872,22:00:00,39.2333,-0.5167,0.0,IV,,1.0,Carlet.V,23/05/187222:00:00-0.516739.2333,4.0,3.8360000000000003,1872.3932149362477
746,1765,26/05/1872,00:00:00,39.2333,-0.5167,0.0,III,,1.0,Carlet.V,26/05/187200:00:00-0.516739.2333,3.0,3.2910000000000004,1872.3989071038252
747,1767,29/07/1872,01:00:00,38.7,-0.4667,0.0,III-IV,,1.0,Alcoy.A,29/07/187201:00:00-0.466738.7,3.5,3.5635000000000003,1872.5738843351548
748,1769,31/07/1872,00:00:00,38.7,-0.4667,0.0,III,,1.0,Alcoy.A,31/07/187200:00:00-0.466738.7,3.0,3.2910000000000004,1872.5792349726776
749,1771,22/01/1873,00:00:00,38.35,-0.4833,0.0,III-IV,,1.0,Alicante,22/01/187300:00:00-0.483338.35,3.5,3.5635000000000003,1873.0575342465754
750,1772,01/03/1873,11:40:00,37.2,-3.6,0.0,IV,,1.0,Granada,01/03/187311:40:00-3.637.2,4.0,3.8360000000000003,1873.1629756468797
751,1773,11/03/1873,00:00:00,36.8333,-2.4667,0.0,IV,,1.0,Almería,11/03/187300:00:00-2.466736.8333,4.0,3.8360000000000003,1873.1890410958904
752,1783,30/12/1873,20:15:00,37.2,-3.6,0.0,IV,,1.0,Granada,30/12/187320:15:00-3.637.2,4.0,3.8360000000000003,1873.9968321917809
753,1784,29/01/1874,00:00:00,37.2,-3.6,0.0,III-IV,,1.0,Granada,29/01/187400:00:00-3.637.2,3.5,3.5635000000000003,1874.0767123287671
754,1790,23/05/1874,23:55:00,38.35,-0.4833,0.0,IV,,1.0,Alicante,23/05/187423:55:00-0.483338.35,4.0,3.8360000000000003,1874.3917713089802
755,1791,24/05/1874,02:00:00,38.35,-0.4833,0.0,III,,1.0,Alicante,24/05/187402:00:00-0.483338.35,3.0,3.2910000000000004,1874.39200913242
756,1794,08/10/1874,12:00:00,37.2,-3.6,0.0,III,,1.0,Granada,08/10/187412:00:00-3.637.2,3.0,3.2910000000000004,1874.768493150685
757,1795,15/11/1874,22:30:00,38.95,-0.4,0.0,V-VI,,1.0,Quatretonda.V,15/11/187422:30:00-0.438.95,5.5,4.6535,1874.873801369863
758,1799,24/03/1875,07:50:00,37.2,-3.6,0.0,IV-V,,1.0,Granada,24/03/187507:50:00-3.637.2,4.5,4.1085,1875.2255517503804
760,1806,17/08/1875,09:30:00,39.0833,-0.5833,0.0,V,,1.0,Alcántara del Jucar.V,17/08/187509:30:00-0.583339.0833,5.0,4.381,1875.6257420091324
764,1813,28/02/1876,19:45:00,37.2,-3.6,0.0,III-IV,,1.0,Granada,28/02/187619:45:00-3.637.2,3.5,3.5635000000000003,1876.1607183515482
765,1815,02/04/1876,00:00:00,37.2,-3.6,0.0,III,,1.0,Granada,02/04/187600:00:00-3.637.2,3.0,3.2910000000000004,1876.2513661202186
766,1816,23/04/1876,07:00:00,37.2,-3.6,0.0,III,,1.0,Granada,23/04/187607:00:00-3.637.2,3.0,3.2910000000000004,1876.3095400728598
767,1818,26/07/1876,00:00:00,37.2,-3.6,0.0,IV,,1.0,Granada,26/07/187600:00:00-3.637.2,4.0,3.8360000000000003,1876.5655737704917
769,1823,09/02/1877,22:03:00,37.9833,-0.6833,0.0,IV-V,,1.0,Torrevieja.A,09/02/187722:03:00-0.683337.9833,4.5,4.1085,1877.1093664383561
770,1824,07/08/1877,00:00:00,37.2167,-3.6833,0.0,V-VI,,1.0,Atarfe.GR,07/08/187700:00:00-3.683337.2167,5.5,4.6535,1877.5972602739726
771,1830,22/12/1877,23:37:00,38.35,-0.4833,0.0,IV-V,,1.0,Alicante,22/12/187723:37:00-0.483338.35,4.5,4.1085,1877.9752987062404
772,1834,17/02/1878,00:00:00,38.0,-1.1333,0.0,III-IV,,1.0,Murcia,17/02/187800:00:00-1.133338.0,3.5,3.5635000000000003,1878.1287671232876
773,1836,23/02/1878,21:30:00,39.2833,-0.5667,0.0,III,,1.0,Llombay.V,23/02/187821:30:00-0.566739.2833,3.0,3.2910000000000004,1878.1476598173515
774,1854,01/01/1879,00:00:00,38.0,-1.1333,0.0,III,,1.0,Murcia,01/01/187900:00:00-1.133338.0,3.0,3.2910000000000004,1879.0
776,1857,12/04/1879,01:00:00,37.1833,-3.7167,0.0,V,,1.0,Santa Fe.GR,12/04/187901:00:00-3.716737.1833,5.0,4.381,1879.2768264840183
779,1868,15/06/1880,21:30:00,38.0,-1.1333,0.0,IV,,1.0,Murcia,15/06/188021:30:00-1.133338.0,4.0,3.8360000000000003,1880.4559995446266
780,1874,22/02/1881,14:15:00,37.5833,-1.0,0.0,IV,,1.0,Cartagena.MU,22/02/188114:15:00-1.037.5833,4.0,3.8360000000000003,1881.1440924657534
781,1875,05/06/1881,00:00:00,38.15,-1.3333,0.0,III,,1.0,Ojos.MU,05/06/188100:00:00-1.333338.15,3.0,3.2910000000000004,1881.4246575342465
782,1877,06/07/1881,00:00:00,37.5833,-1.0,0.0,IV-V,,1.0,Cartagena.MU,06/07/188100:00:00-1.037.5833,4.5,4.1085,1881.509589041096
783,1880,10/03/1882,00:00:00,37.9833,-1.1333,0.0,III,,1.0,Murcia,10/03/188200:00:00-1.133337.9833,3.0,3.2910000000000004,1882.186301369863
784,1881,02/05/1882,00:47:00,37.1833,-3.6,0.0,V,,1.0,Granada,02/05/188200:47:00-3.637.1833,5.0,4.381,1882.3315962709285
785,1884,26/06/1882,14:00:00,37.4,-1.5833,0.0,III-IV,,1.0,Aguilas.MU,26/06/188214:00:00-1.583337.4,3.5,3.5635000000000003,1882.483789954338
788,1888,10/08/1882,12:55:00,38.1667,-0.8,0.0,IV,,1.0,Catral.A,10/08/188212:55:00-0.838.1667,4.0,3.8360000000000003,1882.606953957382
789,1891,14/09/1882,04:00:00,37.25,-1.8667,0.0,IV-V,,1.0,Vera.AL,14/09/188204:00:00-1.866737.25,4.5,4.1085,1882.7018264840183
790,1892,13/10/1882,03:30:00,38.1167,-1.3,0.0,IV,,1.0,Archena.MU,13/10/188203:30:00-1.338.1167,4.0,3.8360000000000003,1882.7812214611872
792,1894,18/10/1882,18:40:00,38.9667,-0.1833,0.0,V-VI,,1.0,Gandía.V,18/10/188218:40:00-0.183338.9667,5.5,4.6535,1882.7966514459665
793,1897,28/10/1882,20:00:00,38.1167,-1.3,0.0,IV,,1.0,Archena.MU,28/10/188220:00:00-1.338.1167,4.0,3.8360000000000003,1882.824200913242
794,1899,06/11/1882,20:00:00,38.1167,-1.3,0.0,V,,1.0,Archena.MU,06/11/188220:00:00-1.338.1167,5.0,4.381,1882.8488584474885
795,1900,07/11/1882,03:30:00,38.1167,-1.3,0.0,VI,,1.0,Archena.MU,07/11/188203:30:00-1.338.1167,6.0,4.926,1882.849714611872
796,1902,08/11/1882,07:50:00,38.7,-0.4667,0.0,V,,1.0,Alcoy.A,08/11/188207:50:00-0.466738.7,5.0,4.381,1882.8529490106546
797,1903,09/11/1882,03:00:00,38.1167,-1.3,0.0,III,,1.0,Archena.MU,09/11/188203:00:00-1.338.1167,3.0,3.2910000000000004,1882.8551369863014
798,1904,10/11/1882,06:30:00,38.1167,-1.3,0.0,III,,1.0,Archena.MU,10/11/188206:30:00-1.338.1167,3.0,3.2910000000000004,1882.8582762557078
799,1905,12/11/1882,11:45:00,38.7,-0.4667,0.0,III-IV,,1.0,Alcoy.A,12/11/188211:45:00-0.466738.7,3.5,3.5635000000000003,1882.864355022831
804,1910,20/11/1882,12:00:00,38.1167,-1.3,0.0,IV,,1.0,Archena.MU,20/11/188212:00:00-1.338.1167,4.0,3.8360000000000003,1882.886301369863
806,1912,23/11/1882,08:00:00,38.1167,-1.3,0.0,IV,,1.0,Archena.MU,23/11/188208:00:00-1.338.1167,4.0,3.8360000000000003,1882.8940639269406
807,1913,23/11/1882,21:00:00,38.1167,-1.3,0.0,IV,,1.0,Archena.MU,23/11/188221:00:00-1.338.1167,4.0,3.8360000000000003,1882.8955479452054
811,1917,27/11/1882,00:00:00,36.75,-3.5167,0.0,III-IV,,1.0,Motril.GR,27/11/188200:00:00-3.516736.75,3.5,3.5635000000000003,1882.9041095890411
812,1918,01/12/1882,00:15:00,37.3833,-1.95,0.0,V,,1.0,Huercal-Overa.AL,01/12/188200:15:00-1.9537.3833,5.0,4.381,1882.9150970319636
814,1920,10/12/1882,20:20:00,38.1167,-1.3,0.0,IV-V,,1.0,Archena.MU,10/12/188220:20:00-1.338.1167,4.5,4.1085,1882.9420471841704
819,1925,07/01/1883,18:00:00,38.1167,-1.3,0.0,IV-V,,1.0,Archena.MU,07/01/188318:00:00-1.338.1167,4.5,4.1085,1883.018493150685
820,1926,08/01/1883,06:30:00,38.1167,-1.3,0.0,V,,1.0,Archena.MU,08/01/188306:30:00-1.338.1167,5.0,4.381,1883.0199200913241
821,1927,08/01/1883,19:00:00,38.1167,-1.3,0.0,V,,1.0,Archena.MU,08/01/188319:00:00-1.338.1167,5.0,4.381,1883.0213470319634
822,1928,10/01/1883,16:25:00,38.1167,-1.3,0.0,IV-V,,1.0,Archena.MU,10/01/188316:25:00-1.338.1167,4.5,4.1085,1883.0265315829529
823,1929,11/01/1883,00:00:00,38.1167,-1.3,0.0,IV-V,,1.0,Archena.MU,11/01/188300:00:00-1.338.1167,4.5,4.1085,1883.027397260274
824,1930,16/01/1883,03:40:00,38.05,-1.25,0.0,VI-VII,,1.0,Ceutí.MU,16/01/188303:40:00-1.2538.05,6.5,5.1985,1883.0415144596652
826,1932,24/01/1883,00:00:00,38.1167,-1.3,0.0,III-IV,,1.0,Archena.MU,24/01/188300:00:00-1.338.1167,3.5,3.5635000000000003,1883.0630136986301
827,1933,26/01/1883,03:30:00,38.1167,-1.3,0.0,IV,,1.0,Archena.MU,26/01/188303:30:00-1.338.1167,4.0,3.8360000000000003,1883.0688926940638
828,1934,27/01/1883,08:11:00,37.1833,-3.6,0.0,III-IV,,1.0,Granada,27/01/188308:11:00-3.637.1833,3.5,3.5635000000000003,1883.0721670471842
829,1935,03/02/1883,02:20:00,38.1167,-1.3,0.0,IV,,1.0,Archena.MU,03/02/188302:20:00-1.338.1167,4.0,3.8360000000000003,1883.0906773211568
830,1936,04/02/1883,05:30:00,38.1167,-1.3,0.0,IV,,1.0,Archena.MU,04/02/188305:30:00-1.338.1167,4.0,3.8360000000000003,1883.0937785388128
831,1937,20/02/1883,17:08:00,38.1167,-1.3,0.0,IV,,1.0,Archena.MU,20/02/188317:08:00-1.338.1167,4.0,3.8360000000000003,1883.1389421613394
834,1940,14/04/1883,19:30:00,39.0833,-0.5167,0.0,V,,1.0,Villanueva de Castellón.V,14/04/188319:30:00-0.516739.0833,5.0,4.381,1883.2844178082191
835,1941,14/04/1883,20:25:00,39.0833,-0.5167,0.0,V,,1.0,Villanueva de Castellón.V,14/04/188320:25:00-0.516739.0833,5.0,4.381,1883.2845224505327
836,1942,14/04/1883,21:30:00,39.0833,-0.5167,0.0,VI,,1.0,Villanueva de Castellón.V,14/04/188321:30:00-0.516739.0833,6.0,4.926,1883.2846461187214
837,1943,13/05/1883,11:15:00,39.0833,-0.5167,0.0,V,,1.0,Villanueva de Castellón.V,13/05/188311:15:00-0.516739.0833,5.0,4.381,1883.3629280821917
838,1944,04/06/1883,07:45:00,39.0833,-0.5167,0.0,V,,1.0,Villanueva de Castellón.V,04/06/188307:45:00-0.516739.0833,5.0,4.381,1883.4228025114155
839,1945,29/06/1883,05:00:00,39.0833,-0.5167,0.0,IV,,1.0,Villanueva de Castellón.V,29/06/188305:00:00-0.516739.0833,4.0,3.8360000000000003,1883.4909817351597
840,1946,01/07/1883,00:00:00,38.4833,-1.3333,0.0,IV-V,,1.0,Jumilla.MU,01/07/188300:00:00-1.333338.4833,4.5,4.1085,1883.495890410959
842,1950,24/08/1883,05:15:00,37.2,-3.6,0.0,III,,1.0,Granada,24/08/188305:15:00-3.637.2,3.0,3.2910000000000004,1883.6444349315068
843,1953,01/11/1883,00:00:00,37.5,-2.7667,0.0,V-VI,,1.0,Baza.GR,01/11/188300:00:00-2.766737.5,5.5,4.6535,1883.8328767123287
845,1963,13/03/1884,10:30:00,38.3333,-0.25,0.0,V-VI,,1.0,E. Alicante,13/03/188410:30:00-0.2538.3333,5.5,4.6535,1884.1979166666667
846,1964,23/03/1884,00:30:00,38.3333,-0.25,0.0,III-IV,,1.0,E. Alicante,23/03/188400:30:00-0.2538.3333,3.5,3.5635000000000003,1884.2241006375227
847,1965,25/03/1884,00:10:00,38.3333,-0.25,0.0,III,,1.0,E. Alicante,25/03/188400:10:00-0.2538.3333,3.0,3.2910000000000004,1884.2295271706132
849,1971,10/07/1884,00:00:00,36.8333,-2.5,0.0,V,,1.0,Almería,10/07/188400:00:00-2.536.8333,5.0,4.381,1884.5218579234972
850,1972,12/08/1884,13:00:00,37.8833,-1.35,0.0,IV,,1.0,Librilla.MU,12/08/188413:00:00-1.3537.8833,4.0,3.8360000000000003,1884.6135018214936
852,1974,11/10/1884,10:35:00,38.3333,-0.5,0.0,III-IV,,1.0,Alicante,11/10/188410:35:00-0.538.3333,3.5,3.5635000000000003,1884.7771611262901
855,1977,19/11/1884,06:50:00,39.4667,-0.3667,0.0,IV,,1.0,Valencia,19/11/188406:50:00-0.366739.4667,4.0,3.8360000000000003,1884.883291590771
856,2044,02/02/1885,16:30:00,38.7167,-0.65,0.0,IV,,1.0,Banyeres de Mariola.A,02/02/188516:30:00-0.6538.7167,4.0,3.8360000000000003,1885.0895547945206
858,2054,15/02/1885,21:00:00,37.9833,-0.6833,0.0,IV,,1.0,Torrevieja.A,15/02/188521:00:00-0.683337.9833,4.0,3.8360000000000003,1885.1256849315068
860,2118,11/04/1885,04:15:00,38.1167,-1.3,0.0,III,,1.0,Archena.MU,11/04/188504:15:00-1.338.1167,3.0,3.2910000000000004,1885.2744577625572
862,2189,19/05/1885,19:10:00,38.3333,-0.5,0.0,V,,1.0,Alicante,19/05/188519:10:00-0.538.3333,5.0,4.381,1885.3802701674276
863,2198,25/05/1885,02:00:00,36.8,-2.5,0.0,V,,1.0,Almería,25/05/188502:00:00-2.536.8,5.0,4.381,1885.3947488584474
866,2245,28/11/1885,00:00:00,36.95,-2.4833,0.0,V-VI,,1.0,Gador.AL,28/11/188500:00:00-2.483336.95,5.5,4.6535,1885.9068493150685
867,2258,28/01/1886,01:30:00,38.0,-1.1333,0.0,III,,1.0,Murcia,28/01/188601:30:00-1.133338.0,3.0,3.2910000000000004,1886.0741438356165
868,2260,31/01/1886,03:00:00,38.4,-0.7667,0.0,V,,1.0,Novelda.A,31/01/188603:00:00-0.766738.4,5.0,4.381,1886.0825342465753
869,2262,14/03/1886,23:00:00,36.9333,-3.6333,0.0,V,,1.0,Albuñuelas.GR,14/03/188623:00:00-3.633336.9333,5.0,4.381,1886.199885844749
870,2267,12/07/1886,00:45:00,38.0,-1.1333,0.0,III-IV,,1.0,Murcia,12/07/188600:45:00-1.133338.0,3.5,3.5635000000000003,1886.5261130136987
871,2271,15/10/1886,00:00:00,36.9667,-3.5833,0.0,V,,1.0,Conchar.GR,15/10/188600:00:00-3.583336.9667,5.0,4.381,1886.786301369863
872,2277,28/11/1886,21:30:00,38.4333,-0.8333,0.0,V,,1.0,Monovar.A,28/11/188621:30:00-0.833338.4333,5.0,4.381,1886.909303652968
873,2281,31/01/1887,21:00:00,39.2333,-0.5167,0.0,IV-V,,1.0,Carlet.V,31/01/188721:00:00-0.516739.2333,4.5,4.1085,1887.0845890410958
874,2292,06/06/1887,18:45:00,37.2,-3.6,0.0,IV-V,,1.0,Granada,06/06/188718:45:00-3.637.2,4.5,4.1085,1887.4295376712328
875,2294,08/06/1887,00:00:00,36.9167,-3.4833,0.0,IV-V,,1.0,Lanjarón.GR,08/06/188700:00:00-3.483336.9167,4.5,4.1085,1887.4328767123288
876,2302,16/08/1887,20:35:00,38.6167,-1.1167,0.0,IV-V,,1.0,Yecla.MU,16/08/188720:35:00-1.116738.6167,4.5,4.1085,1887.6242675038052
877,2306,01/10/1887,19:15:00,36.9333,-3.6,0.0,IV,,1.0,Albuñuelas.GR,01/10/188719:15:00-3.636.9333,4.0,3.8360000000000003,1887.750142694064
878,2314,30/12/1887,03:15:00,36.75,-3.5167,0.0,IV-V,,1.0,Motril.GR,30/12/188703:15:00-3.516736.75,4.5,4.1085,1887.9948915525115
881,2323,03/03/1888,03:35:00,38.1,-3.6333,0.0,IV,,1.0,Linares.J,03/03/188803:35:00-3.633338.1,4.0,3.8360000000000003,1888.1698068457802
882,2335,06/10/1888,22:30:00,37.8833,-0.95,0.0,V,,1.0,Sucina.MU,06/10/188822:30:00-0.9537.8833,5.0,4.381,1888.764856557377
883,2339,18/12/1888,20:28:00,38.75,-0.4333,0.0,IV,,1.0,Cocentaina.A,18/12/188820:28:00-0.433338.75,4.0,3.8360000000000003,1888.9640786278082
884,2342,04/01/1889,12:15:00,36.75,-3.5167,0.0,III-IV,,1.0,Motril.GR,04/01/188912:15:00-3.516736.75,3.5,3.5635000000000003,1889.0096175799088
885,2352,03/06/1889,00:15:00,37.2,-3.6,0.0,IV,,1.0,Granada,03/06/188900:15:00-3.637.2,4.0,3.8360000000000003,1889.4192066210046
886,2353,07/06/1889,06:15:00,38.25,-2.8833,0.0,V-VI,,1.0,Beas de Segura.J,07/06/188906:15:00-2.883338.25,5.5,4.6535,1889.430850456621
887,2358,01/12/1889,20:00:00,39.4833,-0.7167,0.0,III,,1.0,Chiva.V,01/12/188920:00:00-0.716739.4833,3.0,3.2910000000000004,1889.9173515981736
888,2359,13/12/1889,00:00:00,39.3833,-0.7167,0.0,V,,1.0,Turis.V,13/12/188900:00:00-0.716739.3833,5.0,4.381,1889.9479452054795
889,2360,15/12/1889,21:18:00,37.2,-3.6,0.0,V,,1.0,Granada,15/12/188921:18:00-3.637.2,5.0,4.381,1889.9558561643835
890,2361,29/12/1889,01:00:00,39.4833,-0.7167,0.0,III-IV,,1.0,Chiva.V,29/12/188901:00:00-0.716739.4833,3.5,3.5635000000000003,1889.9918949771688
891,2362,30/12/1889,10:20:00,37.9833,-0.6833,0.0,IV,,1.0,Torrevieja.A,30/12/188910:20:00-0.683337.9833,4.0,3.8360000000000003,1889.995700152207
892,2363,25/01/1890,13:15:00,37.6833,-1.7,0.0,IV,,1.0,Lorca.MU,25/01/189013:15:00-1.737.6833,4.0,3.8360000000000003,1890.067265981735
893,2364,02/02/1890,19:30:00,39.4833,-0.7167,0.0,VI,,1.0,Chiva.V,02/02/189019:30:00-0.716739.4833,6.0,4.926,1890.089897260274
894,2367,22/02/1890,19:00:00,37.9833,-0.6833,0.0,IV-V,,1.0,Torrevieja.A,22/02/189019:00:00-0.683337.9833,4.5,4.1085,1890.1446347031963
895,2372,26/06/1890,01:00:00,38.9833,-0.5167,0.0,V,,1.0,Xàtiva.V,26/06/189001:00:00-0.516738.9833,5.0,4.381,1890.482305936073
896,2374,18/08/1890,00:00:00,37.9833,-0.6833,0.0,IV,,1.0,Torrevieja.A,18/08/189000:00:00-0.683337.9833,4.0,3.8360000000000003,1890.627397260274
897,2375,27/08/1890,08:45:00,37.9833,-0.6833,0.0,IV,,1.0,Torrevieja.A,27/08/189008:45:00-0.683337.9833,4.0,3.8360000000000003,1890.653053652968
898,2379,13/10/1890,02:00:00,38.7,-0.4667,0.0,IV,,1.0,Alcoy.A,13/10/189002:00:00-0.466738.7,4.0,3.8360000000000003,1890.7810502283105
899,2385,19/02/1891,03:19:00,39.4833,-0.7167,0.0,VI,,1.0,Chiva.V,19/02/189103:19:00-0.716739.4833,6.0,4.926,1891.1346251902587
900,2386,19/02/1891,23:40:00,39.4833,-0.7167,0.0,IV,,1.0,Chiva.V,19/02/189123:40:00-0.716739.4833,4.0,3.8360000000000003,1891.1369482496195
901,2392,11/08/1891,04:00:00,37.2,-1.9,0.0,V-VI,,1.0,Vera.AL,11/08/189104:00:00-1.937.2,5.5,4.6535,1891.6086757990868
902,2397,30/05/1892,14:15:00,37.9833,-0.6833,0.0,V,,1.0,Torrevieja.A,30/05/189214:15:00-0.683337.9833,5.0,4.381,1892.4114583333333
903,2398,18/07/1892,00:00:00,36.85,-2.95,0.0,III-IV,,1.0,Berja.AL,18/07/189200:00:00-2.9536.85,3.5,3.5635000000000003,1892.5437158469945
904,2399,20/07/1892,10:00:00,37.9833,-0.6833,0.0,IV,,1.0,Torrevieja.A,20/07/189210:00:00-0.683337.9833,4.0,3.8360000000000003,1892.5503187613842
906,2402,01/08/1892,14:30:00,36.85,-2.95,0.0,IV-V,,1.0,Berja.AL,01/08/189214:30:00-2.9536.85,4.5,4.1085,1892.5836179417122
907,2407,21/05/1893,09:30:00,37.3,-1.8833,0.0,IV-V,,1.0,Cuevas de Almanzora.AL,21/05/189309:30:00-1.883337.3,4.5,4.1085,1893.3846461187215
908,2410,02/09/1893,19:35:00,38.7,-0.4667,0.0,IV-V,,1.0,Alcoy.A,02/09/189319:35:00-0.466738.7,4.5,4.1085,1893.6707286910198
909,2413,20/02/1894,22:50:00,36.75,-3.8833,0.0,V,,1.0,Nerja.MA,20/02/189422:50:00-3.883336.75,5.0,4.381,1894.139592846271
910,2414,11/06/1894,03:30:00,37.1167,-2.6667,0.0,VII,,1.0,Nacimiento.AL,11/06/189403:30:00-2.666737.1167,7.0,5.471,1894.44149543379
911,2415,18/06/1894,03:55:00,37.4,-1.95,0.0,IV-V,,1.0,Huercal-Overa.AL,18/06/189403:55:00-1.9537.4,4.5,4.1085,1894.4607210806696
912,2419,01/09/1894,04:30:00,37.4,-1.95,0.0,IV-V,,1.0,Huercal-Overa.AL,01/09/189404:30:00-1.9537.4,4.5,4.1085,1894.6662671232878
914,2427,13/05/1895,02:30:00,37.0,-1.9,0.0,VI-VII,,1.0,Carboneras.AL,13/05/189502:30:00-1.937.0,6.5,5.1985,1895.3619292237443
915,2434,19/10/1895,14:50:00,37.2,-3.6,0.0,IV-V,,1.0,Granada,19/10/189514:50:00-3.637.2,4.5,4.1085,1895.7989535768645
916,2439,15/05/1896,08:45:00,38.0,-1.2,0.0,III,,1.0,Murcia,15/05/189608:45:00-1.238.0,3.0,3.2910000000000004,1896.3698485883424
917,2446,16/07/1896,11:45:00,38.6167,-1.1167,0.0,IV,,1.0,Yecla.MU,16/07/189611:45:00-1.116738.6167,4.0,3.8360000000000003,1896.5395890255008
918,2447,17/07/1896,23:30:00,38.6167,-1.1167,0.0,V-VI,,1.0,Yecla.MU,17/07/189623:30:00-1.116738.6167,5.5,4.6535,1896.5436589253188
919,2448,18/07/1896,00:30:00,38.6167,-1.1167,0.0,IV,,1.0,Yecla.MU,18/07/189600:30:00-1.116738.6167,4.0,3.8360000000000003,1896.5437727686704
920,2450,02/09/1896,00:00:00,39.5167,-0.4167,0.0,IV-V,,1.0,Burjasot.V,02/09/189600:00:00-0.416739.5167,4.5,4.1085,1896.6693989071039
921,2451,15/10/1896,00:00:00,38.1,-3.6333,0.0,IV-V,,1.0,Linares.J,15/10/189600:00:00-3.633338.1,4.5,4.1085,1896.7868852459017
922,2458,01/03/1897,00:00:00,37.75,-2.55,0.0,V-VI,,1.0,Galera.GR,01/03/189700:00:00-2.5537.75,5.5,4.6535,1897.1616438356164
923,2468,06/06/1897,08:30:00,37.0667,-3.8167,0.0,V,,1.0,Ventas de Huelma.GR,06/06/189708:30:00-3.816737.0667,5.0,4.381,1897.4283675799086
924,2472,13/10/1897,15:55:00,37.2,-3.6,0.0,VI,,1.0,Granada,13/10/189715:55:00-3.637.2,6.0,4.926,1897.7826388888889
925,2480,26/09/1898,05:30:00,38.1833,-1.1167,0.0,IV,,1.0,Fortuna.MU,26/09/189805:30:00-1.116738.1833,4.0,3.8360000000000003,1898.7348744292237
926,2482,13/01/1899,00:00:00,37.0333,-3.6167,0.0,IV,,1.0,Padul.GR,13/01/189900:00:00-3.616737.0333,4.0,3.8360000000000003,1899.0328767123287
927,2484,23/02/1899,21:30:00,38.5,-1.6333,0.0,IV,,1.0,Minateda.AB,23/02/189921:30:00-1.633338.5,4.0,3.8360000000000003,1899.1476598173515
929,2496,09/03/1900,04:20:00,37.6,-1.3167,0.0,IV,,1.0,Mazarrón.MU,09/03/190004:20:00-1.316737.6,4.0,3.8360000000000003,1900.1840563165906
930,2509,25/05/1901,03:25:00,36.7,-3.5,0.0,VII,,1.0,MOTRIL.GR,25/05/190103:25:00-3.536.7,7.0,5.471,1901.3949105783865
931,2518,25/02/1902,10:00:00,38.3833,-0.9167,0.0,V,,1.0,NOVELDA.A,25/02/190210:00:00-0.916738.3833,5.0,4.381,1902.1518264840183
932,2520,05/05/1902,06:00:00,38.0,-1.2,0.0,VI,,1.0,MURCIA,05/05/190206:00:00-1.238.0,6.0,4.926,1902.3404109589042
933,2522,08/05/1902,16:00:00,38.0,-1.2,0.0,IV,,1.0,MURCIA,08/05/190216:00:00-1.238.0,4.0,3.8360000000000003,1902.3497716894976
934,2538,25/02/1903,09:15:00,38.3,-0.65,0.0,IV,,1.0,ELCHE.A,25/02/190309:15:00-0.6538.3,4.0,3.8360000000000003,1903.15174086758
935,2539,26/02/1903,02:00:00,38.3,-0.65,0.0,III,,1.0,ELCHE.A,26/02/190302:00:00-0.6538.3,3.0,3.2910000000000004,1903.1536529680366
936,2540,05/03/1903,12:50:00,38.3,-0.65,0.0,III,,1.0,ELCHE.A,05/03/190312:50:00-0.6538.3,3.0,3.2910000000000004,1903.1740677321156
939,2557,28/07/1903,00:00:00,36.8,-3.2,0.0,VI,,1.0,ALBUÑOL.GR,28/07/190300:00:00-3.236.8,6.0,4.926,1903.5698630136985
940,2568,24/11/1903,00:00:00,37.6,-2.1,0.0,VI,,1.0,VELEZ RUBIO.AL,24/11/190300:00:00-2.137.6,6.0,4.926,1903.8958904109588
941,2569,25/11/1903,00:00:00,37.6,-2.1,0.0,V,,1.0,VELEZ RUBIO.AL,25/11/190300:00:00-2.137.6,5.0,4.381,1903.8986301369864
943,2580,24/04/1904,02:00:00,39.4,-0.4,0.0,V,,1.0,VALENCIA,24/04/190402:00:00-0.439.4,5.0,4.381,1904.311703096539
944,2581,18/05/1904,17:45:00,38.1167,-1.0,0.0,V,,1.0,BENFERRI.A,18/05/190417:45:00-1.038.1167,5.0,4.381,1904.3790698998178
945,2597,14/02/1905,04:00:00,38.0,-1.2,0.0,VI,,1.0,NORA.MU,14/02/190504:00:00-1.238.0,6.0,4.926,1905.12100456621
946,2601,15/04/1905,00:00:00,39.0,-0.2,0.0,IV,,1.0,GANDIA.V,15/04/190500:00:00-0.239.0,4.0,3.8360000000000003,1905.2849315068493
947,2613,19/02/1906,22:00:00,38.3,-0.8,0.0,IV,,1.0,CREVILLENTE.A,19/02/190622:00:00-0.838.3,4.0,3.8360000000000003,1906.1367579908676
948,2617,10/05/1906,23:00:00,38.3,-0.8,0.0,IV,,1.0,CREVILLENTE.A,10/05/190623:00:00-0.838.3,4.0,3.8360000000000003,1906.3560502283106
949,2623,07/06/1906,09:30:00,37.4,-2.0,0.0,V,,1.0,HUERCAL-OVERA.AL,07/06/190609:30:00-2.037.4,5.0,4.381,1906.4312214611873
951,2634,23/01/1907,06:15:00,38.3333,-0.5,0.0,V,,1.0,ALICANTE,23/01/190706:15:00-0.538.3333,5.0,4.381,1907.0609874429224
952,2635,11/02/1907,09:30:00,37.8,-1.4,0.0,V,,1.0,ALHAMA DE MURCIA.MU,11/02/190709:30:00-1.437.8,5.0,4.381,1907.113413242009
953,2642,16/04/1907,17:30:00,37.8,-1.5,0.0,VII,,1.0,TOTANA.MU,16/04/190717:30:00-1.537.8,7.0,5.471,1907.2896689497718
954,2645,21/04/1907,21:00:00,37.7,-1.7,0.0,IV,,1.0,LORCA.MU,21/04/190721:00:00-1.737.7,4.0,3.8360000000000003,1907.3037671232876
955,2662,16/11/1907,00:00:00,39.4,-0.5,0.0,V,,1.0,TORRENTE.V,16/11/190700:00:00-0.539.4,5.0,4.381,1907.8739726027397
956,2663,16/11/1907,10:29:18,36.8,-2.5,0.0,III,,1.0,ALMERIA,16/11/190710:29:18-2.536.8,3.0,3.2910000000000004,1907.8751699010654
957,2664,13/12/1907,22:57:00,37.2,-3.6,0.0,III,,1.0,GRANADA,13/12/190722:57:00-3.637.2,3.0,3.2910000000000004,1907.9505650684932
958,2674,06/06/1908,05:42:14,38.0,-1.2,0.0,IV,,1.0,MOLINA DE SEGURA.MU,06/06/190805:42:14-1.238.0,4.0,3.8360000000000003,1908.429611098462
959,2689,26/09/1908,09:50:10,38.15,-1.35,0.0,VI,,1.0,OJÓS.MU,26/09/190809:50:10-1.3538.15,6.0,4.926,1908.7360924534507
960,2693,26/10/1908,09:50:00,38.05,-1.45,0.0,III,,1.0,MULA.MU,26/10/190809:50:00-1.4538.05,3.0,3.2910000000000004,1908.818059350334
962,2729,21/02/1909,08:05:18,38.2833,-0.7333,0.0,V-VI,,1.0,ELCHE/ELX.A,21/02/190908:05:18-0.733338.2833,5.5,4.6535,1909.1406493531204
965,2735,26/03/1909,00:00:00,38.3,-0.8,0.0,V,,1.0,CREVILLENTE.A,26/03/190900:00:00-0.838.3,5.0,4.381,1909.2301369863014
966,2736,29/03/1909,10:00:00,39.0,-0.2,0.0,III,,1.0,GANDIA.V,29/03/190910:00:00-0.239.0,3.0,3.2910000000000004,1909.239497716895
967,2764,22/05/1909,08:59:40,37.1,-2.7,0.0,V,,1.0,NACIMIENTO.AL,22/05/190908:59:40-2.737.1,5.0,4.381,1909.3873281329275
968,2779,30/06/1909,18:30:00,38.0,-0.6667,0.0,III,,1.0,TORREVIEJA.A,30/06/190918:30:00-0.666738.0,3.0,3.2910000000000004,1909.4952625570777
969,2780,01/07/1909,14:12:18,38.0,-0.6667,0.0,VII,,1.0,TORREVIEJA.A,01/07/190914:12:18-0.666738.0,7.0,5.471,1909.4975119863013
970,2781,02/07/1909,00:52:00,38.0,-0.6667,0.0,V,,1.0,TORREVIEJA.A,02/07/190900:52:00-0.666738.0,5.0,4.381,1909.4987290715374
971,2782,02/07/1909,01:45:00,38.0,-0.6667,0.0,V,,1.0,TORREVIEJA.A,02/07/190901:45:00-0.666738.0,5.0,4.381,1909.4988299086758
972,2783,02/07/1909,03:00:00,38.0,-0.6667,0.0,IV,,1.0,TORREVIEJA.A,02/07/190903:00:00-0.666738.0,4.0,3.8360000000000003,1909.4989726027397
973,2784,02/07/1909,10:00:00,38.0,-0.6667,0.0,V,,1.0,TORREVIEJA.A,02/07/190910:00:00-0.666738.0,5.0,4.381,1909.4997716894977
974,2785,02/07/1909,12:02:20,38.0,-0.6667,0.0,VI,,1.0,TORREVIEJA.A,02/07/190912:02:20-0.666738.0,6.0,4.926,1909.500004439371
975,2786,02/07/1909,23:00:00,38.0,-0.6667,0.0,IV,,1.0,TORREVIEJA.A,02/07/190923:00:00-0.666738.0,4.0,3.8360000000000003,1909.5012557077625
976,2787,03/07/1909,05:30:00,38.0,-0.6667,0.0,III,,1.0,TORREVIEJA.A,03/07/190905:30:00-0.666738.0,3.0,3.2910000000000004,1909.501997716895
977,2788,04/07/1909,16:30:00,38.0,-0.6667,0.0,III,,1.0,TORREVIEJA.A,04/07/190916:30:00-0.666738.0,3.0,3.2910000000000004,1909.5059931506848
978,2789,05/07/1909,10:00:00,38.0,-0.6667,0.0,IV,,1.0,TORREVIEJA.A,05/07/190910:00:00-0.666738.0,4.0,3.8360000000000003,1909.50799086758
979,2791,18/07/1909,01:30:00,38.0833,-0.75,0.0,IV,,1.0,BENEJUZAR.A,18/07/190901:30:00-0.7538.0833,4.0,3.8360000000000003,1909.5426369863014
980,2792,19/07/1909,22:45:00,38.0,-0.6667,0.0,III,,1.0,TORREVIEJA.A,19/07/190922:45:00-0.666738.0,3.0,3.2910000000000004,1909.5478025114155
981,2794,20/07/1909,21:30:00,38.0,0.6667,0.0,III,,1.0,TORREVIEJA.A,20/07/190921:30:000.666738.0,3.0,3.2910000000000004,1909.550399543379
982,2796,25/07/1909,04:45:00,38.0,-0.6667,0.0,III,,1.0,TORREVIEJA.A,25/07/190904:45:00-0.666738.0,3.0,3.2910000000000004,1909.5621860730594
983,2797,30/07/1909,10:35:00,38.0,-0.6667,0.0,IV,,1.0,TORREVIEJA.A,30/07/190910:35:00-0.666738.0,4.0,3.8360000000000003,1909.576550608828
984,2800,04/08/1909,12:30:00,38.0,-0.6667,0.0,IV,,1.0,TORREVIEJA.A,04/08/190912:30:00-0.666738.0,4.0,3.8360000000000003,1909.5904680365297
985,2802,09/08/1909,00:00:00,38.0,-0.6667,0.0,V,,1.0,TORREVIEJA.A,09/08/190900:00:00-0.666738.0,5.0,4.381,1909.6027397260275
986,2804,10/08/1909,00:00:00,38.0,-0.6667,0.0,V,,1.0,TORREVIEJA.A,10/08/190900:00:00-0.666738.0,5.0,4.381,1909.6054794520549
987,2807,14/08/1909,00:00:00,38.0,-0.6667,0.0,III,,1.0,TORREVIEJA.A,14/08/190900:00:00-0.666738.0,3.0,3.2910000000000004,1909.6164383561643
988,2809,16/08/1909,00:00:00,38.0,-0.6667,0.0,III,,1.0,TORREVIEJA.A,16/08/190900:00:00-0.666738.0,3.0,3.2910000000000004,1909.6219178082192
989,2813,28/08/1909,00:00:00,38.0,-0.6667,0.0,V,,1.0,TORREVIEJA.A,28/08/190900:00:00-0.666738.0,5.0,4.381,1909.654794520548
990,2816,18/09/1909,12:38:03,37.4,-3.5,0.0,VI,,1.0,IZNALLOZ.GR,18/09/190912:38:03-3.537.4,6.0,4.926,1909.713771023592
991,2817,22/09/1909,05:24:14,37.0,-3.5,0.0,IV,,1.0,MONDUJAR.GR,22/09/190905:24:14-3.537.0,4.0,3.8360000000000003,1909.7239045535262
992,2820,29/09/1909,08:16:07,37.0833,-3.6,0.0,IV,,1.0,GRANADA,29/09/190908:16:07-3.637.0833,4.0,3.8360000000000003,1909.7434096588026
993,2821,30/09/1909,21:00:00,38.3,-0.8,0.0,VI,,1.0,CREVILLENTE.A,30/09/190921:00:00-0.838.3,6.0,4.926,1909.747602739726
994,2823,20/10/1909,06:40:04,37.2,-3.5667,0.0,V,,1.0,GRANADA,20/10/190906:40:04-3.566737.2,5.0,4.381,1909.8007611618468
995,2841,28/11/1909,00:00:00,38.1,-3.6,0.0,V,,1.0,LINARES.J,28/11/190900:00:00-3.638.1,5.0,4.381,1909.9068493150685
996,2846,12/12/1909,09:50:55,36.8,-3.2,0.0,V,,1.0,ALBUÑOL.GR,12/12/190909:50:55-3.236.8,5.0,4.381,1909.9463297501268
997,2862,12/04/1910,03:00:00,38.0,-0.7,0.0,VI,,1.0,TORREVIEJA.A,12/04/191003:00:00-0.738.0,6.0,4.926,1910.2770547945206
998,2870,14/05/1910,15:07:29,37.0833,-3.0,0.0,V,,1.0,PATERNA DEL RIO.AL,14/05/191015:07:29-3.037.0833,5.0,4.381,1910.3661101281075
999,2877,16/06/1910,04:16:41,36.6667,-3.3667,0.0,VIII,,1.0,ADRA.AL,16/06/191004:16:41-3.366736.6667,8.0,6.016,1910.4552828830542
1000,2878,16/06/1910,04:37:25,36.6667,-3.3667,0.0,III,,1.0,ADRA.AL,16/06/191004:37:25-3.366736.6667,3.0,3.2910000000000004,1910.4553223300354
1001,2879,16/06/1910,04:41:15,36.6667,-3.3667,0.0,IV,,1.0,ADRA.AL,16/06/191004:41:15-3.366736.6667,4.0,3.8360000000000003,1910.4553296232878
1002,2880,16/06/1910,07:20:00,36.6667,-3.3667,0.0,IV,,1.0,ADRA.AL,16/06/191007:20:00-3.366736.6667,4.0,3.8360000000000003,1910.4556316590563
1003,2881,16/06/1910,07:42:12,36.6667,-3.3667,0.0,IV,,1.0,ADRA.AL,16/06/191007:42:12-3.366736.6667,4.0,3.8360000000000003,1910.4556738964993
1004,2882,16/06/1910,10:52:04,36.6667,-3.3667,0.0,VI,,1.0,ADRA.AL,16/06/191010:52:04-3.366736.6667,6.0,4.926,1910.4560351344496
1005,2883,16/06/1910,16:27:30,36.6667,-3.3667,0.0,VII,,1.0,ADRA.AL,16/06/191016:27:30-3.366736.6667,7.0,5.471,1910.456673325723
1006,2884,16/06/1910,18:01:33,36.6667,-3.3667,0.0,V,,1.0,ADRA.AL,16/06/191018:01:33-3.366736.6667,5.0,4.381,1910.456852264079
1007,2885,16/06/1910,18:51:55,36.6667,-3.3667,0.0,V,,1.0,ADRA.AL,16/06/191018:51:55-3.366736.6667,5.0,4.381,1910.4569480910704
1008,2886,17/06/1910,03:52:35,36.6667,-3.3667,0.0,V,,1.0,ADRA.AL,17/06/191003:52:35-3.366736.6667,5.0,4.381,1910.4579767567225
1009,2887,18/06/1910,16:17:23,36.6667,-3.3667,0.0,IV,,1.0,ADRA.AL,18/06/191016:17:23-3.366736.6667,4.0,3.8360000000000003,1910.4621335299341
1010,2889,24/06/1910,00:00:00,38.9,-0.1,0.0,VI,,1.0,OLIVA.V,24/06/191000:00:00-0.138.9,6.0,4.926,1910.4767123287672
1011,2891,02/07/1910,00:00:00,38.0,-0.7,0.0,IV,,1.0,TORREVIEJA.A,02/07/191000:00:00-0.738.0,4.0,3.8360000000000003,1910.4986301369863
1012,2892,02/07/1910,03:21:32,36.6667,-3.3667,0.0,IV,,1.0,ADRA.AL,02/07/191003:21:32-3.366736.6667,4.0,3.8360000000000003,1910.499013571791
1013,2893,02/07/1910,05:00:00,36.6667,-3.3667,0.0,III,,1.0,ADRA.AL,02/07/191005:00:00-3.366736.6667,3.0,3.2910000000000004,1910.499200913242
1015,2896,07/07/1910,18:11:22,36.6667,-3.3667,0.0,IV,,1.0,ADRA.AL,07/07/191018:11:22-3.366736.6667,4.0,3.8360000000000003,1910.5144051877219
1016,2897,11/07/1910,03:00:00,36.6667,-3.3667,0.0,V,,1.0,ADRA.AL,11/07/191003:00:00-3.366736.6667,5.0,4.381,1910.5236301369864
1017,2898,11/07/1910,09:59:17,36.6667,-3.3667,0.0,VI,,1.0,ADRA.AL,11/07/191009:59:17-3.366736.6667,6.0,4.926,1910.5244278602233
1018,2899,14/07/1910,15:44:10,36.6667,-3.3667,0.0,III,,1.0,ADRA.AL,14/07/191015:44:10-3.366736.6667,3.0,3.2910000000000004,1910.533303209031
1019,2900,15/07/1910,06:27:30,36.6667,-3.3667,0.0,IV,,1.0,ADRA.AL,15/07/191006:27:30-3.366736.6667,4.0,3.8360000000000003,1910.534983828006
1020,2901,15/07/1910,11:00:00,36.6667,-3.3667,0.0,III,,1.0,ADRA.AL,15/07/191011:00:00-3.366736.6667,3.0,3.2910000000000004,1910.535502283105
1021,2904,08/08/1910,17:45:00,38.1,-0.6,0.0,V,,1.0,GUARDAMAR DEL SEGURA.A,08/08/191017:45:00-0.638.1,5.0,4.381,1910.6020262557079
1022,2908,22/08/1910,08:12:40,36.6667,-3.3667,0.0,IV,,1.0,ADRA.AL,22/08/191008:12:40-3.366736.6667,4.0,3.8360000000000003,1910.6392935058345
1023,2909,22/08/1910,20:15:00,36.8,-2.5,0.0,IV,,1.0,ALMERIA,22/08/191020:15:00-2.536.8,4.0,3.8360000000000003,1910.6406678082192
1024,2910,23/08/1910,00:00:00,36.8,-2.5,0.0,IV,,1.0,ALMERIA,23/08/191000:00:00-2.536.8,4.0,3.8360000000000003,1910.641095890411
1026,2912,28/08/1910,14:45:00,38.1,-0.8,0.0,III,,1.0,BENEJUZAR.A,28/08/191014:45:00-0.838.1,3.0,3.2910000000000004,1910.6564783105023
1027,2923,26/11/1910,04:50:00,38.0,-1.1667,0.0,V,,1.0,LOS JERONIMOS.MU,26/11/191004:50:00-1.166738.0,5.0,4.381,1910.9019216133943
1028,2924,05/12/1910,04:44:34,37.2,-3.7,0.0,VI,,1.0,SANTA FE.GR,05/12/191004:44:34-3.737.2,6.0,4.926,1910.9265688102487
1029,2936,08/03/1911,02:54:19,36.8,-3.25,0.0,IV,,1.0,ALBUÑOL.GR,08/03/191102:54:19-3.2536.8,4.0,3.8360000000000003,1911.1811535705226
1030,2937,15/03/1911,03:14:20,37.2,-3.7,0.0,IV,,1.0,GRANADA,15/03/191103:14:20-3.737.2,4.0,3.8360000000000003,1911.2003697361745
1031,2940,21/03/1911,14:15:35,38.0167,-1.25,0.0,VII-VIII,,1.0,LAS TORRES DE COTILLAS.MU,21/03/191114:15:35-1.2538.0167,7.5,5.7435,1911.218066178336
1032,2941,22/03/1911,11:25:00,38.0167,-1.2167,0.0,V,,1.0,LAS TORRES DE COTILLAS.MU,22/03/191111:25:00-1.216738.0167,5.0,4.381,1911.2204813546423
1033,2942,25/03/1911,08:00:00,38.0167,-1.2167,0.0,III,,1.0,LAS TORRES DE COTILLAS.MU,25/03/191108:00:00-1.216738.0167,3.0,3.2910000000000004,1911.2283105022832
1034,2943,25/03/1911,14:40:00,38.0167,-1.2167,0.0,V,,1.0,LAS TORRES DE COTILLAS.MU,25/03/191114:40:00-1.216738.0167,5.0,4.381,1911.2290715372908
1035,2944,29/03/1911,14:00:00,38.0167,-1.2167,0.0,III,,1.0,LAS TORRES DE COTILLAS.MU,29/03/191114:00:00-1.216738.0167,3.0,3.2910000000000004,1911.2399543378995
1036,2945,29/03/1911,14:44:00,38.0167,-1.2167,0.0,IV,,1.0,LAS TORRES DE COTILLAS.MU,29/03/191114:44:00-1.216738.0167,4.0,3.8360000000000003,1911.2400380517504
1037,2946,03/04/1911,11:11:11,38.0833,-1.25,0.0,VII,,1.0,LORQUI.MU,03/04/191111:11:11-1.2538.0833,7.0,5.471,1911.2533317795535
1038,2947,03/04/1911,12:20:00,38.0167,-1.2167,0.0,V,,1.0,LAS TORRES DE COTILLAS.MU,03/04/191112:20:00-1.216738.0167,5.0,4.381,1911.2534627092846
1040,2949,03/04/1911,14:29:46,38.1,-1.2,0.0,VI,,1.0,LORQUI.MU,03/04/191114:29:46-1.238.1,6.0,4.926,1911.253709601725
1041,2950,05/04/1911,03:55:00,38.1,-1.2,0.0,V,,1.0,LORQUI.MU,05/04/191103:55:00-1.238.1,5.0,4.381,1911.2579813546424
1042,2951,06/04/1911,11:30:00,38.1,-1.2,0.0,IV,,1.0,LORQUI.MU,06/04/191111:30:00-1.238.1,4.0,3.8360000000000003,1911.261586757991
1043,2953,07/04/1911,14:30:00,38.1,-1.2,0.0,III,,1.0,LORQUI.MU,07/04/191114:30:00-1.238.1,3.0,3.2910000000000004,1911.2646689497717
1044,2954,07/04/1911,17:00:00,38.1,-1.2,0.0,IV,,1.0,LORQUI.MU,07/04/191117:00:00-1.238.1,4.0,3.8360000000000003,1911.2649543378996
1045,2955,08/04/1911,03:15:00,38.1,-1.2,0.0,V,,1.0,LORQUI.MU,08/04/191103:15:00-1.238.1,5.0,4.381,1911.2661244292237
1046,2956,08/04/1911,11:45:00,38.1,-1.2,0.0,III,,1.0,LORQUI.MU,08/04/191111:45:00-1.238.1,3.0,3.2910000000000004,1911.2670947488584
1047,2957,13/04/1911,04:00:00,38.1,-1.2,0.0,VI,,1.0,LORQUI.MU,13/04/191104:00:00-1.238.1,6.0,4.926,1911.279908675799
1048,2958,14/04/1911,23:00:00,38.1,-1.2,0.0,III,,1.0,LORQUI.MU,14/04/191123:00:00-1.238.1,3.0,3.2910000000000004,1911.2848173515981
1049,2959,15/04/1911,02:00:00,38.1,-1.2,0.0,IV,,1.0,LORQUI.MU,15/04/191102:00:00-1.238.1,4.0,3.8360000000000003,1911.2851598173515
1050,2960,15/04/1911,04:20:00,38.1,-1.2,0.0,V,,1.0,LORQUI.MU,15/04/191104:20:00-1.238.1,5.0,4.381,1911.2854261796042
1051,2961,16/04/1911,18:00:00,38.1,-1.2,0.0,IV,,1.0,LORQUI.MU,16/04/191118:00:00-1.238.1,4.0,3.8360000000000003,1911.2897260273974
1052,2962,17/04/1911,03:00:00,38.1,-1.2,0.0,IV,,1.0,LORQUI.MU,17/04/191103:00:00-1.238.1,4.0,3.8360000000000003,1911.2907534246576
1053,2963,18/04/1911,15:00:00,38.1,-1.2,0.0,III,,1.0,LORQUI.MU,18/04/191115:00:00-1.238.1,3.0,3.2910000000000004,1911.2948630136987
1054,2964,18/04/1911,19:55:00,38.1,-1.2,0.0,V,,1.0,LORQUI.MU,18/04/191119:55:00-1.238.1,5.0,4.381,1911.2954242770168
1055,2965,19/04/1911,06:00:00,38.1,-1.2,0.0,IV,,1.0,LORQUI.MU,19/04/191106:00:00-1.238.1,4.0,3.8360000000000003,1911.2965753424658
1056,2966,19/04/1911,08:30:00,38.1,-1.2,0.0,III,,1.0,LORQUI.MU,19/04/191108:30:00-1.238.1,3.0,3.2910000000000004,1911.2968607305936
1057,2967,20/04/1911,03:30:00,38.1,-1.2,0.0,IV,,1.0,LORQUI.MU,20/04/191103:30:00-1.238.1,4.0,3.8360000000000003,1911.2990296803653
1058,2968,22/04/1911,04:00:00,38.1,-1.2,0.0,IV,,1.0,LORQUI.MU,22/04/191104:00:00-1.238.1,4.0,3.8360000000000003,1911.3045662100456
1059,2969,23/04/1911,02:30:00,38.1,-1.2,0.0,III,,1.0,LORQUI.MU,23/04/191102:30:00-1.238.1,3.0,3.2910000000000004,1911.3071347031964
1060,2970,23/04/1911,05:40:00,38.1,-1.2,0.0,IV,,1.0,LORQUI.MU,23/04/191105:40:00-1.238.1,4.0,3.8360000000000003,1911.307496194825
1061,2971,25/04/1911,23:10:00,38.1,-1.2,0.0,V,,1.0,LORQUI.MU,25/04/191123:10:00-1.238.1,5.0,4.381,1911.3149733637747
1062,2972,26/04/1911,09:00:00,38.1,-1.2,0.0,IV,,1.0,LORQUI.MU,26/04/191109:00:00-1.238.1,4.0,3.8360000000000003,1911.316095890411
1063,2973,27/04/1911,00:00:00,38.1,-1.2,0.0,V,,1.0,LORQUI.MU,27/04/191100:00:00-1.238.1,5.0,4.381,1911.317808219178
1064,2974,28/04/1911,01:15:00,38.1,-1.2,0.0,VI,,1.0,LORQUI.MU,28/04/191101:15:00-1.238.1,6.0,4.926,1911.3206906392695
1065,2975,29/04/1911,19:00:00,38.1,-1.2,0.0,IV,,1.0,LORQUI.MU,29/04/191119:00:00-1.238.1,4.0,3.8360000000000003,1911.3254566210046
1066,2976,30/04/1911,03:30:00,38.1,-1.2,0.0,III,,1.0,LORQUI.MU,30/04/191103:30:00-1.238.1,3.0,3.2910000000000004,1911.3264269406393
1067,2977,30/04/1911,04:00:00,38.1,-1.2,0.0,IV,,1.0,LORQUI.MU,30/04/191104:00:00-1.238.1,4.0,3.8360000000000003,1911.3264840182649
1068,2979,04/05/1911,03:30:00,38.1,-1.2,0.0,V,,1.0,LORQUI.MU,04/05/191103:30:00-1.238.1,5.0,4.381,1911.337385844749
1069,2980,04/05/1911,05:04:00,38.1,-1.2,0.0,IV,,1.0,LORQUI.MU,04/05/191105:04:00-1.238.1,4.0,3.8360000000000003,1911.3375646879756
1070,2981,05/05/1911,01:15:00,38.1,-1.2,0.0,V,,1.0,LORQUI.MU,05/05/191101:15:00-1.238.1,5.0,4.381,1911.3398687214612
1071,2982,06/05/1911,08:00:00,38.1,-1.2,0.0,IV,,1.0,LORQUI.MU,06/05/191108:00:00-1.238.1,4.0,3.8360000000000003,1911.3433789954338
1072,2983,07/05/1911,01:06:00,38.1,-1.2,0.0,VI,,1.0,LORQUI.MU,07/05/191101:06:00-1.238.1,6.0,4.926,1911.3453310502284
1073,2984,07/05/1911,03:45:00,38.1,-1.2,0.0,V,,1.0,LORQUI.MU,07/05/191103:45:00-1.238.1,5.0,4.381,1911.3456335616438
1074,2986,10/05/1911,09:55:30,38.1,-1.2,0.0,VI-VII,,1.0,LORQUI.MU,10/05/191109:55:30-1.238.1,6.5,5.1985,1911.3545576484019
1075,2987,13/05/1911,10:15:00,38.1,-1.2,0.0,IV,,1.0,LORQUI.MU,13/05/191110:15:00-1.238.1,4.0,3.8360000000000003,1911.3628139269406
1076,2988,14/05/1911,02:19:44,38.1,-1.2,0.0,V,,1.0,LORQUI.MU,14/05/191102:19:44-1.238.1,5.0,4.381,1911.3646494165398
1077,2989,16/05/1911,03:00:00,38.1,-1.2,0.0,III,,1.0,LORQUI.MU,16/05/191103:00:00-1.238.1,3.0,3.2910000000000004,1911.3702054794521
1078,2990,16/05/1911,22:20:21,38.1,-1.2,0.0,VI-VII,,1.0,LORQUI.MU,16/05/191122:20:21-1.238.1,6.5,5.1985,1911.3724131468798
1079,2991,17/05/1911,06:00:00,38.1,-1.2,0.0,III,,1.0,LORQUI.MU,17/05/191106:00:00-1.238.1,3.0,3.2910000000000004,1911.373287671233
1080,2992,17/05/1911,09:30:00,38.1,-1.2,0.0,IV,,1.0,LORQUI.MU,17/05/191109:30:00-1.238.1,4.0,3.8360000000000003,1911.373687214612
1081,2993,18/05/1911,02:30:00,38.1,-1.2,0.0,III,,1.0,LORQUI.MU,18/05/191102:30:00-1.238.1,3.0,3.2910000000000004,1911.3756278538813
1082,2994,19/05/1911,03:00:00,38.1,-1.2,0.0,IV,,1.0,LORQUI.MU,19/05/191103:00:00-1.238.1,4.0,3.8360000000000003,1911.3784246575342
1083,2996,20/05/1911,16:20:10,38.1,-1.2,0.0,VI,,1.0,LORQUI.MU,20/05/191116:20:10-1.238.1,6.0,4.926,1911.3826867706748
1084,2997,21/05/1911,04:30:00,38.1,-1.2,0.0,V,,1.0,LORQUI.MU,21/05/191104:30:00-1.238.1,5.0,4.381,1911.3840753424658
1085,2998,22/05/1911,09:30:00,38.1,-1.2,0.0,III,,1.0,LORQUI.MU,22/05/191109:30:00-1.238.1,3.0,3.2910000000000004,1911.387385844749
1086,2999,24/05/1911,18:03:47,38.1,-1.2,0.0,VI,,1.0,LORQUI.MU,24/05/191118:03:47-1.238.1,6.0,4.926,1911.3938428145611
1087,3001,31/05/1911,15:13:44,37.2,-3.7,0.0,VIII,,1.0,SANTA FE.GR,31/05/191115:13:44-3.737.2,8.0,6.016,1911.4126973617454
1088,3002,31/05/1911,18:22:18,37.2,-3.7,0.0,IV,,1.0,SANTA FE.GR,31/05/191118:22:18-3.737.2,4.0,3.8360000000000003,1911.4130561263319
1089,3003,31/05/1911,21:27:50,37.2,-3.7,0.0,V,,1.0,SANTA FE.GR,31/05/191121:27:50-3.737.2,5.0,4.381,1911.4134091197361
1093,3007,04/06/1911,16:53:09,37.2,-3.7,0.0,VII,,1.0,SANTA FE.GR,04/06/191116:53:09-3.737.2,7.0,5.471,1911.4238454147642
1094,3011,07/07/1911,03:55:00,38.2,-0.8,0.0,VI,,1.0,DOLORES.A,07/07/191103:55:00-0.838.2,6.0,4.926,1911.5127758751903
1095,3012,08/07/1911,00:49:04,37.2,-3.6167,0.0,III,,1.0,GRANADA,08/07/191100:49:04-3.616737.2,3.0,3.2910000000000004,1911.5151618467783
1096,3020,09/10/1911,01:15:00,38.5,-0.6,0.0,V,,1.0,TIBI.A,09/10/191101:15:00-0.638.5,5.0,4.381,1911.7700057077625
1097,3022,12/11/1911,00:00:00,38.1,-1.2,0.0,V,,1.0,LORQUI.MU,12/11/191100:00:00-1.238.1,5.0,4.381,1911.86301369863
1098,3023,17/11/1911,03:15:00,38.1,-1.2,0.0,V,,1.0,LORQUI.MU,17/11/191103:15:00-1.238.1,5.0,4.381,1911.8770833333333
1099,3029,21/12/1911,06:00:00,38.1,-1.2,0.0,V,,1.0,LORQUI.MU,21/12/191106:00:00-1.238.1,5.0,4.381,1911.9705479452055
1100,3041,27/01/1912,02:00:00,38.1,-1.2,0.0,IV,,1.0,LORQUI.MU,27/01/191202:00:00-1.238.1,4.0,3.8360000000000003,1912.0712659380692
1101,3042,29/01/1912,02:00:00,38.1,-1.2,0.0,IV,,1.0,LORQUI.MU,29/01/191202:00:00-1.238.1,4.0,3.8360000000000003,1912.0767304189435
1102,3043,03/02/1912,08:06:00,38.1,-1.2,0.0,III,,1.0,LORQUI.MU,03/02/191208:06:00-1.238.1,3.0,3.2910000000000004,1912.0910860655738
1103,3044,08/02/1912,05:45:00,38.1,-1.2,0.0,III,,1.0,LORQUI.MU,08/02/191205:45:00-1.238.1,3.0,3.2910000000000004,1912.1044797358834
1104,3045,11/02/1912,09:30:00,38.1,-1.2,0.0,IV,,1.0,LORQUI.MU,11/02/191209:30:00-1.238.1,4.0,3.8360000000000003,1912.1131033697632
1105,3050,20/02/1912,04:30:00,38.1,-1.2,0.0,III,,1.0,LORQUI.MU,20/02/191204:30:00-1.238.1,3.0,3.2910000000000004,1912.13712431694
1106,3051,22/02/1912,00:41:46,37.2,-3.6167,0.0,V,,1.0,GRANADA,22/02/191200:41:46-3.616737.2,5.0,4.381,1912.1421557503543
1107,3052,23/02/1912,04:00:00,38.1,-1.2,0.0,III,,1.0,LORQUI.MU,23/02/191204:00:00-1.238.1,3.0,3.2910000000000004,1912.1452641165756
1108,3059,01/04/1912,06:46:32,38.1,-0.9,0.0,IV,,1.0,ORIHUELA.A,01/04/191206:46:32-0.938.1,4.0,3.8360000000000003,1912.2494052317345
1109,3063,22/04/1912,03:22:45,37.1333,-2.7167,0.0,VII,,1.0,SE DOÑA MARÍA OCAÑA.AL,22/04/191203:22:45-2.716737.1333,7.0,5.471,1912.3063956246206
1110,3064,25/04/1912,20:35:00,38.1,-1.2,0.0,IV,,1.0,LORQUI.MU,25/04/191220:35:00-1.238.1,4.0,3.8360000000000003,1912.3165509259259
1111,3067,16/05/1912,00:45:50,37.2,-3.7,0.0,V,,1.0,SANTA FE.GR,16/05/191200:45:50-3.737.2,5.0,4.381,1912.371671663125
1112,3068,16/05/1912,01:51:47,37.2,-3.7,0.0,III,,1.0,SANTA FE.GR,16/05/191201:51:47-3.737.2,3.0,3.2910000000000004,1912.3717967959421
1113,3070,29/05/1912,00:31:38,37.2,-3.6,0.0,III,,1.0,GRANADA,29/05/191200:31:38-3.637.2,3.0,3.2910000000000004,1912.4071638458813
1114,3086,14/09/1912,19:59:27,37.2,-3.6,0.0,VI,,1.0,GRANADA,14/09/191219:59:27-3.637.2,6.0,4.926,1912.7044616158166
1115,3091,01/11/1912,07:45:00,38.3,-0.7,0.0,V,,1.0,ELCHE.A,01/11/191207:45:00-0.738.3,5.0,4.381,1912.8342156193078
1116,3092,12/11/1912,04:54:36,37.0,-3.9,0.0,V,,1.0,JAYENA.GR,12/11/191204:54:36-3.937.0,5.0,4.381,1912.863946948998
1117,3102,10/01/1913,07:20:00,38.3333,-0.5,0.0,III,,1.0,ALICANTE,10/01/191307:20:00-0.538.3333,3.0,3.2910000000000004,1913.025494672755
1118,3107,28/01/1913,13:30:00,38.0,-0.7,0.0,III,,1.0,TORREVIEJA.A,28/01/191313:30:00-0.738.0,3.0,3.2910000000000004,1913.0755136986302
1119,3108,31/01/1913,01:26:21,38.0,-0.7,0.0,V,,1.0,TORREVIEJA.A,31/01/191301:26:21-0.738.0,5.0,4.381,1913.0823560692543
1120,3117,13/05/1913,12:28:48,36.9667,-2.5833,0.0,III,,1.0,ALICUN.AL,13/05/191312:28:48-2.583336.9667,3.0,3.2910000000000004,1913.3630684931506
1121,3122,02/07/1913,04:49:03,36.9667,-2.5833,0.0,III,,1.0,ALICUN.AL,02/07/191304:49:03-2.583336.9667,3.0,3.2910000000000004,1913.4991800799087
1122,3123,04/07/1913,04:39:05,36.9667,-2.5833,0.0,VI,,1.0,ALICUN.AL,04/07/191304:39:05-2.583336.9667,6.0,4.926,1913.504640569508
1123,3130,11/08/1913,01:05:48,36.8,-3.2,0.0,VII,,1.0,ALBUÑOL.GR,11/08/191301:05:48-3.236.8,7.0,5.471,1913.608344368341
1125,3134,04/09/1913,11:29:04,36.7,-3.5,0.0,III,,1.0,MOTRIL.GR,04/09/191311:29:04-3.536.7,3.0,3.2910000000000004,1913.6752836123794
1126,3144,25/11/1913,02:27:29,37.7833,-2.5333,0.0,VII,,1.0,HUESCAR.GR,25/11/191302:27:29-2.533337.7833,7.0,5.471,1913.8989107369355
1127,3145,25/11/1913,05:45:00,37.7833,-2.5333,0.0,V,,1.0,HUESCAR.GR,25/11/191305:45:00-2.533337.7833,5.0,4.381,1913.8992865296805
1129,3153,02/02/1914,00:00:00,39.1,-0.5,0.0,VI,,1.0,VILLANUEVA CASTELLON.V,02/02/191400:00:00-0.539.1,6.0,4.926,1914.0876712328768
1130,3155,06/02/1914,21:50:03,37.1833,-3.6833,0.0,V,,1.0,SANTA FE.GR,06/02/191421:50:03-3.683337.1833,5.0,4.381,1914.1011226217656
1132,3164,17/03/1914,19:18:56,38.0333,-1.3333,0.0,VI,,1.0,CAMPOS DEL RIO.MU,17/03/191419:18:56-1.333338.0333,6.0,4.926,1914.20768442415
1135,3171,08/04/1914,18:19:01,37.1833,-3.7333,0.0,IV,,1.0,SANTA FE.GR,08/04/191418:19:01-3.733337.1833,4.0,3.8360000000000003,1914.2678444000508
1137,3182,28/05/1914,21:13:57,37.4,-1.7,0.0,V,,1.0,PULPI.AL,28/05/191421:13:57-1.737.4,5.0,4.381,1914.4051635273972
1138,3185,23/06/1914,10:13:56,36.7333,-3.5167,0.0,IV,,1.0,MOTRIL.GR,23/06/191410:13:56-3.516736.7333,4.0,3.8360000000000003,1914.4751406646371
1139,3186,27/06/1914,17:16:21,37.0667,-3.8167,0.0,V,,1.0,VENTAS DE HUELMA.GR,27/06/191417:16:21-3.816737.0667,5.0,4.381,1914.4869032534248
1140,3187,27/06/1914,17:21:19,37.0667,-3.8167,0.0,III,,1.0,VENTAS DE HUELMA.GR,27/06/191417:21:19-3.816737.0667,3.0,3.2910000000000004,1914.4869127029426
1141,3188,27/06/1914,19:43:59,37.0667,-3.8167,0.0,IV,,1.0,VENTAS DE HUELMA.GR,27/06/191419:43:59-3.816737.0667,4.0,3.8360000000000003,1914.4871841387621
1142,3189,03/07/1914,06:51:13,37.1833,-3.7333,0.0,III,,1.0,SANTA FE.GR,03/07/191406:51:13-3.733337.1833,3.0,3.2910000000000004,1914.5021522387112
1143,3198,24/10/1914,21:50:28,37.4,-1.95,0.0,III,,1.0,HUERCAL-OVERA.AL,24/10/191421:50:28-1.9537.4,3.0,3.2910000000000004,1914.8134521816337
1144,3210,08/01/1915,14:28:00,37.7667,-1.5,0.0,IV,,1.0,TOTANA.MU,08/01/191514:28:00-1.537.7667,4.0,3.8360000000000003,1915.0208295281584
1145,3219,11/04/1915,22:10:05,36.8,-2.5,0.0,IV,,1.0,ALMERIA,11/04/191522:10:05-2.536.8,4.0,3.8360000000000003,1915.276503202689
1146,3223,27/04/1915,06:00:00,37.3,-1.9,0.0,IV,,1.0,CUEVAS DE ALMANZORA.AL,27/04/191506:00:00-1.937.3,4.0,3.8360000000000003,1915.3184931506848
1147,3225,14/06/1915,00:00:00,37.3,-1.9,0.0,IV,,1.0,CUEVAS DE ALMANZORA.AL,14/06/191500:00:00-1.937.3,4.0,3.8360000000000003,1915.4493150684932
1148,3241,07/08/1915,00:27:46,36.9167,-2.4333,0.0,III,,1.0,PECHINA.AL,07/08/191500:27:46-2.433336.9167,3.0,3.2910000000000004,1915.597313102486
1149,3245,11/09/1915,00:03:03,37.1167,-2.55,0.0,IV,,1.0,GERGAL.AL,11/09/191500:03:03-2.5537.1167,4.0,3.8360000000000003,1915.6931564878234
1150,3246,11/09/1915,23:00:00,38.1,-3.7833,0.0,IV,,1.0,BAILEN.J,11/09/191523:00:00-3.783338.1,4.0,3.8360000000000003,1915.6957762557079
1151,3263,23/12/1915,19:10:00,38.1,-0.8333,0.0,III,,1.0,ALMORADI.A,23/12/191519:10:00-0.833338.1,3.0,3.2910000000000004,1915.9775304414004
1152,3267,09/02/1916,17:52:00,38.1,-0.9,0.0,IV,,1.0,ORIHUELA.A,09/02/191617:52:00-0.938.1,4.0,3.8360000000000003,1916.1085913782636
1153,3280,28/03/1916,05:02:43,38.1,-3.7833,0.0,III,,1.0,BAILEN.J,28/03/191605:02:43-3.783338.1,3.0,3.2910000000000004,1916.2382792893645
1154,3281,16/04/1916,04:17:27,38.6,-0.6,0.0,IV,,1.0,BIAR.A,16/04/191604:17:27-0.638.6,4.0,3.8360000000000003,1916.2901059691865
1156,3299,28/11/1916,22:05:46,38.5667,-0.95,0.0,VII,,1.0,SALINAS.A,28/11/191622:05:46-0.9538.5667,7.0,5.471,1916.9096193204816
1157,3302,25/12/1916,10:28:00,38.6667,0.5833,0.0,V,,1.0,MAR MEDITERRANEO,25/12/191610:28:000.583338.6667,5.0,4.381,1916.9820658773529
1158,3303,12/01/1917,23:52:48,36.6333,-3.6667,0.0,VI,,1.0,MAR DE ALBORAN,12/01/191723:52:48-3.666736.6333,6.0,4.926,1917.0328630136987
1159,3307,28/01/1917,22:32:31,38.0333,-1.2667,0.0,VI,,1.0,LAS TORRES DE COTILLAS.MU,28/01/191722:32:31-1.266738.0333,6.0,4.926,1917.076545884069
1160,3309,21/02/1917,18:55:00,37.3,-3.15,0.0,IV,,1.0,GUADIX.GR,21/02/191718:55:00-3.1537.3,4.0,3.8360000000000003,1917.1418854642313
1161,3312,17/03/1917,14:09:32,36.8333,-3.2167,0.0,III,,1.0,ALBONDON.GR,17/03/191714:09:32-3.216736.8333,3.0,3.2910000000000004,1917.2070957635717
1162,3313,30/03/1917,18:30:00,37.8,-1.5,0.0,III,,1.0,TOTANA.MU,30/03/191718:30:00-1.537.8,3.0,3.2910000000000004,1917.2432077625572
1163,3330,05/08/1917,15:14:47,38.8167,-0.6,0.0,IV,,1.0,ONTENIENTE.V,05/08/191715:14:47-0.638.8167,4.0,3.8360000000000003,1917.5935212772704
1164,3333,02/09/1917,22:38:00,36.8,-3.3,0.0,VI,,1.0,GUALCHOS.GR,02/09/191722:38:00-3.336.8,6.0,4.926,1917.6710768645357
1165,3340,17/10/1917,21:45:00,38.2,-0.5,0.0,IV,,1.0,SANTA POLA.A,17/10/191721:45:00-0.538.2,4.0,3.8360000000000003,1917.7942636986302
1166,3346,27/01/1918,16:30:00,39.4,-0.4,0.0,III,,1.0,RUZAFA.V,27/01/191816:30:00-0.439.4,3.0,3.2910000000000004,1918.0731164383562
1167,3355,24/04/1918,16:47:00,39.3,-0.4,0.0,IV,,1.0,ALGEMESI.V,24/04/191816:47:00-0.439.3,4.0,3.8360000000000003,1918.3115049467276
1168,3356,27/04/1918,14:41:03,37.2167,-3.6833,0.0,V,,1.0,ATARFE.GR,27/04/191814:41:03-3.683337.2167,5.0,4.381,1918.3194844939117
1169,3357,27/04/1918,14:45:53,37.2167,-3.6833,0.0,III,,1.0,ATARFE.GR,27/04/191814:45:53-3.683337.2167,3.0,3.2910000000000004,1918.3194936897514
1170,3358,28/04/1918,10:11:00,37.2167,-3.6833,0.0,VII,,1.0,ATARFE.GR,28/04/191810:11:00-3.683337.2167,7.0,5.471,1918.3217104261796
1171,3359,28/04/1918,10:32:47,37.2167,-3.6833,0.0,III,,1.0,ATARFE.GR,28/04/191810:32:47-3.683337.2167,3.0,3.2910000000000004,1918.3217518708777
1172,3360,29/04/1918,04:00:20,37.2167,-3.6833,0.0,III,,1.0,ATARFE.GR,29/04/191804:00:20-3.683337.2167,3.0,3.2910000000000004,1918.3237449264334
1173,3374,21/06/1918,04:00:00,39.2,-2.1667,0.0,III,,1.0,LA RODA.AB,21/06/191804:00:00-2.166739.2,3.0,3.2910000000000004,1918.4689497716895
1174,3380,18/08/1918,03:00:00,38.2,-0.5,0.0,IV,,1.0,SANTA POLA.A,18/08/191803:00:00-0.538.2,4.0,3.8360000000000003,1918.6277397260274
1175,3382,04/09/1918,02:14:29,38.55,-0.7,0.0,V,,1.0,CASTALLA.A,04/09/191802:14:29-0.738.55,5.0,4.381,1918.6742284690513
1176,3385,24/09/1918,14:15:45,36.8333,-2.4667,0.0,V,,1.0,ALMERIA,24/09/191814:15:45-2.466736.8333,5.0,4.381,1918.730395262557
1177,3387,07/11/1918,13:40:15,38.7,-0.4667,0.0,IV,,1.0,ALCOY.A,07/11/191813:40:15-0.466738.7,4.0,3.8360000000000003,1918.8508756659057
1178,3388,22/11/1918,18:13:00,38.0833,-0.8,0.0,VI,,1.0,ALGORFA.A,22/11/191818:13:00-0.838.0833,6.0,4.926,1918.8924904870623
1179,3392,20/01/1919,12:15:00,38.7,-0.5,0.0,IV,,1.0,ALCOY.A,20/01/191912:15:00-0.538.7,4.0,3.8360000000000003,1919.053453196347
1180,3397,09/04/1919,09:21:06,37.15,-3.6667,0.0,IV,,1.0,CULLAR-VEGA.GR,09/04/191909:21:06-3.666737.15,4.0,3.8360000000000003,1919.2695606925417
1183,3404,29/05/1919,13:12:12,37.1333,-3.6667,0.0,III,,1.0,GABIA LA GRANDE.GR,29/05/191913:12:12-3.666737.1333,3.0,3.2910000000000004,1919.4069866818875
1184,3405,06/06/1919,12:21:15,37.1667,-3.5667,0.0,IV,,1.0,GRANADA,06/06/191912:21:15-3.566737.1667,4.0,3.8360000000000003,1919.4288075532725
1186,3407,27/06/1919,05:31:35,37.2,-3.6,0.0,III,,1.0,GRANADA,27/06/191905:31:35-3.637.2,3.0,3.2910000000000004,1919.4855623731607
1187,3408,27/06/1919,15:54:42,37.2,-3.6,0.0,III,,1.0,GRANADA,27/06/191915:54:42-3.637.2,3.0,3.2910000000000004,1919.4867479071538
1189,3413,15/08/1919,22:30:00,37.8,-1.5,0.0,III,,1.0,TOTANA.MU,15/08/191922:30:00-1.537.8,3.0,3.2910000000000004,1919.6217465753425
1190,3416,10/09/1919,10:40:31,37.9833,-0.8667,0.0,VII-VIII,5.2,1.0,W SAN MIGUEL DE SALINAS.A,10/09/191910:40:31-0.866737.9833,7.5,5.7435,1919.69162959792
1191,3417,10/09/1919,10:56:44,37.9833,-0.8667,0.0,VII,5.1,1.0,W SAN MIGUEL DE SALINAS.A,10/09/191910:56:44-0.866737.9833,7.0,5.471,1919.6916604515475
1192,3418,10/09/1919,11:59:01,37.9833,-0.8667,0.0,VI,,1.0,W SAN MIGUEL DE SALINAS.A,10/09/191911:59:01-0.866737.9833,6.0,4.926,1919.69177895104
1193,3419,10/09/1919,14:22:29,37.9833,-0.8667,0.0,VI,,1.0,W SAN MIGUEL DE SALINAS.A,10/09/191914:22:29-0.866737.9833,6.0,4.926,1919.6920519089294
1194,3420,11/09/1919,00:38:25,38.0833,-0.8333,0.0,V,,1.0,JACARILLA.A,11/09/191900:38:25-0.833338.0833,5.0,4.381,1919.693223776002
1195,3421,11/09/1919,05:20:39,38.0833,-0.8333,0.0,III,,1.0,JACARILLA.A,11/09/191905:20:39-0.833338.0833,3.0,3.2910000000000004,1919.6937607496195
1196,3422,11/09/1919,15:00:00,38.0833,-0.8333,0.0,IV,,1.0,JACARILLA.A,11/09/191915:00:00-0.833338.0833,4.0,3.8360000000000003,1919.6948630136985
1197,3425,23/09/1919,06:30:00,38.0833,-0.8333,0.0,IV,,1.0,JACARILLA.A,23/09/191906:30:00-0.833338.0833,4.0,3.8360000000000003,1919.7267694063928
1198,3426,24/09/1919,11:15:00,38.0833,-0.8333,0.0,III,,1.0,JACARILLA.A,24/09/191911:15:00-0.833338.0833,3.0,3.2910000000000004,1919.730051369863
1199,3428,07/10/1919,07:30:00,38.0833,-0.8333,0.0,V,,1.0,JACARILLA.A,07/10/191907:30:00-0.833338.0833,5.0,4.381,1919.7652397260274
1200,3430,18/10/1919,03:15:00,38.0833,-0.8333,0.0,IV,,1.0,JACARILLA.A,18/10/191903:15:00-0.833338.0833,4.0,3.8360000000000003,1919.7948915525114
1201,3431,27/10/1919,13:31:21,38.0833,-0.8333,0.0,III,,1.0,JACARILLA.A,27/10/191913:31:21-0.833338.0833,3.0,3.2910000000000004,1919.8207217465754
1202,3432,05/11/1919,04:25:42,38.0833,-0.8333,0.0,V,,1.0,JACARILLA.A,05/11/191904:25:42-0.833338.0833,5.0,4.381,1919.8443411339422
1203,3433,09/11/1919,08:06:14,38.0833,-0.8333,0.0,V,,1.0,JACARILLA.A,09/11/191908:06:14-0.833338.0833,5.0,4.381,1919.8557196220193
1205,3457,06/05/1920,21:53:42,37.4,-2.2,0.0,V,,1.0,CANTORIA.AL,06/05/192021:53:42-2.237.4,5.0,4.381,1920.3467548952642
1207,3462,14/05/1920,09:53:43,36.8333,-2.4667,0.0,III,,1.0,ALMERIA,14/05/192009:53:43-2.466736.8333,3.0,3.2910000000000004,1920.367246730166
1208,3463,18/05/1920,20:10:00,38.2,-0.5,0.0,V,,1.0,SANTA POLA.A,18/05/192020:10:00-0.538.2,5.0,4.381,1920.3793450212509
1209,3467,15/06/1920,02:02:19,37.1667,-3.5667,0.0,IV,,1.0,GRANADA,15/06/192002:02:19-3.566737.1667,4.0,3.8360000000000003,1920.4537839948896
1210,3468,01/07/1920,15:07:19,38.2,-0.55,0.0,VI,,1.0,SANTA POLA.A,01/07/192015:07:19-0.5538.2,6.0,4.926,1920.4989892924002
1211,3469,13/07/1920,01:36:12,37.1,-2.1333,0.0,III,,1.0,SORBAS.AL,13/07/192001:36:12-2.133337.1,3.0,3.2910000000000004,1920.530237173649
1212,3472,05/08/1920,04:00:00,38.1,-0.6,0.0,IV,,1.0,GUARDAMAR DEL SEGURA.A,05/08/192004:00:00-0.638.1,4.0,3.8360000000000003,1920.5933515482695
1213,3475,26/09/1920,22:39:33,38.0833,-0.7167,0.0,V,,1.0,ROJALES.A,26/09/192022:39:33-0.716738.0833,5.0,4.381,1920.7375522730722
1214,3476,05/10/1920,00:00:00,38.1,-1.3,0.0,V,,1.0,OJOS.MU,05/10/192000:00:00-1.338.1,5.0,4.381,1920.75956284153
1215,3478,09/10/1920,21:10:00,38.0833,-0.65,0.0,III,,1.0,GUARDAMAR DEL SEGURA.A,09/10/192021:10:00-0.6538.0833,3.0,3.2910000000000004,1920.772901487553
1216,3481,22/10/1920,22:20:18,37.1667,-3.5667,0.0,V,,1.0,GRANADA,22/10/192022:20:18-3.566737.1667,5.0,4.381,1920.8085539996964
1217,3482,23/11/1920,08:20:51,37.1667,-3.5667,0.0,III,,1.0,GRANADA,23/11/192008:20:51-3.566737.1667,3.0,3.2910000000000004,1920.894392930328
1218,3485,30/11/1920,21:09:59,37.2167,-3.6333,0.0,IV,,1.0,PELIGROS.GR,30/11/192021:09:59-3.633337.2167,4.0,3.8360000000000003,1920.9149779586621
1219,3487,01/12/1920,09:09:44,37.2167,-3.6333,0.0,V,,1.0,PELIGROS.GR,01/12/192009:09:44-3.633337.2167,5.0,4.381,1920.9163436045335
1221,3492,18/12/1920,09:30:00,38.2,-0.5,0.0,III,,1.0,SANTA POLA.A,18/12/192009:30:00-0.538.2,3.0,3.2910000000000004,1920.9628301457194
1222,3496,01/01/1921,13:00:00,38.1,-0.8,0.0,IV,,1.0,ALMORADI.A,01/01/192113:00:00-0.838.1,4.0,3.8360000000000003,1921.0014840182648
1223,3497,02/01/1921,00:00:00,38.0,-0.9,0.0,III,,1.0,BIGASTRO.A,02/01/192100:00:00-0.938.0,3.0,3.2910000000000004,1921.0027397260274
1224,3498,04/01/1921,02:00:00,38.0833,-0.7167,0.0,III,,1.0,ROJALES.A,04/01/192102:00:00-0.716738.0833,3.0,3.2910000000000004,1921.0084474885846
1225,3499,08/01/1921,03:09:07,37.7667,-1.5,0.0,V,,1.0,TOTANA.MU,08/01/192103:09:07-1.537.7667,5.0,4.381,1921.0195378932015
1226,3500,22/01/1921,10:30:32,37.7667,-1.5,0.0,V,,1.0,TOTANA.MU,22/01/192110:30:32-1.537.7667,5.0,4.381,1921.0587338914256
1227,3501,02/02/1921,22:45:00,37.9,-0.85,0.0,III,,1.0,REBATE.A,02/02/192122:45:00-0.8537.9,3.0,3.2910000000000004,1921.0902682648402
1228,3505,30/03/1921,05:19:26,36.7833,-2.3333,0.0,III,,1.0,GOLFO DE ALMERIA,30/03/192105:19:26-2.333336.7833,3.0,3.2910000000000004,1921.2417036402842
1229,3511,29/04/1921,18:27:09,37.1333,-3.6667,0.0,IV,,1.0,GABIA LA GRANDE.GR,29/04/192118:27:09-3.666737.1333,4.0,3.8360000000000003,1921.3253941210046
1232,3516,19/08/1921,15:45:00,38.1,-0.8,0.0,III,,1.0,ALMORADI.A,19/08/192115:45:00-0.838.1,3.0,3.2910000000000004,1921.6319349315067
1237,3534,02/02/1922,14:00:00,38.2,-1.4,0.0,III,,1.0,BLANCA.MU,02/02/192214:00:00-1.438.2,3.0,3.2910000000000004,1922.0892694063928
1238,3535,09/02/1922,07:57:59,36.8333,-2.4667,0.0,III,,1.0,ALMERIA,09/02/192207:57:59-2.466736.8333,3.0,3.2910000000000004,1922.1077587201928
1239,3536,26/02/1922,05:48:04,38.95,-0.4,0.0,III,,1.0,BENIGANIM.V,26/02/192205:48:04-0.438.95,3.0,3.2910000000000004,1922.1540868848301
1240,3538,06/04/1922,03:08:56,37.1667,-3.6,0.0,IV,,1.0,GRANADA,06/04/192203:08:56-3.637.1667,4.0,3.8360000000000003,1922.2606334348047
1241,3539,26/04/1922,00:00:00,37.2,-3.6,0.0,IV,,1.0,GRANADA,26/04/192200:00:00-3.637.2,4.0,3.8360000000000003,1922.3150684931506
1242,3540,01/05/1922,05:00:05,37.1667,-3.6,0.0,IV,,1.0,GRANADA,01/05/192205:00:05-3.637.1667,4.0,3.8360000000000003,1922.3293380580924
1244,3547,27/07/1922,03:01:12,36.9833,-3.5667,0.0,VII,,1.0,DURCAL.GR,27/07/192203:01:12-3.566736.9833,7.0,5.471,1922.5674680365296
1245,3559,15/09/1922,16:11:23,38.5,0.25,0.0,VI,,1.0,MAR MEDITERRANEO,15/09/192216:11:230.2538.5,6.0,4.926,1922.7059577308473
1246,3560,21/09/1922,20:08:51,37.1833,-3.7333,0.0,IV,,1.0,SANTA FE.GR,21/09/192220:08:51-3.733337.1833,4.0,3.8360000000000003,1922.722847888128
1247,3564,25/09/1922,14:13:29,37.1833,-3.7333,0.0,III,,1.0,SANTA FE.GR,25/09/192214:13:29-3.733337.1833,3.0,3.2910000000000004,1922.7331306760527
1249,3590,30/03/1923,16:39:00,37.1667,-2.0,0.0,III,,1.0,BEDAR.AL,30/03/192316:39:00-2.037.1667,3.0,3.2910000000000004,1923.2429965753424
1252,3601,17/06/1923,19:00:00,38.9833,-0.1833,0.0,III,,1.0,GANDIA.V,17/06/192319:00:00-0.183338.9833,3.0,3.2910000000000004,1923.459703196347
1253,3602,29/06/1923,00:27:41,36.8333,-2.4667,0.0,III,,1.0,ALMERIA,29/06/192300:27:41-2.466736.8333,3.0,3.2910000000000004,1923.4904636288686
1255,3615,26/08/1923,01:30:00,39.1833,-0.5,0.0,III,,1.0,ALCUDIA DE CARLET.V,26/08/192301:30:00-0.539.1833,3.0,3.2910000000000004,1923.64948630137
1256,3617,25/09/1923,16:30:13,38.1,-0.8333,0.0,IV,,1.0,ALMORADI.A,25/09/192316:30:13-0.833338.1,4.0,3.8360000000000003,1923.7333908231863
1257,3618,29/09/1923,22:49:25,38.8333,-0.6,0.0,V,,1.0,ONTENIENTE.V,29/09/192322:49:25-0.638.8333,5.0,4.381,1923.745071188483
1258,3629,22/11/1923,18:30:04,37.1667,-3.6,0.0,IV,,1.0,GRANADA,22/11/192318:30:04-3.637.1667,4.0,3.8360000000000003,1923.8925229578895
1259,3640,14/02/1924,04:51:05,38.8333,-0.6,0.0,III,,1.0,ONTENIENTE.V,14/02/192404:51:05-0.638.8333,3.0,3.2910000000000004,1924.1207708776058
1260,3642,24/02/1924,01:10:36,37.1833,-3.7333,0.0,III,,1.0,SANTA FE.GR,24/02/192401:10:36-3.733337.1833,3.0,3.2910000000000004,1924.1476749392834
1261,3646,04/03/1924,01:50:30,37.1667,-0.3333,0.0,III,,1.0,MAR MEDITERRANEO,04/03/192401:50:30-0.333337.1667,3.0,3.2910000000000004,1924.1723408090468
1263,3653,06/06/1924,21:10:00,39.0,-0.2,0.0,III,,1.0,GANDIA.V,06/06/192421:10:00-0.239.0,3.0,3.2910000000000004,1924.4313714329082
1265,3655,05/07/1924,00:28:56,37.1667,-1.9333,0.0,III,,1.0,LOS GALLARDOS.AL,05/07/192400:28:56-1.933337.1667,3.0,3.2910000000000004,1924.5082516191055
1266,3660,26/07/1924,11:00:00,39.1333,-0.4333,0.0,V,,1.0,ALCIRA.V,26/07/192411:00:00-0.433339.1333,5.0,4.381,1924.5668260473587
1267,3665,23/09/1924,19:30:00,38.1,-0.8,0.0,III,,1.0,ALMORADI.V,23/09/192419:30:00-0.838.1,3.0,3.2910000000000004,1924.7289959016393
1268,3668,18/10/1924,22:47:30,37.0667,-3.8,0.0,V,,1.0,VENTAS DE HUELMA.GR,18/10/192422:47:30-3.837.0667,5.0,4.381,1924.7976766469337
1270,3694,06/02/1925,20:40:00,37.9667,-1.1167,0.0,III,,1.0,MURCIA,06/02/192520:40:00-1.116737.9667,3.0,3.2910000000000004,1925.1009893455098
1272,3700,07/04/1925,04:51:30,37.1667,-1.9333,0.0,IV,,1.0,LOS GALLARDOS.AL,07/04/192504:51:30-1.933337.1667,4.0,3.8360000000000003,1925.2635683028918
1273,3705,06/05/1925,23:50:00,37.8,-1.5,0.0,III,,1.0,TOTANA.MU,06/05/192523:50:00-1.537.8,3.0,3.2910000000000004,1925.3451864535768
1274,3706,12/05/1925,19:19:11,36.8333,-2.6333,0.0,IV,,1.0,VICAR.AL,12/05/192519:19:11-2.633336.8333,4.0,3.8360000000000003,1925.3611095573312
1276,3745,17/03/1926,16:49:56,37.0,-2.6,0.0,VI,,1.0,ALSODUX.AL,17/03/192616:49:56-2.637.0,6.0,4.926,1926.20740093861
1278,3750,12/06/1926,23:29:22,36.7667,-2.3667,0.0,VI,4.5,1.0,GOLFO DE ALMERIA,12/06/192623:29:22-2.366736.7667,6.0,4.926,1926.446517059868
1279,3771,22/10/1926,00:22:00,37.1667,-1.9333,0.0,III,,1.0,LOS GALLARDOS.AL,22/10/192600:22:00-1.933337.1667,3.0,3.2910000000000004,1926.8055213089801
1280,3776,15/11/1926,06:30:00,38.2,-0.5333,0.0,IV,,1.0,SANTA POLA.A,15/11/192606:30:00-0.533338.2,4.0,3.8360000000000003,1926.8719748858448
1281,3778,01/12/1926,20:35:44,36.8333,-3.2167,0.0,V,,1.0,ALBONDON.GR,01/12/192620:35:44-3.216736.8333,5.0,4.381,1926.9174195839676
1282,3779,01/12/1926,21:04:16,36.8333,-3.2167,0.0,IV,,1.0,ALBONDON.GR,01/12/192621:04:16-3.216736.8333,4.0,3.8360000000000003,1926.9174738711315
1283,3785,06/01/1927,22:15:20,36.8333,-2.4667,0.0,III,,1.0,ALMERIA,06/01/192722:15:20-2.466736.8333,3.0,3.2910000000000004,1927.0162392186708
1284,3800,14/03/1927,00:00:20,37.3,-1.85,0.0,V,,1.0,CUEVAS DE VERA.AL,14/03/192700:00:20-1.8537.3,5.0,4.381,1927.1972609081683
1286,3808,21/04/1927,00:00:00,38.1,-0.8,0.0,III,,1.0,ALMORADI.A,21/04/192700:00:00-0.838.1,3.0,3.2910000000000004,1927.3013698630136
1287,3809,14/05/1927,02:24:55,36.8333,-2.4667,0.0,IV,3.5,1.0,ALMERIA,14/05/192702:24:55-2.466736.8333,4.0,3.8360000000000003,1927.3646592782852
1288,3810,17/05/1927,00:00:00,38.3,-3.6,0.0,IV,,1.0,LA CAROLINA.J,17/05/192700:00:00-3.638.3,4.0,3.8360000000000003,1927.372602739726
1289,3816,14/07/1927,19:18:31,37.25,-3.75,0.0,IV,,1.0,PINOS PUENTE.GR,14/07/192719:18:31-3.7537.25,4.0,3.8360000000000003,1927.5337110286657
1290,3818,10/08/1927,19:00:00,38.9333,-0.45,0.0,III,,1.0,BENIGANIM.V,10/08/192719:00:00-0.4538.9333,3.0,3.2910000000000004,1927.6076484018265
1291,3819,10/08/1927,22:00:00,38.9333,-0.45,0.0,III,,1.0,BENIGANIM.V,10/08/192722:00:00-0.4538.9333,3.0,3.2910000000000004,1927.60799086758
1292,3820,12/08/1927,05:30:00,38.9333,-0.45,0.0,III,,1.0,BENIGANIM.V,12/08/192705:30:00-0.4538.9333,3.0,3.2910000000000004,1927.6115867579908
1293,3821,17/08/1927,03:44:55,36.6667,-2.1667,0.0,IV,,1.0,MAR DE ALBORAN,17/08/192703:44:55-2.166736.6667,4.0,3.8360000000000003,1927.6250854578893
1294,3825,11/09/1927,17:00:17,37.1667,-3.6,0.0,IV,,1.0,GRANADA,11/09/192717:00:17-3.637.1667,4.0,3.8360000000000003,1927.6950918632674
1295,3827,20/09/1927,09:58:17,38.5333,-0.5,0.0,III,3.8,1.0,JIJONA.A,20/09/192709:58:17-0.538.5333,3.0,3.2910000000000004,1927.718946505581
1296,3832,20/10/1927,11:00:00,38.5333,-0.5,0.0,III,,1.0,JIJONA.A,20/10/192711:00:00-0.538.5333,3.0,3.2910000000000004,1927.8012557077625
1297,3834,24/10/1927,13:36:59,37.8333,-1.4167,0.0,V,,1.0,ALHAMA DE MURCIA.MU,24/10/192713:36:59-1.416737.8333,5.0,4.381,1927.812513286403
1298,3842,31/12/1927,07:13:02,36.8333,-2.4667,0.0,IV,3.2,1.0,ALMERIA,31/12/192707:13:02-2.466736.8333,4.0,3.8360000000000003,1927.9980841577878
1299,3843,05/01/1928,10:01:50,36.8333,-2.5,0.0,IV,,1.0,GOLFO DE ALMERIA,05/01/192810:01:50-2.536.8333,4.0,3.8360000000000003,1928.012070873811
1300,3844,09/01/1928,16:38:39,36.6667,-2.55,0.0,III,3.0,1.0,GOLFO DE ALMERIA,09/01/192816:38:39-2.5536.6667,3.0,3.2910000000000004,1928.0237527512143
1301,3852,19/02/1928,20:47:08,37.25,-3.75,0.0,IV,,1.0,PINOS PUENTE.GR,19/02/192820:47:08-3.7537.25,4.0,3.8360000000000003,1928.136246078729
1303,3854,16/03/1928,10:59:38,36.9667,-2.2,0.0,IV,,1.0,NIJAR.AL,16/03/192810:59:38-2.236.9667,4.0,3.8360000000000003,1928.2061696139444
1304,3858,28/04/1928,13:46:07,37.1333,-3.65,0.0,IV,,1.0,ARMILLA.GR,28/04/192813:46:07-3.6537.1333,4.0,3.8360000000000003,1928.3239718364198
1306,3883,05/12/1928,02:42:39,36.9167,-2.8833,0.0,IV,3.8,1.0,SIERRA DE GADOR.AL,05/12/192802:42:39-2.883336.9167,4.0,3.8360000000000003,1928.926538118549
1307,3888,21/12/1928,11:21:22,36.9167,-2.8833,0.0,III,2.8,1.0,SIERRA DE GADOR.AL,21/12/192811:21:22-2.883336.9167,3.0,3.2910000000000004,1928.9712381729407
1309,3892,04/01/1929,21:15:00,37.1667,-1.9333,0.0,IV,,1.0,LOS GALLARDOS.AL,04/01/192921:15:00-1.933337.1667,4.0,3.8360000000000003,1929.010644977169
1310,3904,23/03/1929,16:54:22,36.85,-2.95,0.0,IV,3.0,1.0,BERJA.AL,23/03/192916:54:22-2.9536.85,4.0,3.8360000000000003,1929.223847729579
1311,3909,04/05/1929,20:27:45,37.5167,-3.4,0.0,V,,1.0,TORRE CANDELA.GR,04/05/192920:27:45-3.437.5167,5.0,4.381,1929.3393222031964
1312,3911,16/05/1929,20:07:48,37.05,-3.8167,0.0,IV,,1.0,VENTAS DE HUELMA.GR,16/05/192920:07:48-3.816737.05,4.0,3.8360000000000003,1929.372160958904
1313,3913,09/06/1929,04:02:05,37.1667,-3.6,0.0,III,,1.0,GRANADA,09/06/192904:02:05-3.637.1667,3.0,3.2910000000000004,1929.4360770230846
1315,3915,17/07/1929,06:43:12,36.7333,-3.7,0.0,IV,,1.0,ALMUÑECAR.GR,17/07/192906:43:12-3.736.7333,4.0,3.8360000000000003,1929.5404931506848
1316,3921,30/09/1929,20:13:17,37.1667,-3.6,0.0,IV,,1.0,GRANADA,30/09/192920:13:17-3.637.1667,4.0,3.8360000000000003,1929.747513857179
1317,3922,30/09/1929,21:35:51,37.1667,-3.6,0.0,III,,1.0,GRANADA,30/09/192921:35:51-3.637.1667,3.0,3.2910000000000004,1929.7476709474886
1318,3925,29/11/1929,07:49:28,37.2,-1.9167,0.0,V,,1.0,LOS GALLARDOS.AL,29/11/192907:49:28-1.916737.2,5.0,4.381,1929.9104822425165
1319,3932,06/01/1930,08:43:58,36.85,-2.95,0.0,IV,,1.0,BERJA.AL,06/01/193008:43:58-2.9536.85,4.0,3.8360000000000003,1930.0146955225773
1320,3940,06/03/1930,22:52:41,37.2,-1.9167,0.0,IV,3.2,1.0,LOS GALLARDOS.AL,06/03/193022:52:41-1.916737.2,4.0,3.8360000000000003,1930.177954115931
1321,3941,06/03/1930,23:04:40,37.2333,-1.8667,0.0,V,,1.0,VERA.AL,06/03/193023:04:40-1.866737.2333,5.0,4.381,1930.1779769152715
1322,3943,07/03/1930,07:00:00,37.2,-1.9167,0.0,III,,1.0,LOS GALLARDOS.AL,07/03/193007:00:00-1.916737.2,3.0,3.2910000000000004,1930.1788812785387
1323,3944,10/03/1930,05:37:58,37.2,-1.9167,0.0,IV,3.4,1.0,LOS GALLARDOS.AL,10/03/193005:37:58-1.916737.2,4.0,3.8360000000000003,1930.186944381025
1324,3945,10/03/1930,12:05:00,37.2,-1.9167,0.0,III,,1.0,LOS GALLARDOS.AL,10/03/193012:05:00-1.916737.2,3.0,3.2910000000000004,1930.1876807458143
1325,3946,12/03/1930,07:24:59,37.2,-1.9167,0.0,III,,1.0,LOS GALLARDOS.AL,12/03/193007:24:59-1.916737.2,3.0,3.2910000000000004,1930.192627441654
1326,3947,12/03/1930,22:30:00,37.2,-1.9167,0.0,III,,1.0,LOS GALLARDOS.AL,12/03/193022:30:00-1.916737.2,3.0,3.2910000000000004,1930.1943493150684
1327,3948,15/03/1930,02:35:00,37.2,-1.9167,0.0,III,,1.0,LOS GALLARDOS.AL,15/03/193002:35:00-1.916737.2,3.0,3.2910000000000004,1930.2002949010655
1328,3951,25/03/1930,21:50:00,37.2,-1.9167,0.0,III,,1.0,LOS GALLARDOS.AL,25/03/193021:50:00-1.916737.2,3.0,3.2910000000000004,1930.229889649924
1329,3954,17/04/1930,14:50:00,37.2,-1.9167,0.0,III,,1.0,LOS GALLARDOS.AL,17/04/193014:50:00-1.916737.2,3.0,3.2910000000000004,1930.292104261796
1330,3958,07/05/1930,22:55:00,39.0,-0.1667,0.0,III,,1.0,GANDIA.V,07/05/193022:55:00-0.166739.0,3.0,3.2910000000000004,1930.3478215372907
1331,3960,21/05/1930,01:00:00,37.2,-1.9167,0.0,III,,1.0,LOS GALLARDOS.AL,21/05/193001:00:00-1.916737.2,3.0,3.2910000000000004,1930.3836757990869
1332,3965,30/06/1930,06:59:35,38.0,-1.1333,0.0,IV,,1.0,MURCIA,30/06/193006:59:35-1.133338.0,4.0,3.8360000000000003,1930.4939489789447
1333,3967,12/07/1930,02:10:00,37.2,-1.9167,0.0,IV,,1.0,LOS GALLARDOS.AL,12/07/193002:10:00-1.916737.2,4.0,3.8360000000000003,1930.5262747336378
1334,3968,19/07/1930,09:05:50,38.1833,-1.3667,0.0,III,,1.0,BLANCA.MU,19/07/193009:05:50-1.366738.1833,3.0,3.2910000000000004,1930.5462439751395
1335,3969,06/08/1930,03:58:04,37.3667,-2.15,0.0,VI,3.3,1.0,ALBOX.AL,06/08/193003:58:04-2.1537.3667,6.0,4.926,1930.594973490614
1336,3970,08/08/1930,17:10:15,38.8167,-0.5833,0.0,V,3.6,1.0,ONTENIENTE.V,08/08/193017:10:15-0.583338.8167,5.0,4.381,1930.6019601407916
1337,3972,10/08/1930,01:07:14,38.9167,-2.75,0.0,V,,1.0,OSSA DE MONTIEL.AB,10/08/193001:07:14-2.7538.9167,5.0,4.381,1930.6056073693558
1338,3974,16/08/1930,10:05:00,37.2,-1.9167,0.0,III,,1.0,LOS GALLARDOS.AL,16/08/193010:05:00-1.916737.2,3.0,3.2910000000000004,1930.6230688736682
1339,3979,03/09/1930,09:59:58,38.03,-1.25,0.0,VI,3.7,1.0,LAS TORRES DE COTILLAS.MU,03/09/193009:59:58-1.2538.03,6.0,4.926,1930.6723743658042
1340,3980,04/09/1930,13:44:46,38.0667,-1.2333,0.0,IV,,1.0,LORQUI.MU,04/09/193013:44:46-1.233338.0667,4.0,3.8360000000000003,1930.6755417935058
1341,3982,06/09/1930,07:00:00,38.0667,-1.2333,0.0,IV,,1.0,LORQUI.MU,06/09/193007:00:00-1.233338.0667,4.0,3.8360000000000003,1930.6802511415526
1342,3984,16/09/1930,00:30:44,36.9667,-2.2,0.0,V,3.4,1.0,NIJAR.AL,16/09/193000:30:44-2.236.9667,5.0,4.381,1930.7069077879248
1344,3990,30/09/1930,13:48:18,36.9667,-2.2,0.0,IV,,1.0,NIJAR.AL,30/09/193013:48:18-2.236.9667,4.0,3.8360000000000003,1930.7467813926942
1345,3993,09/10/1930,23:15:00,37.1667,-1.9333,0.0,III,,1.0,LOS GALLARDOS.AL,09/10/193023:15:00-1.933337.1667,3.0,3.2910000000000004,1930.7725171232876
1346,3996,12/11/1930,21:13:15,37.15,-3.6167,0.0,V,,1.0,GRANADA,12/11/193021:13:15-3.616737.15,5.0,4.381,1930.8654361681888
1347,3999,16/11/1930,11:32:39,37.3833,-1.9333,0.0,III,,1.0,HUERCAL-OVERA.AL,16/11/193011:32:39-1.933337.3833,3.0,3.2910000000000004,1930.8752904299847
1349,4001,24/11/1930,07:29:11,38.8167,-0.5833,0.0,V,3.8,1.0,ONTENIENTE.V,24/11/193007:29:11-0.583338.8167,5.0,4.381,1930.8967450215628
1350,4003,28/11/1930,04:30:00,37.1667,-1.9333,0.0,III,,1.0,LOS GALLARDOS.AL,28/11/193004:30:00-1.933337.1667,3.0,3.2910000000000004,1930.9073630136986
1351,4005,01/12/1930,16:50:31,37.1667,-3.6,0.0,III,,1.0,GRANADA,01/12/193016:50:31-3.637.1667,3.0,3.2910000000000004,1930.9169910895484
1352,4012,17/01/1931,16:10:38,37.2167,-3.7833,0.0,IV,,1.0,FUENTE VAQUEROS.GR,17/01/193116:10:38-3.783337.2167,4.0,3.8360000000000003,1931.0456823313039
1353,4013,21/01/1931,21:13:25,37.2167,-3.7833,0.0,IV,,1.0,FUENTE VAQUEROS.GR,21/01/193121:13:25-3.783337.2167,4.0,3.8360000000000003,1931.0572173072044
1354,4014,26/01/1931,03:16:15,38.6333,-1.1833,0.0,VI,4.0,1.0,YECLA.MU,26/01/193103:16:15-1.183338.6333,6.0,4.926,1931.0688665334856
1355,4015,26/01/1931,16:58:49,38.6333,-1.1833,0.0,V,3.3,1.0,YECLA.MU,26/01/193116:58:49-1.183338.6333,5.0,4.381,1931.0704315385592
1356,4016,28/01/1931,20:35:22,38.65,-0.45,0.0,V,,1.0,ALCOY.A,28/01/193120:35:22-0.4538.65,5.0,4.381,1931.0763229959412
1357,4019,03/03/1931,12:54:25,37.1667,-3.6,0.0,IV,,1.0,GRANADA,03/03/193112:54:25-3.637.1667,4.0,3.8360000000000003,1931.1685966831558
1358,4020,04/03/1931,00:34:20,37.2,-1.9167,0.0,III,,1.0,LOS GALLARDOS.AL,04/03/193100:34:20-1.916737.2,3.0,3.2910000000000004,1931.16992833587
1359,4022,09/03/1931,19:55:00,38.0833,-0.9333,0.0,III,,1.0,ORIHUELA.A,09/03/193119:55:00-0.933338.0833,3.0,3.2910000000000004,1931.1858352359209
1360,4023,20/03/1931,08:14:16,36.6667,-2.4667,0.0,III,3.3,1.0,ALMERIA,20/03/193108:14:16-2.466736.6667,3.0,3.2910000000000004,1931.2146390157282
1361,4027,22/04/1931,01:30:00,37.1667,-1.9333,0.0,III,,1.0,LOS GALLARDOS.AL,22/04/193101:30:00-1.933337.1667,3.0,3.2910000000000004,1931.3042808219177
1362,4028,02/05/1931,06:41:07,37.15,-3.6333,0.0,IV,,1.0,GRANADA,02/05/193106:41:07-3.633337.15,4.0,3.8360000000000003,1931.3322700088788
1363,4032,18/06/1931,04:05:00,37.1667,-1.9333,0.0,III,,1.0,LOS GALLARDOS.AL,18/06/193104:05:00-1.933337.1667,3.0,3.2910000000000004,1931.4607401065448
1364,4033,19/06/1931,09:19:00,37.9333,-1.1167,0.0,V,,1.0,LA ALBERCA.MU,19/06/193109:19:00-1.116737.9333,5.0,4.381,1931.4640772450532
1365,4034,30/06/1931,13:35:49,36.55,-3.5,0.0,IV,3.3,1.0,MAR DE ALBORAN,30/06/193113:35:49-3.536.55,4.0,3.8360000000000003,1931.4947028475394
1366,4036,06/07/1931,07:00:00,38.0,-1.1333,0.0,III,,1.0,MURCIA,06/07/193107:00:00-1.133338.0,3.0,3.2910000000000004,1931.510388127854
1367,4039,21/07/1931,02:45:00,37.1667,-1.9333,0.0,V,,1.0,LOS GALLARDOS.AL,21/07/193102:45:00-1.933337.1667,5.0,4.381,1931.5509988584474
1368,4041,31/08/1931,14:43:02,37.1667,-3.6,0.0,III,,1.0,GRANADA,31/08/193114:43:02-3.637.1667,3.0,3.2910000000000004,1931.664693746829
1370,4045,29/10/1931,00:06:42,38.35,-0.5,0.0,III,,1.0,ALICANTE,29/10/193100:06:42-0.538.35,3.0,3.2910000000000004,1931.824670281583
1371,4052,17/12/1931,01:05:45,38.0,-1.0333,0.0,V,,1.0,ALQUERIAS.MU,17/12/193101:05:45-1.033338.0,5.0,4.381,1931.9590292047185
1372,4057,05/03/1932,02:10:26,37.4167,-2.45,0.0,VII,4.8,1.0,LUCAR.AL,05/03/193202:10:26-2.4537.4167,7.0,5.471,1932.1751108707751
1376,4062,04/04/1932,09:53:00,37.6667,-1.7,0.0,V,,1.0,LORCA.MU,04/04/193209:53:00-1.737.6667,5.0,4.381,1932.257955752884
1377,4073,31/08/1932,07:34:47,37.6667,-1.7,0.0,IV,3.5,1.0,LORCA.MU,31/08/193207:34:47-1.737.6667,4.0,3.8360000000000003,1932.664797327211
1378,4077,02/10/1932,05:19:45,37.2,-1.9167,0.0,IV,3.4,1.0,LOS GALLARDOS.AL,02/10/193205:19:45-1.916737.2,4.0,3.8360000000000003,1932.7519728104128
1379,4079,15/10/1932,12:38:15,37.2,-1.9167,0.0,III,,1.0,LOS GALLARDOS.AL,15/10/193212:38:15-1.916737.2,3.0,3.2910000000000004,1932.7883239412567
1381,4089,23/01/1933,21:27:19,37.2,-1.9167,0.0,III,,1.0,LOS GALLARDOS.AL,23/01/193321:27:19-1.916737.2,3.0,3.2910000000000004,1933.0627232052257
1382,4094,13/03/1933,06:30:30,38.2,-1.0333,0.0,III,,1.0,ABANILLA.MU,13/03/193306:30:30-1.033338.2,3.0,3.2910000000000004,1933.1952635083715
1383,4096,20/03/1933,16:38:41,38.9167,-1.7167,0.0,V,3.5,1.0,CHINCHILLA.AB,20/03/193316:38:41-1.716738.9167,5.0,4.381,1933.2155987125825
1386,4103,21/06/1933,18:46:16,38.05,-1.0833,0.0,IV,3.9,1.0,ESPARRAGAL.MU,21/06/193318:46:16-1.083338.05,4.0,3.8360000000000003,1933.470635971588
1387,4104,17/07/1933,18:13:33,37.2333,-2.8,0.0,III,3.1,1.0,FIÑANA.AL,17/07/193318:13:33-2.837.2333,3.0,3.2910000000000004,1933.5418066019786
1388,4106,18/07/1933,06:56:24,38.0833,-0.95,0.0,IV,,1.0,ORIHUELA.A,18/07/193306:56:24-0.9538.0833,4.0,3.8360000000000003,1933.5432579908677
1390,4109,24/08/1933,17:25:11,37.2,-3.6667,0.0,IV,3.7,1.0,SIERRA ELVIRA.GR,24/08/193317:25:11-3.666737.2,4.0,3.8360000000000003,1933.6458241692035
1391,4112,16/10/1933,13:45:51,36.9333,-2.4333,0.0,IV,3.5,1.0,PECHINA.AL,16/10/193313:45:51-2.433336.9333,4.0,3.8360000000000003,1933.790612347793
1392,4114,21/10/1933,18:30:50,37.1,-3.6667,0.0,III,,1.0,ALHENDIN.GR,21/10/193318:30:50-3.666737.1,3.0,3.2910000000000004,1933.8048531836632
1393,4122,26/12/1933,04:50:00,37.1667,-1.9333,0.0,III,,1.0,LOS GALLARDOS.AL,26/12/193304:50:00-1.933337.1667,3.0,3.2910000000000004,1933.9841133942161
1394,4124,10/01/1934,20:46:52,37.1667,-3.6,0.0,III,,1.0,GRANADA,10/01/193420:46:52-3.637.1667,3.0,3.2910000000000004,1934.0270298072044
1395,4125,11/01/1934,05:56:31,37.1667,-3.6,0.0,III,,1.0,GRANADA,11/01/193405:56:31-3.637.1667,3.0,3.2910000000000004,1934.0280755644344
1396,4127,01/02/1934,04:44:58,38.8833,-0.6,0.0,III,,1.0,AYELO DE MALFERIT.V,01/02/193404:44:58-0.638.8833,3.0,3.2910000000000004,1934.0854736808726
1398,4135,01/05/1934,22:24:03,37.1,-3.6667,0.0,IV,,1.0,ALHENDIN.GR,01/05/193422:24:03-3.666737.1,4.0,3.8360000000000003,1934.3313242960426
1399,4142,04/07/1934,00:00:00,37.1167,-3.5667,0.0,III,,1.0,CAJAR.GR,04/07/193400:00:00-3.566737.1167,3.0,3.2910000000000004,1934.504109589041
1400,4144,18/07/1934,06:11:31,36.75,-3.5167,0.0,III,,1.0,MOTRIL.GR,18/07/193406:11:31-3.516736.75,3.0,3.2910000000000004,1934.5431725963979
1401,4145,29/07/1934,17:05:03,36.6667,-3.1667,0.0,V,3.7,1.0,MAR DE ALBORAN,29/07/193417:05:03-3.166736.6667,5.0,4.381,1934.5745529870624
1402,4146,02/08/1934,20:33:21,37.25,-3.75,0.0,IV,,1.0,PINOS PUENTE.GR,02/08/193420:33:21-3.7537.25,4.0,3.8360000000000003,1934.5859082001523
1403,4150,25/10/1934,11:30:00,37.7667,-3.9,0.0,III,,1.0,TORRE DEL CAMPO.J,25/10/193411:30:00-3.937.7667,3.0,3.2910000000000004,1934.815011415525
1404,4152,02/11/1934,11:15:00,37.35,-2.0333,0.0,III,,1.0,ZURGENA.AL,02/11/193411:15:00-2.033337.35,3.0,3.2910000000000004,1934.8369006849316
1405,4155,17/11/1934,00:28:53,37.05,-2.2,0.0,IV,,1.0,LUCAINENA.AL,17/11/193400:28:53-2.237.05,4.0,3.8360000000000003,1934.8767672818367
1406,4157,09/12/1934,03:15:00,37.05,-2.2,0.0,III,,1.0,LUCAINENA.AL,09/12/193403:15:00-2.237.05,3.0,3.2910000000000004,1934.937357305936
1407,4158,12/12/1934,10:30:00,37.1833,-1.9833,0.0,IV,,1.0,BEDAR.AL,12/12/193410:30:00-1.983337.1833,4.0,3.8360000000000003,1934.9464041095891
1408,4161,07/01/1935,22:55:00,37.7833,-3.5,0.0,III,,1.0,TORRES DE ALBANCHEZ.J,07/01/193522:55:00-3.537.7833,3.0,3.2910000000000004,1935.019054414003
1409,4162,08/01/1935,10:21:50,37.1833,-3.8333,0.0,IV,,1.0,SANTAFE.GR,08/01/193510:21:50-3.833337.1833,4.0,3.8360000000000003,1935.0203611745308
1410,4163,16/01/1935,05:38:50,37.05,-2.2,0.0,IV,,1.0,LUCAINENA.AL,16/01/193505:38:50-2.237.05,4.0,3.8360000000000003,1935.041740550482
1411,4164,21/01/1935,02:20:00,37.85,-1.4167,0.0,III,,1.0,ALHAMA DE MURCIA.MU,21/01/193502:20:00-1.416737.85,3.0,3.2910000000000004,1935.0550608828007
1412,4167,11/02/1935,10:41:31,36.5167,-2.8,0.0,IV,3.5,1.0,MAR DE ALBORAN,11/02/193510:41:31-2.836.5167,4.0,3.8360000000000003,1935.1135493087265
1413,4171,11/03/1935,07:52:24,37.9667,-0.6833,0.0,IV,4.1,1.0,TORREVIEJA.A,11/03/193507:52:24-0.683337.9667,4.0,3.8360000000000003,1935.1899398782343
1414,4178,06/05/1935,11:29:17,37.25,-3.75,0.0,IV,,1.0,PINOS PUENTE.GR,06/05/193511:29:17-3.7537.25,4.0,3.8360000000000003,1935.3437771752917
1415,4181,19/05/1935,06:15:00,37.85,-1.4167,0.0,III,,1.0,ALHAMA DE MURCIA.MU,19/05/193506:15:00-1.416737.85,3.0,3.2910000000000004,1935.3787956621004
1416,4185,27/06/1935,17:27:04,37.4167,-3.2667,0.0,III,4.2,1.0,HUELAGO.GR,27/06/193517:27:04-3.266737.4167,3.0,3.2910000000000004,1935.486923642821
1418,4189,18/09/1935,22:58:07,37.0833,-3.6333,0.0,III,,1.0,OTURA.GR,18/09/193522:58:07-3.633337.0833,3.0,3.2910000000000004,1935.714950754693
1419,4191,06/10/1935,15:13:15,36.6167,-2.9667,0.0,III,3.8,1.0,MAR DE ALBORAN,06/10/193515:13:15-2.966736.6167,3.0,3.2910000000000004,1935.7633813736682
1420,4192,10/10/1935,14:14:33,37.4,-2.0833,0.0,IV,,1.0,ALBOX.AL,10/10/193514:14:33-2.083337.4,4.0,3.8360000000000003,1935.7742285958905
1422,4194,15/10/1935,05:05:39,37.25,-3.5667,0.0,IV,3.8,1.0,SIERRA ALFAGUARA.GR,15/10/193505:05:39-3.566737.25,4.0,3.8360000000000003,1935.7868828957382
1423,4202,15/11/1935,07:39:11,37.3333,-2.45,0.0,IV,4.1,1.0,TIJOLA.AL,15/11/193507:39:11-2.4537.3333,4.0,3.8360000000000003,1935.8721065131913
1424,4204,05/12/1935,22:15:51,37.7167,-1.1667,0.0,III,3.7,1.0,FUENTEALAMO.MU,05/12/193522:15:51-1.166737.7167,3.0,3.2910000000000004,1935.9285689687977
1426,4212,25/01/1936,04:08:15,38.1,-3.6333,0.0,III,,1.0,LINARES.J,25/01/193604:08:15-3.633338.1,3.0,3.2910000000000004,1936.066044797359
1427,4217,30/01/1936,09:35:18,38.0667,-1.2667,0.0,VI,,1.0,CEUTI.MU,30/01/193609:35:18-1.266738.0667,6.0,4.926,1936.08032654068
1429,4220,26/02/1936,06:43:40,37.1333,-3.0833,0.0,III,,1.0,ALDEIRE.GR,26/02/193606:43:40-3.083337.1333,3.0,3.2910000000000004,1936.1537713772516
1430,4224,01/03/1936,14:27:05,37.0,-2.4167,0.0,IV,3.6,1.0,TABERNAS.AL,01/03/193614:27:05-2.416737.0,4.0,3.8360000000000003,1936.1655796207751
1431,4235,27/03/1936,18:32:46,37.4,-2.6667,0.0,IV,,1.0,CANILES.GR,27/03/193618:32:46-2.666737.4,4.0,3.8360000000000003,1936.2370840290428
1433,4294,13/06/1936,00:36:59,38.2333,-1.4167,0.0,IV,4.5,1.0,CIEZA.MU,13/06/193600:36:59-1.416738.2333,4.0,3.8360000000000003,1936.448157603471
1435,4298,26/06/1936,16:20:26,37.1833,-3.7333,0.0,IV,,1.0,SANTAFE.GR,26/06/193616:20:26-3.733337.1833,4.0,3.8360000000000003,1936.4854668209878
1437,4316,24/09/1936,08:22:00,37.0,-2.4167,0.0,IV,,1.0,TABERNAS.AL,24/09/193608:22:00-2.416737.0,4.0,3.8360000000000003,1936.730460686096
1438,4317,25/09/1936,12:01:57,37.0333,-3.6333,0.0,IV,,1.0,PADUL.GR,25/09/193612:01:57-3.633337.0333,4.0,3.8360000000000003,1936.733610257286
1439,4322,22/12/1936,23:20:02,36.8333,-2.4667,0.0,IV,3.4,1.0,ALMERIA,22/12/193623:20:02-2.466736.8333,4.0,3.8360000000000003,1936.9753340037441
1440,4324,29/12/1936,06:21:31,36.8333,-2.4667,0.0,IV,3.4,1.0,ALMERIA,29/12/193606:21:31-2.466736.8333,4.0,3.8360000000000003,1936.9925271642885
1441,4335,11/06/1937,14:26:10,37.1667,-3.6,0.0,IV,,1.0,GRANADA,11/06/193714:26:10-3.637.1667,4.0,3.8360000000000003,1937.4427438483003
1442,4338,20/07/1937,00:27:07,36.8333,-2.4667,0.0,IV,4.1,1.0,ALMERIA,20/07/193700:27:07-2.466736.8333,4.0,3.8360000000000003,1937.547996797311
1446,4342,15/08/1937,22:10:04,37.1667,-3.6,0.0,III,,1.0,GRANADA,15/08/193722:10:04-3.637.1667,3.0,3.2910000000000004,1937.6217086504312
1447,4351,30/12/1937,02:06:45,38.8033,-0.6667,5.0,V,4.7,1.0,SW ONTINYENT.V,30/12/193702:06:45-0.666738.8033,5.0,4.381,1937.9947617009132
1449,4360,11/07/1938,09:06:40,37.1,-3.65,0.0,V,4.0,1.0,ALHENDIN.GR,11/07/193809:06:40-3.6537.1,5.0,4.381,1938.52432775241
1450,4364,07/10/1938,12:40:36,37.1333,-3.6333,0.0,III,,1.0,ARMILLA.GR,07/10/193812:40:36-3.633337.1333,3.0,3.2910000000000004,1938.7658306697108
1451,4366,12/12/1938,19:46:26,38.9833,-0.6833,0.0,V,4.5,1.0,ENGUERA.V,12/12/193819:46:26-0.683338.9833,5.0,4.381,1938.9474627727043
1453,4370,08/01/1939,09:05:25,38.25,0.0,0.0,IV,,1.0,MAR MEDITERRANEO,08/01/193909:05:250.038.25,4.0,3.8360000000000003,1939.0202157851345
1454,4371,08/01/1939,10:09:24,36.8,-3.8833,0.0,IV,3.9,1.0,FRIGILIANA.MA,08/01/193910:09:24-3.883336.8,4.0,3.8360000000000003,1939.0203375190258
1455,4380,27/03/1939,05:08:46,37.1833,-3.7333,0.0,III,,1.0,SANTAFE.GR,27/03/193905:08:46-3.733337.1833,3.0,3.2910000000000004,1939.2334641679352
1461,4407,22/05/1940,12:10:22,38.6667,-0.8333,0.0,IV,3.7,1.0,VILLENA.A,22/05/194012:10:22-0.833338.6667,4.0,3.8360000000000003,1940.3893639318965
1462,4409,06/06/1940,01:49:13,37.2833,-3.8833,0.0,V,,1.0,ILLORA.GR,06/06/194001:49:13-3.883337.2833,5.0,4.381,1940.429168975157
1464,4418,17/08/1940,22:58:15,36.6167,-2.5,0.0,IV,4.3,1.0,MAR DE ALBORAN,17/08/194022:58:15-2.536.6167,4.0,3.8360000000000003,1940.6282981367638
1465,4420,25/08/1940,00:21:45,38.1167,-1.3333,0.0,V,3.7,1.0,ULEA.MU,25/08/194000:21:45-1.333338.1167,5.0,4.381,1940.6475822518214
1466,4423,13/09/1940,06:44:44,38.8833,-0.6833,0.0,V,3.4,1.0,VALLADA.V,13/09/194006:44:44-0.683338.8833,5.0,4.381,1940.7002214885651
1467,4426,07/10/1940,18:58:25,37.1333,-3.65,0.0,III,,1.0,GRANADA,07/10/194018:58:25-3.6537.1333,3.0,3.2910000000000004,1940.7671873418842
1469,4429,27/11/1940,22:44:32,37.2333,-1.9167,0.0,VI,3.1,1.0,VERA.AL,27/11/194022:44:32-1.916737.2333,6.0,4.926,1940.906960635499
1470,4430,30/11/1940,00:21:42,36.9167,-3.7833,0.0,IV,,1.0,JAYENA.GR,30/11/194000:21:42-3.783336.9167,4.0,3.8360000000000003,1940.9126094793564
1471,4432,04/12/1940,02:00:00,37.25,-1.8833,0.0,III,,1.0,VERA.AL,04/12/194002:00:00-1.883337.25,3.0,3.2910000000000004,1940.9237249544626
1472,4433,04/12/1940,08:24:00,37.25,-1.8833,0.0,III,,1.0,VERA.AL,04/12/194008:24:00-1.883337.25,3.0,3.2910000000000004,1940.9244535519126
1473,4437,26/02/1941,17:00:00,39.0333,-2.5667,0.0,III,,1.0,SOTUELAMOS.AB,26/02/194117:00:00-2.566739.0333,3.0,3.2910000000000004,1941.1553652968037
1474,4441,12/03/1941,15:40:00,37.7333,-1.1667,0.0,III,,1.0,FUENTE ALAMO.MU,12/03/194115:40:00-1.166737.7333,3.0,3.2910000000000004,1941.1935692541856
1475,4443,04/04/1941,02:44:02,38.0,-0.5833,0.0,V,,1.0,MAR MEDITERRANEO,04/04/194102:44:02-0.583338.0,5.0,4.381,1941.2551066083206
1476,4448,26/04/1941,04:58:15,38.5167,-0.4667,0.0,III,3.7,1.0,JIJONA.A,26/04/194104:58:15-0.466738.5167,3.0,3.2910000000000004,1941.3156359398783
1477,4453,18/05/1941,13:20:40,38.1333,-1.3333,0.0,IV,3.7,1.0,OJOS.MU,18/05/194113:20:40-1.333338.1333,4.0,3.8360000000000003,1941.3768658041604
1478,4454,23/05/1941,05:15:24,38.9833,-0.5167,0.0,III,,1.0,JATIVA.V,23/05/194105:15:24-0.516738.9833,3.0,3.2910000000000004,1941.3896411719938
1479,4460,28/07/1941,02:56:58,38.7167,-0.4667,0.0,III,3.7,1.0,ALCOY.A,28/07/194102:56:58-0.466738.7167,3.0,3.2910000000000004,1941.57019970827
1480,4462,12/08/1941,14:48:58,38.0833,-0.6833,0.0,IV,3.2,1.0,GUARDAMAR DEL SEGURA.A,12/08/194114:48:58-0.683338.0833,4.0,3.8360000000000003,1941.6126502409945
1481,4463,17/08/1941,22:58:21,36.75,-3.0167,0.0,IV,,1.0,ADRA.AL,17/08/194122:58:21-3.016736.75,4.0,3.8360000000000003,1941.6272799657534
1482,4464,21/08/1941,20:43:56,37.2,-3.7333,0.0,IV,,1.0,SANTAFE.GR,21/08/194120:43:56-3.733337.2,4.0,3.8360000000000003,1941.6379831303907
1483,4466,01/09/1941,19:45:17,38.0833,-0.6833,0.0,III,,1.0,GUARDAMAR DEL SEGURA.A,01/09/194119:45:17-0.683338.0833,3.0,3.2910000000000004,1941.668008529934
1484,4470,07/10/1941,03:25:55,36.6833,-2.95,0.0,V,3.3,1.0,MAR DE ALBORAN,07/10/194103:25:55-2.9536.6833,5.0,4.381,1941.7647753361239
1485,4475,26/10/1941,05:17:04,38.1167,-1.8833,0.0,IV,3.8,1.0,CARAVACA.MU,26/10/194105:17:04-1.883338.1167,4.0,3.8360000000000003,1941.8170416032472
1486,4476,26/10/1941,05:19:27,38.1167,-1.8833,0.0,VI,3.9,1.0,CARAVACA.MU,26/10/194105:19:27-1.883338.1167,6.0,4.926,1941.8170461377474
1487,4477,26/10/1941,20:15:30,36.9,-2.4833,0.0,III,3.1,1.0,ALMERIA,26/10/194120:15:30-2.483336.9,3.0,3.2910000000000004,1941.8187509512939
1488,4479,22/11/1941,09:08:58,36.9,-2.4833,0.0,IV,3.7,1.0,ALMERIA,22/11/194109:08:58-2.483336.9,4.0,3.8360000000000003,1941.8914554160324
1489,4480,24/11/1941,00:53:59,38.125,-1.63,0.0,V-VI,4.1,1.0,NE Bullas.MU,24/11/194100:53:59-1.6338.125,5.5,4.6535,1941.8959931189752
1490,4483,15/12/1941,09:57:48,38.1833,-1.1167,0.0,III,3.7,1.0,FORTUNA.MU,15/12/194109:57:48-1.116738.1833,3.0,3.2910000000000004,1941.9545620243532
1491,4488,20/01/1942,07:54:29,37.2,-3.7333,0.0,IV,,1.0,SANTAFE.GR,20/01/194207:54:29-3.733337.2,4.0,3.8360000000000003,1942.0529575405885
1492,4489,03/02/1942,03:04:36,38.1833,-1.3667,0.0,III,,1.0,BLANCA.MU,03/02/194203:04:36-1.366738.1833,3.0,3.2910000000000004,1942.09076217656
1493,4491,18/02/1942,15:03:46,37.1167,-3.5667,0.0,IV,3.7,1.0,GRANADA,18/02/194215:03:46-3.566737.1167,4.0,3.8360000000000003,1942.1332263444951
1494,4492,21/02/1942,08:14:50,37.9667,-0.6833,0.0,III,,1.0,TORREVIEJA.A,21/02/194208:14:50-0.683337.9667,3.0,3.2910000000000004,1942.1406674911213
1495,4493,22/02/1942,04:19:52,38.0833,-0.7167,0.0,III,,1.0,ROJALES.A,22/02/194204:19:52-0.716738.0833,3.0,3.2910000000000004,1942.1429601725013
1496,4496,01/03/1942,01:09:30,37.3833,-1.9333,0.0,III,,1.0,HUERCAL-OVERA.AL,01/03/194201:09:30-1.933337.3833,3.0,3.2910000000000004,1942.161776065449
1497,4497,02/03/1942,21:20:11,38.0833,-0.7167,0.0,III,,1.0,ROJALES.A,02/03/194221:20:11-0.716738.0833,3.0,3.2910000000000004,1942.1668192224759
1498,4499,10/04/1942,03:25:43,38.1,-0.6,0.0,IV,,1.0,GUARDAMAR DEL SEGURA.A,10/04/194203:25:43-0.638.1,4.0,3.8360000000000003,1942.2716242706747
1499,4501,24/04/1942,21:01:25,38.2,-0.55,0.0,III,2.9,1.0,SANTA POLA.A,24/04/194221:01:25-0.5538.2,3.0,3.2910000000000004,1942.3119889967022
1500,4503,28/04/1942,00:36:25,38.0833,-1.75,0.0,IV,3.6,1.0,CEHEGIN.MU,28/04/194200:36:25-1.7538.0833,4.0,3.8360000000000003,1942.3206172311009
1502,4507,14/05/1942,00:48:15,37.3,-1.9,0.0,IV,,1.0,CUEVAS DE ALMANZORA.AL,14/05/194200:48:15-1.937.3,4.0,3.8360000000000003,1942.3644753614917
1503,4508,27/05/1942,10:04:57,37.9667,-0.6833,0.0,IV,,1.0,TORREVIEJA.A,27/05/194210:04:57-0.683337.9667,4.0,3.8360000000000003,1942.4011509703196
1504,4510,06/06/1942,07:52:37,37.9667,-0.6833,0.0,IV,,1.0,TORREVIEJA.A,06/06/194207:52:37-0.683337.9667,4.0,3.8360000000000003,1942.4282964548452
1505,4515,09/07/1942,19:01:23,38.1167,-1.3333,0.0,IV,,1.0,VILLANUEVA SEGURA.MU,09/07/194219:01:23-1.333338.1167,4.0,3.8360000000000003,1942.5199798008625
1506,4516,09/07/1942,23:24:24,38.1833,-1.0833,0.0,IV,,1.0,FORTUNA.MU,09/07/194223:24:24-1.083338.1833,4.0,3.8360000000000003,1942.5204802130897
1507,4517,10/07/1942,06:25:50,38.8,-0.5833,0.0,V,3.6,1.0,ONTENIENTE.V,10/07/194206:25:50-0.583338.8,5.0,4.381,1942.5212820268898
1508,4518,11/07/1942,03:16:58,37.0667,-3.7667,0.0,IV,,1.0,ESCUZAR.GR,11/07/194203:16:58-3.766737.0667,4.0,3.8360000000000003,1942.5236624175545
1509,4519,11/07/1942,03:18:20,38.8,-0.5833,0.0,V,3.8,1.0,ONTENIENTE.V,11/07/194203:18:20-0.583338.8,5.0,4.381,1942.5236650177576
1510,4524,30/07/1942,01:25:00,37.3833,-1.9333,0.0,III,,1.0,HUERCAL-OVERA.AL,30/07/194201:25:00-1.933337.3833,3.0,3.2910000000000004,1942.5755041856926
1511,4525,30/07/1942,12:21:03,38.1,-0.7,0.0,IV,,1.0,ROJALES.A,30/07/194212:21:03-0.738.1,4.0,3.8360000000000003,1942.5767523782345
1512,4526,05/08/1942,10:59:35,38.1,-0.7,0.0,IV,,1.0,ROJALES.A,05/08/194210:59:35-0.738.1,4.0,3.8360000000000003,1942.5930357369355
1513,4527,21/08/1942,12:28:06,37.0667,-3.7667,0.0,III,,1.0,ESCUZAR.GR,21/08/194212:28:06-3.766737.0667,3.0,3.2910000000000004,1942.6370397640792
1514,4530,18/09/1942,02:15:00,37.0833,-2.1667,0.0,IV,,1.0,SORBAS.AL,18/09/194202:15:00-2.166737.0833,4.0,3.8360000000000003,1942.7125856164384
1515,4531,19/09/1942,05:47:39,38.8,-0.8833,0.0,III,,1.0,FUENTE LA HIGUERA.V,19/09/194205:47:39-0.883338.8,3.0,3.2910000000000004,1942.7157299277017
1516,4533,14/10/1942,08:26:03,38.8,-0.8833,0.0,V,4.3,1.0,FUENTE LA HIGUERA.V,14/10/194208:26:03-0.883338.8,5.0,4.381,1942.7845244482496
1518,4535,14/10/1942,22:35:41,38.75,0.3333,0.0,IV,3.8,1.0,MAR MEDITERRANEO,14/10/194222:35:410.333338.75,4.0,3.8360000000000003,1942.7861409500254
1519,4536,24/10/1942,15:57:06,37.1167,-3.6667,0.0,III,,1.0,GRANADA,24/10/194215:57:06-3.666737.1167,3.0,3.2910000000000004,1942.8127798706241
1521,4540,24/11/1942,01:44:09,38.3667,-0.7667,0.0,III,,1.0,ASPE.A,24/11/194201:44:09-0.766738.3667,3.0,3.2910000000000004,1942.896088565449
1522,4541,24/11/1942,02:46:30,38.9833,-0.5167,0.0,IV,,1.0,JATIVA.V,24/11/194202:46:30-0.516738.9833,4.0,3.8360000000000003,1942.8962071917808
1523,4543,26/11/1942,21:41:22,38.3667,-0.7667,0.0,IV,3.3,1.0,ASPE.A,26/11/194221:41:22-0.766738.3667,4.0,3.8360000000000003,1942.9038458269913
1524,4544,01/12/1942,22:18:34,38.3667,-0.7667,0.0,IV,,1.0,ASPE.A,01/12/194222:18:34-0.766738.3667,4.0,3.8360000000000003,1942.9176152333841
1525,4545,21/12/1942,01:53:16,36.9667,-3.05,0.0,IV,3.1,1.0,UGIJAR.GR,21/12/194201:53:16-3.0536.9667,4.0,3.8360000000000003,1942.970078513445
1526,4546,05/01/1943,13:44:19,36.95,-2.5,0.0,III,2.6,1.0,GADOR.AL,05/01/194313:44:19-2.536.95,3.0,3.2910000000000004,1943.0125272387113
1528,4549,21/01/1943,14:46:21,38.4,-0.8,0.0,V,3.9,1.0,NOVELDA.A,21/01/194314:46:21-0.838.4,5.0,4.381,1943.0564808789954
1529,4550,16/02/1943,03:28:55,37.1667,-3.6,0.0,III,,1.0,GRANADA,16/02/194303:28:55-3.637.1667,3.0,3.2910000000000004,1943.1264248795028
1530,4556,07/04/1943,12:32:56,38.0667,-1.25,0.0,V,3.3,1.0,LORQUI.MU,07/04/194312:32:56-1.2538.0667,5.0,4.381,1943.264446220193
1531,4557,07/04/1943,13:36:43,38.0667,-1.25,0.0,IV,3.5,1.0,LORQUI.MU,07/04/194313:36:43-1.2538.0667,4.0,3.8360000000000003,1943.2645675735666
1533,4561,06/05/1943,01:29:40,37.9167,-2.4167,0.0,IV,4.0,1.0,PUEBLA D. FADRIQUE.GR,06/05/194301:29:40-2.416737.9167,4.0,3.8360000000000003,1943.3426363521055
1534,4562,06/05/1943,20:46:14,37.3333,-1.95,0.0,V,2.9,1.0,HUERCAL-OVERA.AL,06/05/194320:46:14-1.9537.3333,5.0,4.381,1943.3448368214104
1536,4566,01/06/1943,23:13:50,37.1833,-3.6667,0.0,V,,1.0,GRANADA,01/06/194323:13:50-3.666737.1833,5.0,4.381,1943.4163505200406
1537,4567,02/06/1943,05:20:31,37.1833,-3.6667,0.0,III,,1.0,GRANADA,02/06/194305:20:31-3.666737.1833,3.0,3.2910000000000004,1943.417048167174
1538,4568,05/06/1943,07:27:42,37.1833,-3.6667,0.0,III,,1.0,GRANADA,05/06/194307:27:42-3.666737.1833,3.0,3.2910000000000004,1943.4255093226789
1539,4572,01/07/1943,05:51:26,37.2667,-1.8833,0.0,IV,3.2,1.0,VERA.AL,01/07/194305:51:26-1.883337.2667,4.0,3.8360000000000003,1943.4965590436327
1540,4575,09/08/1943,04:50:27,39.2833,-1.4667,0.0,V,3.9,1.0,CASAS IBAÑEZ.AB,09/08/194304:50:27-1.466739.2833,5.0,4.381,1943.6032923325722
1542,4579,27/09/1943,05:10:00,37.1,-2.1333,0.0,IV,,1.0,SORBAS.AL,27/09/194305:10:00-2.133337.1,4.0,3.8360000000000003,1943.7375761035007
1543,4582,08/10/1943,10:13:50,37.4167,-3.2,0.0,IV,3.3,1.0,FONELAS.GR,08/10/194310:13:50-3.237.4167,4.0,3.8360000000000003,1943.76829115931
1544,4583,27/10/1943,21:19:38,37.0,-2.7167,0.0,V,3.5,1.0,CANJAYAR.AL,27/10/194321:19:38-2.716737.0,5.0,4.381,1943.8216126966008
1546,4587,11/11/1943,22:57:07,37.1333,-1.7167,0.0,V,4.2,1.0,MAR MEDITERRANEO,11/11/194322:57:07-1.716737.1333,5.0,4.381,1943.862894057585
1549,4599,16/02/1944,03:58:48,37.3667,-2.3833,0.0,V,4.1,1.0,PURCHENA.AL,16/02/194403:58:48-2.383337.3667,5.0,4.381,1944.1261361566485
1550,4600,23/02/1944,22:34:10,38.1667,-1.15,0.0,VII,3.8,1.0,FORTUNA.MU,23/02/194422:34:10-1.1538.1667,7.0,5.471,1944.1473781243676
1552,4604,27/04/1944,05:55:00,37.4,-2.0833,0.0,III,,1.0,ALBOX.AL,27/04/194405:55:00-2.083337.4,3.0,3.2910000000000004,1944.320345704311
1553,4605,18/05/1944,11:24:23,37.1833,-3.6667,0.0,IV,,1.0,GRANADA,18/05/194411:24:23-3.666737.1833,4.0,3.8360000000000003,1944.378347721868
1554,4608,25/07/1944,12:40:00,37.4,-2.0667,0.0,IV,,1.0,ALBOX.AL,25/07/194412:40:00-2.066737.4,4.0,3.8360000000000003,1944.564283545841
1555,4610,06/08/1944,09:33:00,37.35,-2.0333,0.0,IV,,1.0,ZURGENA.AL,06/08/194409:33:00-2.033337.35,4.0,3.8360000000000003,1944.5967156193078
1556,4615,05/10/1944,19:25:10,36.9667,-3.05,0.0,IV,3.2,1.0,UGIJAR.GR,05/10/194419:25:10-3.0536.9667,4.0,3.8360000000000003,1944.7617736161708
1557,4616,18/10/1944,00:54:37,36.85,-2.95,0.0,III,3.0,1.0,BERJA.AL,18/10/194400:54:37-2.9536.85,3.0,3.2910000000000004,1944.7951855962863
1558,4618,22/10/1944,17:00:00,37.35,-2.0333,0.0,III,,1.0,ZURGENA.AL,22/10/194417:00:00-2.033337.35,3.0,3.2910000000000004,1944.807946265938
1559,4619,01/11/1944,14:35:49,38.9667,-0.6667,0.0,IV,,1.0,ENGUERA.V,01/11/194414:35:49-0.666738.9667,4.0,3.8360000000000003,1944.8349950984114
1560,4621,02/12/1944,18:12:01,38.0833,-0.8333,0.0,IV,,1.0,BENEJUZAR.A,02/12/194418:12:01-0.833338.0833,4.0,3.8360000000000003,1944.9201047675065
1561,4622,10/12/1944,05:30:01,37.65,-3.45,0.0,IV,3.5,1.0,HUELMA.J,10/12/194405:30:01-3.4537.65,4.0,3.8360000000000003,1944.9405168804392
1562,4623,10/12/1944,05:31:19,38.05,-1.2333,0.0,IV,,1.0,LAS TORRES DE COTILLAS.MU,10/12/194405:31:19-1.233338.05,4.0,3.8360000000000003,1944.9405193470452
1563,4624,11/12/1944,00:21:24,38.1333,-1.3333,0.0,V,,1.0,OJOS.MU,11/12/194400:21:24-1.333338.1333,5.0,4.381,1944.9426635549485
1564,4625,11/12/1944,10:55:00,37.2667,-1.8833,0.0,III,,1.0,VERA.AL,11/12/194410:55:00-1.883337.2667,3.0,3.2910000000000004,1944.9438657407406
1565,4627,21/12/1944,04:35:28,37.65,-3.45,0.0,VI,4.0,1.0,HUELMA.J,21/12/194404:35:28-3.4537.65,6.0,4.926,1944.9704680226675
1567,4630,16/01/1945,23:35:00,36.9667,-2.2,0.0,III,,1.0,NIJAR.AL,16/01/194523:35:00-2.236.9667,3.0,3.2910000000000004,1945.0437880517504
1568,4631,17/01/1945,01:20:00,36.7833,-2.8333,0.0,III,,1.0,EL EJIDO.AL,17/01/194501:20:00-2.833336.7833,3.0,3.2910000000000004,1945.04398782344
1569,4632,19/01/1945,01:40:58,37.0667,-3.8167,0.0,III,3.0,1.0,VENTAS DE HUELMA.GR,19/01/194501:40:58-3.816737.0667,3.0,3.2910000000000004,1945.049507166413
1570,4636,31/01/1945,17:32:57,38.8333,-0.6,0.0,III,,1.0,ONTENIENTE.V,31/01/194517:32:57-0.638.8333,3.0,3.2910000000000004,1945.08419511035
1572,4639,23/03/1945,12:13:46,37.2833,-1.9667,0.0,IV,3.4,1.0,CUEVAS DE ALMANZORA.AL,23/03/194512:13:46-1.966737.2833,4.0,3.8360000000000003,1945.223313863521
1573,4640,24/03/1945,04:58:23,36.5833,-2.4333,0.0,III,3.2,1.0,MAR DE ALBORAN,24/03/194504:58:23-2.433336.5833,3.0,3.2910000000000004,1945.2252252346525
1574,4641,28/03/1945,08:57:52,37.2833,-1.9667,0.0,IV,3.2,1.0,CUEVAS DE ALMANZORA.AL,28/03/194508:57:52-1.966737.2833,4.0,3.8360000000000003,1945.236639776763
1575,4643,17/04/1945,08:06:58,36.75,-2.4333,0.0,III,3.3,1.0,GOLFO DE ALMERIA,17/04/194508:06:58-2.433336.75,3.0,3.2910000000000004,1945.2913374556063
1576,4644,20/04/1945,01:43:52,37.65,-3.45,0.0,IV,,1.0,HUELMA.J,20/04/194501:43:52-3.4537.65,4.0,3.8360000000000003,1945.29882775241
1578,4648,14/05/1945,06:33:30,38.45,-1.3333,0.0,VI,4.3,1.0,JUMILLA.MU,14/05/194506:33:30-1.333338.45,6.0,4.926,1945.3651322298326
1579,4652,05/06/1945,15:20:54,37.6667,-3.4667,0.0,V,4.1,1.0,HUELMA.J,05/06/194515:20:54-3.466737.6667,5.0,4.381,1945.4264096270929
1580,4655,01/07/1945,03:18:04,38.8,-0.5833,0.0,VII,4.8,1.0,ONTENIENTE.V,01/07/194503:18:04-0.583338.8,7.0,5.471,1945.496267250127
1581,4656,01/07/1945,03:18:37,38.8,-0.5833,0.0,VII,,1.0,ONTENIENTE.V,01/07/194503:18:37-0.583338.8,7.0,5.471,1945.49626829655
1582,4657,01/07/1945,03:19:12,38.8,-0.5833,0.0,VI,,1.0,ONTENIENTE.V,01/07/194503:19:12-0.583338.8,6.0,4.926,1945.4962694063927
1583,4658,01/07/1945,03:23:46,38.8,-0.5833,0.0,III,,1.0,ONTENIENTE.V,01/07/194503:23:46-0.583338.8,3.0,3.2910000000000004,1945.4962780948756
1584,4659,01/07/1945,03:27:17,38.8,-0.5833,0.0,IV,,1.0,ONTENIENTE.V,01/07/194503:27:17-0.583338.8,4.0,3.8360000000000003,1945.4962847856418
1585,4662,24/08/1945,04:45:03,38.9833,-0.1833,0.0,III,,1.0,GANDIA.V,24/08/194504:45:03-0.183338.9833,3.0,3.2910000000000004,1945.6443779490107
1587,4670,16/11/1945,21:43:28,38.15,-0.7333,0.0,V,,1.0,DOLORES.A,16/11/194521:43:28-0.733338.15,5.0,4.381,1945.8764525621511
1588,4671,16/11/1945,21:46:45,38.15,-0.7333,0.0,IV,,1.0,DOLORES.A,16/11/194521:46:45-0.733338.15,4.0,3.8360000000000003,1945.8764588089803
1589,4672,16/11/1945,22:30:00,38.15,-0.7333,0.0,III,,1.0,DOLORES.A,16/11/194522:30:00-0.733338.15,3.0,3.2910000000000004,1945.8765410958904
1590,4673,12/12/1945,04:13:01,37.1333,-3.6167,0.0,III,,1.0,GRANADA,12/12/194504:13:01-3.616737.1333,3.0,3.2910000000000004,1945.9456868658042
1593,4685,14/05/1946,12:21:20,37.9167,-1.2,0.0,VI,4.2,1.0,SANGONERA.MU,14/05/194612:21:20-1.237.9167,6.0,4.926,1946.3657940131914
1594,4688,04/06/1946,16:23:49,37.1667,-3.6,0.0,III,,1.0,GRANADA,04/06/194616:23:49-3.637.1667,3.0,3.2910000000000004,1946.4237896055301
1595,4689,04/06/1946,18:02:07,37.1667,-3.6,0.0,IV,,1.0,GRANADA,04/06/194618:02:07-3.637.1667,4.0,3.8360000000000003,1946.4239766298833
1596,4690,09/06/1946,13:11:06,37.3,-3.1833,0.0,V,3.9,1.0,GUADIX.GR,09/06/194613:11:06-3.183337.3,5.0,4.381,1946.4371215753424
1597,4691,03/07/1946,04:04:40,38.45,-0.2667,0.0,V,4.2,1.0,MAR MEDITERRANEO,03/07/194604:04:40-0.266738.45,5.0,4.381,1946.50183536276
1604,4700,30/08/1946,19:45:23,38.1167,-1.2667,0.0,IV,,1.0,ARCHENA.MU,30/08/194619:45:23-1.266738.1167,4.0,3.8360000000000003,1946.662529268138
1605,4705,30/09/1946,22:27:18,37.9333,-0.6333,0.0,IV,,1.0,MAR MEDITERRANEO,30/09/194622:27:18-0.633337.9333,4.0,3.8360000000000003,1946.7477688356164
1607,4708,09/10/1946,08:39:14,38.0,-0.8,0.0,III,,1.0,SAN MIGUEL SALINAS.A,09/10/194608:39:14-0.838.0,3.0,3.2910000000000004,1946.7708509005581
1608,4715,29/11/1946,18:22:04,36.9667,-2.65,0.0,V,3.8,1.0,ROQUETAS DE MAR.AL,29/11/194618:22:04-2.6536.9667,5.0,4.381,1946.911685819381
1610,4717,06/12/1946,03:30:00,37.3833,-2.3667,0.0,III,,1.0,SOMONTIN.AL,06/12/194603:30:00-2.366737.3833,3.0,3.2910000000000004,1946.9291666666666
1611,4729,10/02/1947,23:21:59,37.3333,-2.1333,0.0,IV,3.4,1.0,ALBANCHEZ.AL,10/02/194723:21:59-2.133337.3333,4.0,3.8360000000000003,1947.1122564370878
1613,4734,18/03/1947,22:54:26,37.05,-3.4333,0.0,IV,,1.0,SIERRA NEVADA.GR,18/03/194722:54:26-3.433337.05,4.0,3.8360000000000003,1947.210834157788
1614,4739,13/04/1947,10:37:48,37.15,-3.6,0.0,III,,1.0,GRANADA,13/04/194710:37:48-3.637.15,3.0,3.2910000000000004,1947.280665525114
1616,4741,27/04/1947,08:30:00,36.9,-2.2667,0.0,III,,1.0,CUEVAS LOS MEDINA.AL,27/04/194708:30:00-2.266736.9,3.0,3.2910000000000004,1947.3187785388127
1617,4744,14/05/1947,20:30:00,36.7167,-2.65,0.0,III,,1.0,FARO SABINAR.AL,14/05/194720:30:00-2.6536.7167,3.0,3.2910000000000004,1947.3667237442921
1618,4748,07/06/1947,15:56:31,36.7167,-2.45,0.0,IV,3.0,1.0,MAR DE ALBORAN,07/06/194715:56:31-2.4536.7167,4.0,3.8360000000000003,1947.431956842973
1619,4749,09/06/1947,07:39:18,38.25,-0.4,0.0,IV,,1.0,MAR MEDITERRANEO,09/06/194707:39:18-0.438.25,4.0,3.8360000000000003,1947.4364902968036
1620,4750,09/06/1947,17:14:12,37.05,-2.6833,0.0,V,4.0,1.0,ALBOLODUY.AL,09/06/194717:14:12-2.683337.05,5.0,4.381,1947.4375840943683
1621,4751,27/07/1947,02:32:08,38.8167,-0.5333,0.0,V,,1.0,AGULLENT.V,27/07/194702:32:08-0.533338.8167,5.0,4.381,1947.5674127346524
1622,4753,28/08/1947,06:40:17,38.35,-0.7167,0.0,V,4.1,1.0,ELCHE.A,28/08/194706:40:17-0.716738.35,5.0,4.381,1947.655556094622
1627,4759,13/09/1947,23:12:23,38.2833,-0.7,0.0,IV,3.6,1.0,ELCHE.A,13/09/194723:12:23-0.738.2833,4.0,3.8360000000000003,1947.701279268138
1629,4761,18/09/1947,13:29:22,37.35,-2.1333,0.0,III,3.4,1.0,CANTORIA.AL,18/09/194713:29:22-2.133337.35,3.0,3.2910000000000004,1947.7138686580415
1630,4764,26/09/1947,23:53:40,37.9833,-0.85,0.0,III,,1.0,TORREMENDO.A,26/09/194723:53:40-0.8537.9833,3.0,3.2910000000000004,1947.736974251649
1632,4776,26/12/1947,23:09:11,37.3833,-2.4,0.0,V,3.8,1.0,LUCAR.AL,26/12/194723:09:11-2.437.3833,5.0,4.381,1947.9862046867072
1633,4780,08/01/1948,01:06:02,37.0833,-3.8,0.0,IV,3.6,1.0,VENTAS DE HUELMA.GR,08/01/194801:06:02-3.837.0833,4.0,3.8360000000000003,1948.0192509739932
1634,4781,12/01/1948,08:45:03,37.0833,-3.8,0.0,IV,3.4,1.0,VENTAS DE HUELMA.GR,12/01/194808:45:03-3.837.0833,4.0,3.8360000000000003,1948.0310508690043
1635,4783,23/01/1948,08:37:09,37.4,-2.1667,0.0,IV,,1.0,ALBOX.AL,23/01/194808:37:09-2.166737.4,4.0,3.8360000000000003,1948.0610905244384
1636,4791,25/03/1948,08:42:01,37.4,-2.1667,0.0,III,3.3,1.0,ALBOX.AL,25/03/194808:42:01-2.166737.4,3.0,3.2910000000000004,1948.2304986655029
1637,4794,19/04/1948,18:49:42,37.4,-2.1667,0.0,IV,,1.0,ALBOX.AL,19/04/194818:49:42-2.166737.4,4.0,3.8360000000000003,1948.299957688221
1638,4805,02/06/1948,01:52:12,38.1,-1.3,0.0,III,,1.0,ARCHENA.MU,02/06/194801:52:12-1.338.1,3.0,3.2910000000000004,1948.4182456739527
1639,4806,23/06/1948,03:43:58,38.0467,-1.7617,5.0,VII,5.0,1.0,SE CEHEGIN.MU,23/06/194803:43:58-1.761738.0467,7.0,5.471,1948.4758347879983
1642,4809,23/06/1948,10:48:43,38.0467,-1.7617,0.0,IV,3.7,1.0,SE CEHEGIN.MU,23/06/194810:48:43-1.761738.0467,4.0,3.8360000000000003,1948.476640704058
1646,4828,28/01/1949,21:06:49,37.3333,-2.0833,0.0,IV,3.0,1.0,ALBOX.AL,28/01/194921:06:49-2.083337.3333,4.0,3.8360000000000003,1949.0763828323186
1647,4830,09/02/1949,06:51:28,38.7,-0.3,0.0,V,3.8,1.0,CONFRIDES.A,09/02/194906:51:28-0.338.7,5.0,4.381,1949.107632166413
1648,4837,31/03/1949,01:48:06,37.0,-2.3,0.0,V,3.3,1.0,SIERRA ALHAMILLA.AL,31/03/194901:48:06-2.337.0,5.0,4.381,1949.2440412861492
1649,4843,05/06/1949,09:55:03,38.35,-0.5,0.0,III,3.8,1.0,ALICANTE,05/06/194909:55:03-0.538.35,3.0,3.2910000000000004,1949.4257896689498
1650,4855,02/07/1949,14:25:29,38.1833,-1.3833,0.0,IV,3.8,1.0,BLANCA.MU,02/07/194914:25:29-1.383338.1833,4.0,3.8360000000000003,1949.5002767947742
1651,4875,31/10/1949,18:38:58,37.3833,-1.95,0.0,V,3.5,1.0,HUERCAL-OVERA.AL,31/10/194918:38:58-1.9537.3833,5.0,4.381,1949.8322659183157
1652,4878,22/11/1949,02:55:00,37.3,-2.2,0.0,III,,1.0,ALBOX.AL,22/11/194902:55:00-2.237.3,3.0,3.2910000000000004,1949.89074391172
1653,4879,22/11/1949,12:41:20,38.6,-1.1,0.0,III,3.3,1.0,YECLA.MU,22/11/194912:41:20-1.138.6,3.0,3.2910000000000004,1949.8918594622019
1654,4883,02/01/1950,09:52:52,38.15,-1.3333,0.0,III,2.9,1.0,ARCHENA.MU,02/01/195009:52:52-1.333338.15,3.0,3.2910000000000004,1950.0038677067478
1655,4886,15/01/1950,13:47:58,37.4,-2.0667,0.0,III,,1.0,ALBOX.AL,15/01/195013:47:58-2.066737.4,3.0,3.2910000000000004,1950.0399314434296
1656,4887,28/01/1950,21:41:12,38.8167,-0.5,0.0,III,,1.0,VALL DE GALLINERA.A,28/01/195021:41:12-0.538.8167,3.0,3.2910000000000004,1950.0764482496195
1657,4890,20/02/1950,11:30:40,37.9667,-0.7833,0.0,III,,1.0,SAN MIGUEL SALINAS.A,20/02/195011:30:40-0.783337.9667,3.0,3.2910000000000004,1950.1383003551496
1658,4894,22/03/1950,04:38:12,36.8833,-2.5667,0.0,V,3.9,1.0,ENIX.AL,22/03/195004:38:12-2.566736.8833,5.0,4.381,1950.2197073820396
1659,4895,25/03/1950,12:45:33,38.25,-0.8,0.0,III,,1.0,CREVILLENTE.A,25/03/195012:45:33-0.838.25,3.0,3.2910000000000004,1950.228853786149
1660,4911,27/04/1950,20:03:00,38.15,-1.3333,0.0,III,2.9,1.0,ARCHENA.MU,27/04/195020:03:00-1.333338.15,3.0,3.2910000000000004,1950.3200970319635
1661,4912,02/05/1950,07:37:46,38.15,-1.3333,0.0,VI,4.0,1.0,ARCHENA.MU,02/05/195007:37:46-1.333338.15,6.0,4.926,1950.3323777904618
1662,4915,12/05/1950,05:26:15,37.9667,-0.6833,0.0,III,,1.0,TORREVIEJA.A,12/05/195005:26:15-0.683337.9667,3.0,3.2910000000000004,1950.3595248287672
1665,4926,01/07/1950,12:19:44,37.1,-2.5333,0.0,VI,3.8,1.0,GERGAL.AL,01/07/195012:19:44-2.533337.1,6.0,4.926,1950.4972978183664
1666,4929,16/07/1950,03:19:37,36.5833,-2.5833,0.0,V,3.9,1.0,GOLFO DE ALMERIA,16/07/195003:19:37-2.583336.5833,5.0,4.381,1950.5373660895484
1667,4930,10/08/1950,00:01:33,36.8,-3.0,0.0,III,2.6,1.0,ADRA.AL,10/08/195000:01:33-3.036.8,3.0,3.2910000000000004,1950.6054824010655
1668,4931,19/08/1950,22:29:11,38.2,-0.5333,0.0,IV,3.8,1.0,CABO S.POLA.A,19/08/195022:29:11-0.533338.2,4.0,3.8360000000000003,1950.6327039256723
1669,4939,24/09/1950,07:50:25,38.35,-0.5,0.0,III,,1.0,ALICANTE,24/09/195007:50:25-0.538.35,3.0,3.2910000000000004,1950.7296621321664
1670,4944,18/10/1950,01:41:01,37.4533,-2.7367,5.0,IV,3.3,1.0,NW CANILES.GR,18/10/195001:41:01-2.736737.4533,4.0,3.8360000000000003,1950.7947127409943
1671,4947,22/10/1950,02:45:02,38.0667,-1.2667,0.0,IV,3.2,1.0,CEUTI.MU,22/10/195002:45:02-1.266738.0667,4.0,3.8360000000000003,1950.805793442415
1672,4956,29/12/1950,15:41:55,37.15,-3.4,0.0,V,3.7,1.0,MONACHIL.GR,29/12/195015:41:55-3.437.15,5.0,4.381,1950.9935729008118
1673,4959,16/01/1951,16:18:53,37.3,-2.2,0.0,III,2.8,1.0,ALBOX.AL,16/01/195116:18:53-2.237.3,3.0,3.2910000000000004,1951.0429583016235
1674,4964,11/02/1951,20:32:49,37.3,-2.2,0.0,IV,3.1,1.0,CANTORIA.AL,11/02/195120:32:49-2.237.3,4.0,3.8360000000000003,1951.1146743087265
1675,4965,23/02/1951,11:34:06,38.4,-0.5,0.0,III,,1.0,ALICANTE,23/02/195111:34:06-0.538.4,3.0,3.2910000000000004,1951.146526065449
1676,4966,23/02/1951,16:53:33,38.4,-0.5,0.0,III,,1.0,ALICANTE,23/02/195116:53:33-0.538.4,3.0,3.2910000000000004,1951.147133847032
1677,4967,23/02/1951,16:54:25,38.4,-0.5,0.0,III,,1.0,ALICANTE,23/02/195116:54:25-0.538.4,3.0,3.2910000000000004,1951.1471354959413
1678,4968,23/02/1951,17:01:02,38.4,-0.5,0.0,III,2.5,1.0,ALICANTE,23/02/195117:01:02-0.538.4,3.0,3.2910000000000004,1951.1471480847285
1681,4975,07/04/1951,02:18:46,37.192,-3.855,10.0,IV,3.4,1.0,SW LÁCHAR.GR,07/04/195102:18:46-3.85537.192,4.0,3.8360000000000003,1951.263277714358
1682,4977,04/05/1951,19:06:22,37.311,-3.482,24.0,III,2.9,1.0,NE COGOLLO DE LA VEGA.GR,04/05/195119:06:22-3.48237.311,3.0,3.2910000000000004,1951.339167364282
1683,4980,19/05/1951,15:54:26,37.567,-3.917,19.0,VII,5.3,5.0,E CASTILLO DE LOCUBÍN.J,19/05/195115:54:26-3.91737.567,7.0,5.3,1951.3798980847287
1684,4987,30/05/1951,14:41:57,37.192,-3.287,38.0,III,3.1,1.0,SW LUGROS.GR,30/05/195114:41:57-3.28737.192,3.0,3.2910000000000004,1951.4098971651447
1685,4988,06/06/1951,19:24:12,37.35,-1.9,0.0,IV,3.2,1.0,HUERCAL-OVERA.AL,06/06/195119:24:12-1.937.35,4.0,3.8360000000000003,1951.4296122526637
1686,4990,12/06/1951,22:21:01,37.338,-3.733,37.0,IV,3.6,1.0,SW COLOMERA.GR,12/06/195122:21:01-3.73337.338,4.0,3.8360000000000003,1951.4463870180111
1687,4994,25/06/1951,19:25:50,37.3,-1.9,0.0,III,,1.0,CUEVAS DE ALMANZORA.AL,25/06/195119:25:50-1.937.3,3.0,3.2910000000000004,1951.4816701547438
1690,4997,12/07/1951,01:46:00,37.35,-2.0667,0.0,III,,1.0,ARBOLEAS.AL,12/07/195101:46:00-2.066737.35,3.0,3.2910000000000004,1951.5262290715373
1691,4998,12/07/1951,11:10:20,38.4,-0.5,0.0,III,,1.0,ALICANTE,12/07/195111:10:20-0.538.4,3.0,3.2910000000000004,1951.527302765094
1692,5002,11/08/1951,22:32:52,37.023,-3.594,23.0,IV,3.2,1.0,E PADUL.GR,11/08/195122:32:52-3.59437.023,4.0,3.8360000000000003,1951.610793125317
1693,5004,21/08/1951,22:34:05,37.2,-3.6,0.0,III,3.3,1.0,GRANADA,21/08/195122:34:05-3.637.2,3.0,3.2910000000000004,1951.6381927004059
1695,5006,01/09/1951,06:20:24,38.1,-1.3,0.0,IV,3.0,1.0,ARCHENA.MU,01/09/195106:20:24-1.338.1,4.0,3.8360000000000003,1951.6664771689498
1696,5007,03/09/1951,13:19:16,39.1,-0.4,0.0,IV,3.4,1.0,ALCIRA.V,03/09/195113:19:16-0.439.1,4.0,3.8360000000000003,1951.6727535514967
1697,5008,24/09/1951,00:36:49,37.1,-3.5,0.0,IV,3.2,1.0,DURCAL.GR,24/09/195100:36:49-3.537.1,4.0,3.8360000000000003,1951.7288371702182
1698,5009,25/09/1951,08:48:17,37.4167,-2.0833,0.0,III,,1.0,SIERRA ESTANCIAS.AL,25/09/195108:48:17-2.083337.4167,3.0,3.2910000000000004,1951.7325119545915
1699,5011,17/10/1951,21:05:41,38.7,-0.3,0.0,IV,2.9,1.0,CONFRIDES.A,17/10/195121:05:41-0.338.7,4.0,3.8360000000000003,1951.794188895231
1700,5013,24/11/1951,02:45:00,38.3,-3.6,0.0,III,3.1,1.0,LA CAROLINA.J,24/11/195102:45:00-3.638.3,3.0,3.2910000000000004,1951.8962043378995
1701,5014,27/11/1951,09:16:39,39.3,-0.6,0.0,IV,4.3,1.0,SUECA.V,27/11/195109:16:39-0.639.3,4.0,3.8360000000000003,1951.9051686643836
1702,5025,02/02/1952,14:23:07,37.115,-2.1283,5.0,V,4.1,1.0,NW SORBAS.AL,02/02/195214:23:07-2.128337.115,5.0,4.381,1952.0890693622243
1703,5032,26/02/1952,15:54:39,38.4,-0.5,0.0,III,,1.0,ALICANTE,26/02/195215:54:39-0.538.4,3.0,3.2910000000000004,1952.1548168070735
1704,5035,18/03/1952,11:42:50,38.4,-0.5,0.0,III,,1.0,ALICANTE,18/03/195211:42:50-0.538.4,3.0,3.2910000000000004,1952.2117160620319
1705,5036,25/03/1952,20:23:49,38.2,-0.55,0.0,III,,1.0,SANTA POLA.A,25/03/195220:23:49-0.5538.2,3.0,3.2910000000000004,1952.2318302532383
1706,5041,11/04/1952,16:36:34,37.2,-3.7333,0.0,IV,3.3,1.0,SANTA FE.GR,11/04/195216:36:34-3.733337.2,4.0,3.8360000000000003,1952.2778471589759
1707,5042,12/04/1952,10:46:35,36.95,-3.595,25.0,III,4.7,1.0,NW RESTABAL.GR,12/04/195210:46:35-3.59536.95,3.0,3.2910000000000004,1952.2799153448188
1708,5051,20/05/1952,13:18:05,37.9,-1.1,0.0,V,4.4,1.0,PALMAR.MU,20/05/195213:18:05-1.137.9,5.0,4.381,1952.3840279358935
1709,5052,09/06/1952,14:53:02,36.935,-3.8567,5.0,IV,3.8,1.0,SW JAYENA.GR,09/06/195214:53:02-3.856736.935,4.0,3.8360000000000003,1952.4388529017406
1711,5064,18/08/1952,04:45:00,37.4,-2.4,0.0,III,,1.0,SOMONTIN.AL,18/08/195204:45:00-2.437.4,3.0,3.2910000000000004,1952.6289560564662
1712,5079,27/12/1952,22:20:25,37.4,-2.15,0.0,III,,1.0,ALBOX.AL,27/12/195222:20:25-2.1537.4,3.0,3.2910000000000004,1952.988882089911
1713,5086,20/02/1953,04:10:00,37.4,-2.15,0.0,III,,1.0,ALBOX.AL,20/02/195304:10:00-2.1537.4,3.0,3.2910000000000004,1953.1374619482497
1714,5094,08/04/1953,22:17:48,37.4,-2.15,0.0,IV,3.7,1.0,ALBOX.AL,08/04/195322:17:48-2.1537.4,4.0,3.8360000000000003,1953.2682987062406
1715,5095,14/04/1953,11:25:00,37.4,-2.15,0.0,III,,1.0,ALBOX.AL,14/04/195311:25:00-2.1537.4,3.0,3.2910000000000004,1953.2834950532724
1716,5098,06/05/1953,16:37:56,38.0833,-0.75,0.0,IV,3.6,1.0,ROJALES.A,06/05/195316:37:56-0.7538.0833,4.0,3.8360000000000003,1953.3443644089296
1717,5099,06/05/1953,16:54:10,38.1,-0.7,0.0,III,,1.0,ROJALES.A,06/05/195316:54:10-0.738.1,3.0,3.2910000000000004,1953.3443952942669
1718,5104,24/06/1953,16:35:40,38.1167,-1.7833,0.0,III,3.8,1.0,CEHEGIN.MU,24/06/195316:35:40-1.783338.1167,3.0,3.2910000000000004,1953.4786066717402
1719,5105,03/07/1953,12:40:59,36.5783,-3.595,5.0,IV,2.9,1.0,ALBORÁN NORTE,03/07/195312:40:59-3.59536.5783,4.0,3.8360000000000003,1953.5028177004058
1720,5106,04/07/1953,00:23:18,36.9,-3.9,0.0,III,3.8,1.0,ALHAMA DE GRANADA.GR,04/07/195300:23:18-3.936.9,3.0,3.2910000000000004,1953.5041539193303
1721,5108,06/07/1953,11:56:31,38.1,-0.7,0.0,III,,1.0,ROJALES.A,06/07/195311:56:31-0.738.1,3.0,3.2910000000000004,1953.510952276763
1722,5109,08/07/1953,23:32:54,38.1167,-1.7833,0.0,IV,3.8,1.0,CEHEGIN.MU,08/07/195323:32:54-1.783338.1167,4.0,3.8360000000000003,1953.5177566590562
1723,5110,09/07/1953,00:01:55,38.1017,-1.73,5.0,IV,3.6,1.0,E CEHEGÍN.MU,09/07/195300:01:55-1.7338.1017,4.0,3.8360000000000003,1953.517811865804
1724,5112,04/08/1953,04:23:40,38.2,-1.1,0.0,III,3.9,1.0,FORTUNA.MU,04/08/195304:23:40-1.138.2,3.0,3.2910000000000004,1953.5895427447997
1725,5126,10/10/1953,04:05:37,37.1,-3.6,0.0,V,4.0,1.0,GRANADA,10/10/195304:05:37-3.637.1,5.0,4.381,1953.7730700469306
1726,5133,14/11/1953,23:26:50,37.4,-2.15,0.0,IV,3.0,1.0,ALBOX.AL,14/11/195323:26:50-2.1537.4,4.0,3.8360000000000003,1953.8711697742262
1727,5134,15/11/1953,00:15:00,37.4,-2.15,0.0,III,,1.0,ALBOX.AL,15/11/195300:15:00-2.1537.4,3.0,3.2910000000000004,1953.8712614155252
1728,5135,21/11/1953,14:48:12,37.95,-1.1667,0.0,IV,3.2,1.0,ALCANTARILLA.MU,21/11/195314:48:12-1.166737.95,4.0,3.8360000000000003,1953.8893611111112
1729,5136,23/11/1953,23:28:09,37.95,-1.1667,0.0,III,3.4,1.0,ALCANTARILLA.MU,23/11/195323:28:09-1.166737.95,3.0,3.2910000000000004,1953.8958298135465
1730,5143,08/01/1954,16:33:50,36.9333,-3.8833,0.0,VII,4.2,1.0,ARENAS DEL REY.GR,08/01/195416:33:50-3.883336.9333,7.0,5.471,1954.0210689370879
1731,5144,11/01/1954,09:46:42,36.9,-2.7,0.0,III,4.2,1.0,SIERRA GADOR.AL,11/01/195409:46:42-2.736.9,3.0,3.2910000000000004,1954.0285135083714
1732,5147,26/01/1954,19:30:02,36.7,-2.6333,0.0,III,3.2,1.0,SABINAR DE ROQUETAS.AL,26/01/195419:30:02-2.633336.7,3.0,3.2910000000000004,1954.0707192415018
1733,5156,18/03/1954,07:58:26,37.5,-3.6,0.0,III,3.3,1.0,CAMPOTEJAR.GR,18/03/195407:58:26-3.637.5,3.0,3.2910000000000004,1954.2091294393708
1734,5158,29/03/1954,06:16:05,37.0,-3.6,657.0,V,7.8,5.0,DURCAL.GR,29/03/195406:16:05-3.637.0,5.0,7.8,1954.2390716958396
1735,5163,19/05/1954,02:23:02,37.0767,-3.7483,5.0,IV,3.5,1.0,NE ESCÚZAR.GR,19/05/195402:23:02-3.748337.0767,4.0,3.8360000000000003,1954.3783543252157
1736,5164,21/05/1954,21:46:29,38.5167,-0.2,0.0,V,3.9,1.0,VILLAJOYOSA.A,21/05/195421:46:29-0.238.5167,5.0,4.381,1954.3860473427194
1737,5168,15/06/1954,22:35:44,36.9,-2.5,0.0,III,3.0,1.0,ALMERIA,15/06/195422:35:44-2.536.9,3.0,3.2910000000000004,1954.4546341958396
1738,5170,23/06/1954,19:37:57,36.8667,-2.0333,0.0,III,3.2,1.0,HORTICHUELAS.AL,23/06/195419:37:57-2.033336.8667,3.0,3.2910000000000004,1954.4762137557077
1739,5176,02/08/1954,23:00:46,37.3,-3.15,0.0,III,3.1,1.0,GUADIX.GR,02/08/195423:00:46-3.1537.3,3.0,3.2910000000000004,1954.5861886732623
1740,5177,13/08/1954,11:12:45,37.2,-3.55,0.0,III,3.5,1.0,SIERRA ELVIRA.GR,13/08/195411:12:45-3.5537.2,3.0,3.2910000000000004,1954.6149785958903
1741,5178,21/08/1954,11:53:05,37.5833,-3.75,0.0,IV,3.2,1.0,PINOS PUENTE.GR,21/08/195411:53:05-3.7537.5833,4.0,3.8360000000000003,1954.6369731418063
1742,5179,25/08/1954,15:00:06,38.4,-0.4167,0.0,IV,3.7,1.0,SAN JUAN.A,25/08/195415:00:06-0.416738.4,4.0,3.8360000000000003,1954.6482878614916
1743,5186,14/09/1954,09:25:20,38.1,-0.9167,0.0,V,3.9,1.0,REDOVAN.A,14/09/195409:25:20-0.916738.1,5.0,4.381,1954.7024454591578
1744,5195,19/10/1954,16:35:59,37.2167,-3.6667,0.0,III,3.2,1.0,ALBOLOTE.GR,19/10/195416:35:59-3.666737.2167,3.0,3.2910000000000004,1954.7991552194317
1745,5197,26/10/1954,22:33:58,36.75,-2.75,0.0,III,3.3,1.0,EL EJIDO.AL,26/10/195422:33:58-2.7536.75,3.0,3.2910000000000004,1954.8190143962456
1746,5207,23/11/1954,23:45:00,37.3667,-2.45,0.0,III,,1.0,BAYARQUE.AL,23/11/195423:45:00-2.4537.3667,3.0,3.2910000000000004,1954.895861872146
1747,5221,02/01/1955,21:18:15,37.0333,-3.6333,0.0,III,3.5,1.0,PADUL.GR,02/01/195521:18:15-3.633337.0333,3.0,3.2910000000000004,1955.0051717085237
1749,5235,31/01/1955,20:06:53,36.8967,-3.4533,5.0,III,4.0,1.0,W ÓRGIVA.GR,31/01/195520:06:53-3.453336.8967,3.0,3.2910000000000004,1955.0844879819888
1750,5240,04/02/1955,11:18:50,38.1333,-1.3333,0.0,III,3.2,1.0,ULEA.MU,04/02/195511:18:50-1.333338.1333,3.0,3.2910000000000004,1955.094442224759
1751,5254,29/03/1955,22:11:07,38.2333,-1.7,0.0,IV,3.5,1.0,CALASPARRA.MU,29/03/195522:11:07-1.738.2333,4.0,3.8360000000000003,1955.24088873034
1752,5256,31/03/1955,16:28:30,38.1,-1.8,0.0,III,,1.0,CEHEGIN.MU,31/03/195516:28:30-1.838.1,3.0,3.2910000000000004,1955.2457163242009
1753,5263,25/04/1955,15:18:29,38.25,-0.3333,0.0,IV,2.9,1.0,E.DE ALICANTE,25/04/195515:18:29-0.333338.25,4.0,3.8360000000000003,1955.3140762620496
1754,5264,28/04/1955,01:11:11,37.1917,-3.505,9.0,III,3.8,1.0,W DÚDAR.GR,28/04/195501:11:11-3.50537.1917,3.0,3.2910000000000004,1955.320683377727
1755,5267,09/05/1955,10:51:58,38.75,-0.45,0.0,III,3.1,1.0,COCENTAINA.A,09/05/195510:51:58-0.4538.75,3.0,3.2910000000000004,1955.3519253551497
1756,5273,01/06/1955,17:24:29,38.1667,-1.1167,0.0,III,2.8,1.0,FORTUNA.MU,01/06/195517:24:29-1.116738.1667,3.0,3.2910000000000004,1955.4156858510908
1757,5274,04/06/1955,03:41:35,37.1333,-3.6467,5.0,VI-VII,5.1,1.0,SW ARMILLA.GR,04/06/195503:41:35-3.646737.1333,6.5,5.1985,1955.4223393899035
1761,5293,27/07/1955,17:33:55,38.1,-0.8,0.0,III,,1.0,LOS MONTESINOS.A,27/07/195517:33:55-0.838.1,3.0,3.2910000000000004,1955.5691284563673
1763,5306,11/11/1955,23:11:05,38.8333,-0.1167,0.0,IV,3.2,1.0,PEGO.A,11/11/195523:11:05-0.116738.8333,4.0,3.8360000000000003,1955.8629206303906
1764,5309,27/11/1955,20:30:08,37.3017,-2.4583,5.0,VI,4.1,1.0,SW BAYARQUE.AL,27/11/195520:30:08-2.458337.3017,6.0,4.926,1955.9064500253678
1765,5310,27/11/1955,20:32:39,37.4167,-2.4583,5.0,III,3.7,1.0,NW LÚCAR.AL,27/11/195520:32:39-2.458337.4167,3.0,3.2910000000000004,1955.9064548135464
1766,5333,27/02/1956,12:38:16,36.6183,-1.7317,5.0,III,4.3,1.0,MEDITERRÁNEO-LEVANTE SUR,27/02/195612:38:16-1.731736.6183,3.0,3.2910000000000004,1956.1571764318965
1769,5338,19/04/1956,18:38:54,37.1917,-3.6833,5.0,VII-VIII,5.0,1.0,NW PURCHIL.GR,19/04/195618:38:54-3.683337.1917,7.5,5.7435,1956.2999371964177
1770,5339,19/04/1956,22:24:15,37.1833,-3.6833,0.0,V,,1.0,ALBOLOTE.GR,19/04/195622:24:15-3.683337.1833,5.0,4.381,1956.3003647730723
1772,5341,20/04/1956,20:15:07,37.1833,-3.6833,0.0,IV,,1.0,ALBOLOTE.GR,20/04/195620:15:07-3.683337.1833,4.0,3.8360000000000003,1956.3028519973184
1773,5342,22/04/1956,04:07:24,37.1833,-3.6833,0.0,V,,1.0,ALBOLOTE.GR,22/04/195604:07:24-3.683337.1833,5.0,4.381,1956.306480343048
1774,5343,22/04/1956,04:33:36,37.1833,-3.6833,0.0,IV,,1.0,ALBOLOTE.GR,22/04/195604:33:36-3.683337.1833,4.0,3.8360000000000003,1956.3065300546448
1775,5344,22/04/1956,05:58:55,37.1833,-3.6833,0.0,IV,,1.0,ALBOLOTE.GR,22/04/195605:58:55-3.683337.1833,4.0,3.8360000000000003,1956.306691933566
1776,5345,22/04/1956,06:05:39,37.1833,-3.6833,0.0,IV,,1.0,ALBOLOTE.GR,22/04/195606:05:39-3.683337.1833,4.0,3.8360000000000003,1956.30670470932
1777,5346,22/04/1956,07:41:25,37.1833,-3.6833,0.0,IV,,1.0,ALBOLOTE.GR,22/04/195607:41:25-3.683337.1833,4.0,3.8360000000000003,1956.3068864159584
1778,5347,22/04/1956,07:47:24,37.1833,-3.6833,0.0,V,,1.0,ALBOLOTE.GR,22/04/195607:47:24-3.683337.1833,5.0,4.381,1956.3068977686703
1779,5348,22/04/1956,15:56:14,37.28,-3.61,5.0,VI,3.7,1.0,NE CALICASAS.GR,22/04/195615:56:14-3.6137.28,6.0,4.926,1956.3078252757539
1781,5350,24/04/1956,04:49:06,37.1833,-3.6833,0.0,III,,1.0,ALBOLOTE.GR,24/04/195604:49:06-3.683337.1833,3.0,3.2910000000000004,1956.3120239450516
1782,5351,24/04/1956,15:48:27,37.2533,-3.5017,5.0,V,3.2,1.0,NE HUÉTOR DE SANTILLÁN.GR,24/04/195615:48:27-3.501737.2533,5.0,4.381,1956.3132749886156
1783,5352,25/04/1956,20:17:34,38.0,-0.7,0.0,III,2.5,1.0,TORREVIEJA.A,25/04/195620:17:34-0.738.0,3.0,3.2910000000000004,1956.3165178481077
1784,5353,25/04/1956,23:02:36,37.1833,-3.6833,0.0,III,,1.0,ALBOLOTE.GR,25/04/195623:02:36-3.683337.1833,3.0,3.2910000000000004,1956.3168309805708
1785,5354,25/04/1956,23:24:55,38.1,-0.7,0.0,III,,1.0,ROJALES.A,25/04/195623:24:55-0.738.1,3.0,3.2910000000000004,1956.316873323973
1787,5356,29/04/1956,14:53:27,37.1833,-3.6833,0.0,V,,1.0,ALBOLOTE.GR,29/04/195614:53:27-3.683337.1833,5.0,4.381,1956.3268318343958
1788,5357,29/04/1956,14:54:29,37.1833,-3.6833,0.0,VI,,1.0,ALBOLOTE.GR,29/04/195614:54:29-3.683337.1833,6.0,4.926,1956.3268337950315
1789,5358,30/04/1956,13:45:21,37.1833,-3.6833,0.0,V,,1.0,ALBOLOTE.GR,30/04/195613:45:21-3.683337.1833,5.0,4.381,1956.3294348626291
1790,5359,01/05/1956,03:51:19,37.1833,-3.6833,0.0,IV,,1.0,ALBOLOTE.GR,01/05/195603:51:19-3.683337.1833,4.0,3.8360000000000003,1956.3310399906395
1791,5360,03/05/1956,01:03:43,37.3867,-3.5967,5.0,VI,4.3,1.0,W IZNALLOZ.GR,03/05/195601:03:43-3.596737.3867,6.0,4.926,1956.3361864690853
1793,5362,05/05/1956,22:43:21,37.1833,-3.6833,0.0,V,,1.0,ALBOLOTE.GR,05/05/195622:43:21-3.683337.1833,5.0,4.381,1956.3441168602003
1796,5366,10/05/1956,08:33:21,37.295,-2.27,5.0,V,,1.0,N CHERCOS.AL,10/05/195608:33:21-2.2737.295,5.0,4.381,1956.3561652815727
1797,5367,14/05/1956,09:57:32,37.1833,-3.6833,0.0,VI,,1.0,ALBOLOTE.GR,14/05/195609:57:32-3.683337.1833,6.0,4.926,1956.367253971868
1799,5375,18/06/1956,15:15:55,37.1833,-3.6833,0.0,III,,1.0,ALBOLOTE.GR,18/06/195615:15:55-3.683337.1833,3.0,3.2910000000000004,1956.4634864842644
1800,5376,18/06/1956,18:17:37,37.1833,-3.6833,0.0,III,,1.0,ALBOLOTE.GR,18/06/195618:17:37-3.683337.1833,3.0,3.2910000000000004,1956.4638312398806
1801,5377,18/06/1956,21:13:20,37.1833,-3.6833,0.0,III,,1.0,ALBOLOTE.GR,18/06/195621:13:20-3.683337.1833,3.0,3.2910000000000004,1956.464164642785
1802,5378,18/06/1956,22:29:47,37.1833,-3.6833,0.0,III,,1.0,ALBOLOTE.GR,18/06/195622:29:47-3.683337.1833,3.0,3.2910000000000004,1956.4643096981886
1803,5380,19/06/1956,15:06:45,37.1833,-3.6833,0.0,III,,1.0,ALBOLOTE.GR,19/06/195615:06:45-3.683337.1833,3.0,3.2910000000000004,1956.466201331967
1804,5381,19/06/1956,20:22:19,37.1833,-3.6833,0.0,III,,1.0,ALBOLOTE.GR,19/06/195620:22:19-3.683337.1833,3.0,3.2910000000000004,1956.46680008475
1805,5382,22/06/1956,22:51:50,37.1667,-3.6,0.0,III,,1.0,GRANADA,22/06/195622:51:50-3.637.1667,3.0,3.2910000000000004,1956.4752804973689
1807,5389,07/08/1956,23:48:57,38.1,-0.7,0.0,III,,1.0,ROJALES.A,07/08/195623:48:57-0.738.1,3.0,3.2910000000000004,1956.6010719300243
1808,5390,12/08/1956,16:17:31,37.1917,-3.5967,5.0,III,3.8,1.0,N GRANADA.GR,12/08/195616:17:31-3.596737.1917,3.0,3.2910000000000004,1956.6138765874823
1809,5391,14/08/1956,19:08:18,37.0817,-2.0933,5.0,IV,4.2,1.0,SE SORBAS.AL,14/08/195619:08:18-2.093337.0817,4.0,3.8360000000000003,1956.6196651108075
1810,5400,12/09/1956,03:31:44,37.1833,-3.7167,0.0,III,3.2,1.0,SANTA FE.GR,12/09/195603:31:44-3.716737.1833,3.0,3.2910000000000004,1956.6971230520137
1811,5407,29/11/1956,12:31:36,36.7267,-2.4583,5.0,III,3.5,1.0,ALBORÁN NORTE,29/11/195612:31:36-2.458336.7267,3.0,3.2910000000000004,1956.9112621432907
1812,5408,03/12/1956,11:11:38,37.7417,-2.4583,5.0,III,4.4,1.0,NE ORCE.GR,03/12/195611:11:38-2.458337.7417,3.0,3.2910000000000004,1956.9220393771504
1813,5413,28/12/1956,03:23:28,36.7483,-2.71,5.0,V,3.8,1.0,"W MOJONERA, LA.AL",28/12/195603:23:28-2.7136.7483,5.0,4.381,1956.9894570937058
1814,5414,02/01/1957,07:02:06,37.1967,-3.455,5.0,III,3.4,1.0,E QUÉNTAR.GR,02/01/195707:02:06-3.45537.1967,3.0,3.2910000000000004,1957.0035428082192
1815,5418,11/01/1957,00:13:24,36.6833,-2.6667,0.0,III,,1.0,PUNTA SABINAR.AL,11/01/195700:13:24-2.666736.6833,3.0,3.2910000000000004,1957.0274227549467
1816,5421,20/01/1957,14:00:00,37.2167,-3.6667,0.0,III,,1.0,ALBOLOTE.GR,20/01/195714:00:00-3.666737.2167,3.0,3.2910000000000004,1957.0536529680364
1817,5430,20/02/1957,13:18:13,36.6833,-2.6667,0.0,III,,1.0,PUNTA SABINAR.AL,20/02/195713:18:13-2.666736.6833,3.0,3.2910000000000004,1957.1385049784374
1818,5431,23/02/1957,17:03:08,36.6833,-2.6667,0.0,III,,1.0,PUNTA SABINAR.AL,23/02/195717:03:08-2.666736.6833,3.0,3.2910000000000004,1957.1471520801624
1819,5440,29/05/1957,20:38:21,37.2167,-3.6667,0.0,IV,3.6,1.0,ALBOLOTE.GR,29/05/195720:38:21-3.666737.2167,4.0,3.8360000000000003,1957.407835521309
1820,5443,19/06/1957,22:07:20,38.15,-1.3333,0.0,III,,1.0,ARCHENA.MU,19/06/195722:07:20-1.333338.15,3.0,3.2910000000000004,1957.4655390664636
1821,5457,27/07/1957,08:57:40,37.1833,-3.6,0.0,III,,1.0,GRANADA,27/07/195708:57:40-3.637.1833,3.0,3.2910000000000004,1957.5681462455607
1822,5459,01/08/1957,06:14:29,37.35,-2.35,0.0,III,3.1,1.0,PURCHENA.AL,01/08/195706:14:29-2.3537.35,3.0,3.2910000000000004,1957.5815344051243
1823,5466,27/08/1957,17:50:07,36.9667,-2.2,0.0,IV,3.1,1.0,NIJAR.AL,27/08/195717:50:07-2.236.9667,4.0,3.8360000000000003,1957.6540907851345
1825,5472,29/09/1957,02:13:23,37.9667,-1.1167,0.0,V,,1.0,CORBERA.MU,29/09/195702:13:23-1.116737.9667,5.0,4.381,1957.74271952689
1826,5477,22/10/1957,10:31:29,36.8333,-2.45,0.0,III,3.4,1.0,ALMERIA,22/10/195710:31:29-2.4536.8333,3.0,3.2910000000000004,1957.8066809043632
1827,5513,05/01/1958,12:04:57,38.8833,-0.6833,0.0,V,3.7,1.0,VALLADA.V,05/01/195812:04:57-0.683338.8833,5.0,4.381,1958.0123381849314
1828,5521,16/01/1958,15:13:38,38.1,-0.6,0.0,VI,,1.0,GUARDAMAR DEL SEGURA.A,16/01/195815:13:38-0.638.1,6.0,4.926,1958.0428341577879
1829,5537,31/01/1958,10:59:09,38.1,-0.7,0.0,V,,1.0,ALMORADI.A,31/01/195810:59:09-0.738.1,5.0,4.381,1958.083445871385
1830,5539,05/02/1958,10:18:25,38.4583,-0.735,5.0,VI,4.7,1.0,SE PETRER.A,05/02/195810:18:25-0.73538.4583,6.0,4.926,1958.0970670027905
1831,5550,18/02/1958,06:15:46,38.5167,-0.9333,0.0,III,2.6,1.0,SALINAS.A,18/02/195806:15:46-0.933338.5167,3.0,3.2910000000000004,1958.1322217782852
1832,5558,09/03/1958,16:13:56,37.1333,-3.65,0.0,III,3.8,1.0,CHURRIANA.GR,09/03/195816:13:56-3.6537.1333,3.0,3.2910000000000004,1958.18541463724
1834,5561,06/04/1958,01:15:42,38.4,-1.0333,0.0,III,,1.0,PINOSO.A,06/04/195801:15:42-1.033338.4,3.0,3.2910000000000004,1958.260417998478
1835,5564,07/05/1958,08:20:18,37.1833,-3.6,0.0,V,3.3,1.0,GRANADA,07/05/195808:20:18-3.637.1833,5.0,4.381,1958.346157343988
1836,5573,07/06/1958,13:18:24,36.7017,-2.9333,5.0,V,4.0,1.0,SE ADRA.AL,07/06/195813:18:24-2.933336.7017,5.0,4.381,1958.4316560121765
1837,5575,18/06/1958,14:24:17,38.9,-1.525,10.0,VI,4.3,1.0,SE HOYA-GONZALO.AB,18/06/195814:24:17-1.52538.9,6.0,4.926,1958.4619183472857
1838,5576,19/06/1958,04:46:27,39.1,-0.55,0.0,V,4.3,1.0,GABARDA.V,19/06/195804:46:27-0.5539.1,5.0,4.381,1958.463558694825
1840,5583,20/08/1958,06:51:12,38.3333,-0.5,0.0,III,3.2,1.0,ALICANTE,20/08/195806:51:12-0.538.3333,3.0,3.2910000000000004,1958.6336590563167
1844,5606,22/12/1958,02:48:16,38.1833,-1.1167,0.0,V-VI,4.0,1.0,FORTUNA.MU,22/12/195802:48:16-1.116738.1833,5.5,4.6535,1958.972922881786
1845,5629,07/04/1959,02:16:08,36.5217,-2.8517,5.0,IV,3.8,1.0,ALBORÁN NORTE,07/04/195902:16:08-2.851736.5217,4.0,3.8360000000000003,1959.263272704211
1846,5630,14/04/1959,16:29:31,38.0,-0.5,0.0,V,3.2,1.0,TORREVIEJA.A,14/04/195916:29:31-0.538.0,5.0,4.381,1959.2840744228818
1847,5633,06/05/1959,00:03:03,37.6,-1.3333,0.0,III,2.6,1.0,MAZARRON.MU,06/05/195900:03:03-1.333337.6,3.0,3.2910000000000004,1959.3424715563167
1848,5634,06/05/1959,20:59:57,39.4167,-0.3833,0.0,V,3.2,1.0,ALFAFAR.V,06/05/195920:59:57-0.383339.4167,5.0,4.381,1959.3448629185693
1850,5640,19/06/1959,19:38:10,38.0667,-0.85,0.0,V,2.9,1.0,BENEJUZAR.A,19/06/195919:38:10-0.8538.0667,5.0,4.381,1959.4652552638254
1851,5645,31/07/1959,14:48:23,38.1,-0.6667,0.0,III,,1.0,GUARDAMAR DEL SEGURA.A,31/07/195914:48:23-0.666738.1,3.0,3.2910000000000004,1959.579772418823
1856,5701,17/03/1960,20:10:36,38.5167,-0.9333,0.0,III,2.9,1.0,SALINAS.A,17/03/196020:10:36-0.933338.5167,3.0,3.2910000000000004,1960.2099472525804
1857,5708,09/05/1960,05:39:25,37.3667,-2.1667,0.0,III,,1.0,ALBOX.AL,09/05/196005:39:25-2.166737.3667,3.0,3.2910000000000004,1960.3531030219085
1858,5709,12/05/1960,09:23:53,37.2167,-3.7,0.0,III,,1.0,ATARFE.GR,12/05/196009:23:53-3.737.2167,3.0,3.2910000000000004,1960.3617256438474
1859,5714,29/05/1960,08:08:03,38.0,-0.6667,0.0,III,,1.0,TORREVIEJA.A,29/05/196008:08:03-0.666738.0,3.0,3.2910000000000004,1960.408029845932
1860,5715,01/06/1960,06:18:54,38.0967,-0.9117,5.0,VI,4.4,1.0,SW REDOVÁN.A,01/06/196006:18:54-0.911738.0967,6.0,4.926,1960.4160194672131
1861,5720,16/06/1960,19:23:58,37.25,-3.75,0.0,III,3.6,1.0,PINOS PUENTE.GR,16/06/196019:23:58-3.7537.25,3.0,3.2910000000000004,1960.4584926507791
1862,5722,18/06/1960,19:03:18,38.9,-0.3333,0.0,V,3.1,1.0,BENICOLET.V,18/06/196019:03:18-0.333338.9,5.0,4.381,1960.4639179189435
1863,5723,28/06/1960,13:22:59,37.5033,-3.5967,5.0,IV,3.7,1.0,NE CAMPOTÉJAR.GR,28/06/196013:22:59-3.596737.5033,4.0,3.8360000000000003,1960.4905946101499
1865,5726,16/07/1960,18:55:29,38.6,-0.9,0.0,III,3.5,1.0,VILLENA.A,16/07/196018:55:29-0.938.6,3.0,3.2910000000000004,1960.5404058199251
1866,5727,23/07/1960,22:55:22,37.1667,-3.6,0.0,IV,2.6,1.0,GRANADA.GR,23/07/196022:55:22-3.637.1667,4.0,3.8360000000000003,1960.5599866550294
1867,5736,30/08/1960,09:28:16,36.8,-1.5,0.0,IV,2.5,1.0,TOTANA.MU,30/08/196009:28:16-1.536.8,4.0,3.8360000000000003,1960.662280408824
1868,5742,10/10/1960,11:26:03,36.7633,-2.4717,5.0,III,4.0,1.0,S ALMERÍA.AL,10/10/196011:26:03-2.471736.7633,3.0,3.2910000000000004,1960.7745257475713
1869,5744,21/10/1960,01:40:18,37.405,-2.4583,5.0,IV,3.6,1.0,W LÚCAR.AL,21/10/196001:40:18-2.458337.405,4.0,3.8360000000000003,1960.8034689966605
1870,5746,01/11/1960,04:20:43,38.3333,-0.5,0.0,III,3.8,1.0,ALICANTE,01/11/196004:20:43-0.538.3333,3.0,3.2910000000000004,1960.833828014319
1871,5747,01/11/1960,10:56:21,37.7017,-0.94,0.0,V,4.0,1.0,SE TORRE-PACHECO.MU,01/11/196010:56:21-0.9437.7017,5.0,4.381,1960.8345786847299
1872,5756,11/12/1960,10:35:42,37.1667,-3.6,0.0,III,3.9,1.0,GRANADA.GR,11/12/196010:35:42-3.637.1667,3.0,3.2910000000000004,1960.9438291211293
1876,5762,26/12/1960,00:57:21,37.35,-2.2,0.0,IV,3.4,1.0,CANTORIA.AL,26/12/196000:57:21-2.237.35,4.0,3.8360000000000003,1960.9837153726473
1880,5779,16/03/1961,07:30:39,38.1833,-1.1333,0.0,IV,3.6,1.0,FORTUNA.MU,16/03/196107:30:39-1.133338.1833,4.0,3.8360000000000003,1961.2035971270927
1882,5781,14/04/1961,16:24:52,37.95,-1.15,0.0,III,3.9,1.0,MURCIA.MU,14/04/196116:24:52-1.1537.95,3.0,3.2910000000000004,1961.2840655758498
1883,5782,15/04/1961,00:32:47,37.95,-1.15,0.0,III,,1.0,MURCIA.MU,15/04/196100:32:47-1.1537.95,3.0,3.2910000000000004,1961.2849938800102
1884,5785,12/07/1961,14:14:48,37.305,-3.725,5.0,IV,3.7,1.0,NE PINOS PUENTE.GR,12/07/196114:14:48-3.72537.305,4.0,3.8360000000000003,1961.5276537290715
1885,5787,31/07/1961,22:28:36,37.1917,-3.6983,5.0,V,3.5,1.0,E SANTA FE.GR,31/07/196122:28:36-3.698337.1917,5.0,4.381,1961.580648021309
1888,5800,12/11/1961,11:40:07,37.1917,-3.5967,5.0,V,3.4,1.0,N GRANADA.GR,12/11/196111:40:07-3.596737.1917,5.0,4.381,1961.864345731862
1890,5810,17/01/1962,23:53:23,37.3,-3.1,0.0,III,3.2,2.0,GUADIX.GR,17/01/196223:53:23-3.137.3,3.0,3.4036,1962.0465627536782
1891,5813,30/01/1962,08:27:09,36.8333,-2.45,0.0,III,,1.0,ALMERIA.AL,30/01/196208:27:09-2.4536.8333,3.0,3.2910000000000004,1962.0804169520547
1892,5815,11/02/1962,13:32:48,37.2333,-2.1067,5.0,IV,4.8,2.0,NW LUBRÍN.AL,11/02/196213:32:48-2.106737.2333,4.0,4.9604,1962.1138751902588
1894,5825,25/04/1962,21:33:52,37.1383,-3.7567,5.0,V,4.1,2.0,"NW MALAHÁ, LA.GR",25/04/196221:33:52-3.756737.1383,5.0,4.279299999999999,1962.3147904616947
1896,5829,08/05/1962,08:35:43,37.095,-3.75,5.0,,3.6,2.0,"W MALAHÁ, LA.GR",08/05/196208:35:43-3.7537.095,-1.0,3.7928,1962.3489264015727
1897,5836,02/06/1962,21:39:54,37.1233,-2.2333,5.0,,3.5,2.0,SW ULEILA DEL CAMPO.AL,02/06/196221:39:54-2.233337.1233,-1.0,3.6955,1962.4189115296804
1898,5839,15/07/1962,18:56:19,36.585,-0.6217,9.0,,3.1,2.0,MEDITERRÁNEO-ARGELIA,15/07/196218:56:19-0.621736.585,-1.0,3.3063000000000002,1962.53640851725
1899,5841,30/07/1962,11:19:46,38.3333,-0.5,0.0,III,,1.0,ALICANTE.A,30/07/196211:19:46-0.538.3333,3.0,3.2910000000000004,1962.5766357813293
1900,5846,25/08/1962,19:59:02,37.1683,-0.105,5.0,,3.8,2.0,MEDITERRÁNEO-ARGELIA,25/08/196219:59:02-0.10537.1683,-1.0,3.9873999999999996,1962.6488566083206
1901,5847,26/08/1962,00:23:59,37.1833,-3.75,0.0,III,,1.0,JAU.GR,26/08/196200:23:59-3.7537.1833,3.0,3.2910000000000004,1962.6493606988838
1902,5848,26/08/1962,11:24:20,37.1833,-3.75,0.0,III,,1.0,JAU.GR,26/08/196211:24:20-3.7537.1833,3.0,3.2910000000000004,1962.650617072552
1903,5849,26/08/1962,16:31:03,37.055,0.06,5.0,,3.7,2.0,MEDITERRÁNEO-ARGELIA,26/08/196216:31:030.0637.055,-1.0,3.8901000000000003,1962.6512006278538
1905,5855,16/09/1962,00:51:01,39.4367,-2.0067,5.0,,3.5,2.0,SE RUBIELOS BAJOS.CU,16/09/196200:51:01-2.006739.4367,-1.0,3.6955,1962.7069463787418
1908,5862,05/11/1962,08:29:52,37.38,-2.6517,5.0,IV,4.7,2.0,SE CANILES.GR,05/11/196208:29:52-2.651737.38,4.0,4.8631,1962.8448056823947
1910,5867,15/01/1963,09:06:54,38.2167,-1.05,0.0,V,3.3,2.0,ABANILLA.MU,15/01/196309:06:54-1.0538.2167,5.0,3.5008999999999997,1963.0393966894976
1911,5868,19/01/1963,20:50:29,38.2167,-1.05,0.0,VI,3.3,2.0,ABANILLA.MU,19/01/196320:50:29-1.0538.2167,6.0,3.5008999999999997,1963.0516942224758
1912,5869,25/01/1963,11:33:01,38.2,-0.55,0.0,V,3.4,2.0,SANTA POLA.A,25/01/196311:33:01-0.5538.2,5.0,3.5982,1963.067071949518
1915,5878,18/03/1963,11:50:43,38.3567,-1.0717,20.0,,3.4,2.0,N ABANILLA.MU,18/03/196311:50:43-1.071738.3567,-1.0,3.5982,1963.2095713787417
1917,5881,29/03/1963,15:07:04,38.3833,-0.7667,0.0,III,,1.0,NOVELDA.A,29/03/196315:07:04-0.766738.3833,3.0,3.2910000000000004,1963.2400819381025
1918,5883,03/04/1963,13:06:00,38.0,-0.6667,0.0,III,,1.0,TORREVIEJA.A,03/04/196313:06:00-0.666738.0,3.0,3.2910000000000004,1963.2535502283106
1920,5889,30/05/1963,01:54:49,37.7667,-1.885,5.0,V,4.0,2.0,NW LORCA.MU,30/05/196301:54:49-1.88537.7667,5.0,4.1819999999999995,1963.4084376268393
1922,5894,27/06/1963,22:43:46,37.1,-3.2,0.0,,3.1,2.0,SIERRA NEVADA.GR,27/06/196322:43:46-3.237.1,-1.0,3.3063000000000002,1963.4875261922882
1924,5907,11/09/1963,16:48:55,36.8,-3.0,0.0,,3.1,2.0,BERJA.AL,11/09/196316:48:55-3.036.8,-1.0,3.3063000000000002,1963.6950702371892
1925,5912,25/09/1963,22:22:09,39.3967,0.4833,5.0,,3.6,2.0,GOLFO DE VALENCIA,25/09/196322:22:090.483339.3967,-1.0,3.7928,1963.7340604071537
1926,5914,01/10/1963,07:16:02,37.5617,-2.7367,5.0,,3.2,2.0,SW BENAMAUREL.GR,01/10/196307:16:02-2.736737.5617,-1.0,3.4036,1963.7487747970574
1930,5920,18/11/1963,19:09:19,38.0933,0.0817,5.0,,3.3,2.0,MEDITERRÁNEO-LEVANTE SUR,18/11/196319:09:190.081738.0933,-1.0,3.5008999999999997,1963.88163873034
1931,5923,07/12/1963,13:47:32,37.2,-1.8667,0.0,III,,1.0,GARRUCHA.AL,07/12/196313:47:32-1.866737.2,3.0,3.2910000000000004,1963.9330813039066
1932,5925,12/01/1964,21:24:52,37.025,-3.8333,5.0,IV,3.8,2.0,SW AGRÓN.GR,12/01/196421:24:52-3.833337.025,4.0,3.9873999999999996,1964.032492536936
1933,5927,29/01/1964,01:47:53,37.0583,-3.6233,5.0,VI,3.7,2.0,SW DÍLAR.GR,29/01/196401:47:53-3.623337.0583,6.0,3.8901000000000003,1964.076707428911
1935,5929,29/01/1964,02:02:41,37.1117,-3.5967,5.0,IV,4.0,2.0,NE GÓJAR.GR,29/01/196402:02:41-3.596737.1117,4.0,4.1819999999999995,1964.0767355102712
1936,5931,01/03/1964,10:19:58,37.8,-1.5,0.0,III,3.3,2.0,TOTANA.MU,01/03/196410:19:58-1.537.8,3.0,3.5008999999999997,1964.1651107442826
1938,5934,20/03/1964,06:39:41,37.6833,-1.7,0.0,III,,1.0,LORCA.MU,20/03/196406:39:41-1.737.6833,3.0,3.2910000000000004,1964.2166053493727
1939,5936,02/04/1964,16:02:35,38.015,-0.485,5.0,,3.5,2.0,MEDITERRÁNEO-LEVANTE SUR,02/04/196416:02:35-0.48538.015,-1.0,3.6955,1964.2531925154321
1940,5937,03/04/1964,18:28:33,38.2,-1.1,0.0,V,3.8,2.0,ABANILLA.MU,03/04/196418:28:33-1.138.2,5.0,3.9873999999999996,1964.256201711445
1941,5940,11/04/1964,18:56:53,38.1,-1.3333,0.0,V,3.2,2.0,CALLOSA DEL SEGURA.A,11/04/196418:56:53-1.333338.1,5.0,3.4036,1964.2781133943029
1942,5941,14/04/1964,10:21:46,38.0217,-0.6,5.0,,3.4,2.0,NE TORREVIEJA.A,14/04/196410:21:46-0.638.0217,-1.0,3.5982,1964.285332738818
1943,5942,15/04/1964,08:40:22,38.3567,-0.8267,5.0,,3.1,2.0,W ASPE.A,15/04/196408:40:22-0.826738.3567,-1.0,3.3063000000000002,1964.2878725839912
1944,5943,15/04/1964,21:54:28,38.2,-1.0333,0.0,IV,,1.0,ABANILLA.MU,15/04/196421:54:28-1.033338.2,4.0,3.8360000000000003,1964.2893793007488
1946,5950,03/05/1964,23:30:05,36.8533,-1.7717,24.0,,3.3,2.0,MEDITERRÁNEO-LEVANTE SUR,03/05/196423:30:05-1.771736.8533,-1.0,3.5008999999999997,1964.3387410506477
1947,5951,09/05/1964,05:19:01,38.2,-1.1,0.0,V,3.6,2.0,CALLOSA DEL SEGURA.A,09/05/196405:19:01-1.138.2,5.0,3.7928,1964.353064315169
1948,5960,09/06/1964,02:33:35,37.7367,-2.5667,5.0,VII,4.8,2.0,SW GALERA.GR,09/06/196402:33:35-2.566737.7367,7.0,4.9604,1964.4374498773022
1949,5961,09/06/1964,03:03:08,37.7333,-2.5667,0.0,,3.2,2.0,GALERA.GR,09/06/196403:03:08-2.566737.7333,-1.0,3.4036,1964.437505945153
1957,5969,10/06/1964,17:22:29,37.7333,-2.5667,0.0,III,,1.0,GALERA.GR,10/06/196417:22:29-2.566737.7333,3.0,3.2910000000000004,1964.4418687069924
1959,5971,11/06/1964,22:50:14,37.7333,-2.5667,0.0,III,3.6,2.0,GALERA.GR,11/06/196422:50:14-2.566737.7333,3.0,3.7928,1964.4452228167374
1964,5976,26/06/1964,23:50:49,36.8533,-1.825,5.0,,3.3,2.0,MEDITERRÁNEO-LEVANTE SUR,26/06/196423:50:49-1.82536.8533,-1.0,3.5008999999999997,1964.4863213734568
1965,5977,27/06/1964,02:35:42,37.5217,-2.275,14.0,III,3.7,2.0,NE ORIA.AL,27/06/196402:35:42-2.27537.5217,3.0,3.8901000000000003,1964.4866342213115
1966,5979,29/06/1964,00:31:36,37.525,-2.395,10.0,,3.5,2.0,SE CÚLLAR.GR,29/06/196400:31:36-2.39537.525,-1.0,3.6955,1964.491863236187
1967,5980,03/07/1964,21:35:30,37.9,-1.5,0.0,IV,3.3,2.0,ALHAMA DE MURCIA.MU,03/07/196421:35:30-1.537.9,4.0,3.5008999999999997,1964.505190308136
1968,5981,13/07/1964,12:25:10,37.06,-2.02,5.0,V,4.0,2.0,SE SORBAS.AL,13/07/196412:25:10-2.0237.06,5.0,4.1819999999999995,1964.5314685159888
1969,5988,17/08/1964,11:40:19,37.6,-2.8,0.0,,3.1,2.0,CORTES DE BAZA.GR,17/08/196411:40:19-2.837.6,-1.0,3.3063000000000002,1964.627011833384
1970,5997,09/09/1964,09:39:45,37.085,-3.62,5.0,VII,4.3,2.0,SE OTURA.GR,09/09/196409:39:45-3.6237.085,7.0,4.4738999999999995,1964.6896246015483
1972,6000,09/09/1964,13:34:20,37.0833,-3.6167,0.0,III,,1.0,OTURA.GR,09/09/196413:34:20-3.616737.0833,3.0,3.2910000000000004,1964.6900696974296
1975,6007,24/09/1964,18:14:33,37.1217,-3.7833,5.0,,3.5,2.0,SE CHIMENEAS.GR,24/09/196418:14:33-3.783337.1217,-1.0,3.6955,1964.731584984062
1977,6011,10/10/1964,02:19:26,37.1667,-2.4583,5.0,,3.2,2.0,SE OLULA DE CASTRO.AL,10/10/196402:19:26-2.458337.1667,-1.0,3.4036,1964.7734886030155
1979,6015,02/11/1964,11:39:50,36.74,-2.66,5.0,III,3.6,2.0,"SE MOJONERA, LA.AL",02/11/196411:39:50-2.6636.74,3.0,3.7928,1964.8373934299736
1981,6022,26/11/1964,23:14:58,38.75,-0.1667,0.0,V,4.0,2.0,CASTELL.A,26/11/196423:14:58-0.166738.75,5.0,4.1819999999999995,1964.9042861389396
1983,6036,27/01/1965,16:53:12,36.6383,-2.105,5.0,,3.2,2.0,ALBORÁN NORTE,27/01/196516:53:12-2.10536.6383,-1.0,3.4036,1965.0731605783867
1986,6047,05/04/1965,06:16:38,37.56,-2.3083,5.0,III,3.5,2.0,SW CHIRIVEL.AL,05/04/196506:16:38-2.308337.56,3.0,3.6955,1965.2582508244545
1987,6048,06/04/1965,17:39:42,37.5067,-2.1417,27.0,III,4.2,2.0,NW TABERNO.AL,06/04/196517:39:42-2.141737.5067,3.0,4.3766,1965.2622901445966
1989,6060,28/05/1965,16:38:36,36.51,-3.2983,5.0,,3.8,2.0,ALBORÁN NORTE,28/05/196516:38:36-3.298336.51,-1.0,3.9873999999999996,1965.4046396499239
1992,6072,05/07/1965,13:33:46,36.8917,-0.135,40.0,,3.2,2.0,MEDITERRÁNEO-ARGELIA,05/07/196513:33:46-0.13536.8917,-1.0,3.4036,1965.5083975773719
1993,6075,15/07/1965,07:37:06,36.9167,-3.58,5.0,,3.2,2.0,S RESTABAL.GR,15/07/196507:37:06-3.5836.9167,-1.0,3.4036,1965.5351162480974
1995,6077,18/07/1965,22:55:37,38.3567,-1.6767,5.0,,3.4,2.0,S HELLÍN.AB,18/07/196522:55:37-1.676738.3567,-1.0,3.5982,1965.5450829845256
1996,6082,03/08/1965,08:40:07,37.535,-2.4583,5.0,,3.4,2.0,SE CÚLLAR.GR,03/08/196508:40:07-2.458337.535,-1.0,3.5982,1965.5872909373415
1997,6084,07/08/1965,21:29:39,36.6583,-3.2417,9.0,,4.1,2.0,SW ALBUÑOL.GR,07/08/196521:29:39-3.241736.6583,-1.0,4.279299999999999,1965.5997139459664
1999,6092,05/10/1965,07:11:33,38.5267,-1.7667,5.0,,3.8,2.0,W HELLÍN.AB,05/10/196507:11:33-1.766738.5267,-1.0,3.9873999999999996,1965.759725171233
2000,6093,08/10/1965,12:07:49,38.5517,-1.94,9.0,,4.0,2.0,NE LIÉTOR.AB,08/10/196512:07:49-1.9438.5517,-1.0,4.1819999999999995,1965.7685080225774
2001,6094,08/10/1965,13:22:56,38.42,-1.6433,5.0,,4.0,2.0,SE HELLÍN.AB,08/10/196513:22:56-1.643338.42,-1.0,4.1819999999999995,1965.7686509386099
2002,6095,08/10/1965,14:10:04,38.3567,-1.8817,9.0,,3.9,2.0,E SOCOVOS.AB,08/10/196514:10:04-1.881738.3567,-1.0,4.0847,1965.7687406139016
2003,6096,09/10/1965,04:56:12,38.3567,-1.6633,5.0,,3.6,2.0,S HELLÍN.AB,09/10/196504:56:12-1.663338.3567,-1.0,3.7928,1965.7704265601217
2006,6107,28/11/1965,13:38:13,36.5533,-3.5917,5.0,,3.7,2.0,ALBORÁN NORTE,28/11/196513:38:13-3.591736.5533,-1.0,3.8901000000000003,1965.9084060438863
2007,6111,11/12/1965,02:57:13,38.4367,-1.7967,5.0,,3.3,2.0,SW HELLÍN.AB,11/12/196502:57:13-1.796738.4367,-1.0,3.5008999999999997,1965.9428029236428
2008,6112,12/12/1965,14:41:02,36.8633,-3.195,5.0,,3.3,2.0,NE ALBONDÓN.GR,12/12/196514:41:02-3.19536.8633,-1.0,3.5008999999999997,1965.9468817224758
2009,6127,26/02/1966,01:09:48,37.2,-2.7,0.0,,3.2,2.0,SIERRA FILABRES.AL,26/02/196601:09:48-2.737.2,-1.0,3.4036,1966.153557458143
2010,6128,28/02/1966,04:13:02,38.5583,-1.87,25.0,,3.1,2.0,E LIÉTOR.AB,28/02/196604:13:02-1.8738.5583,-1.0,3.3063000000000002,1966.159385527651
2011,6141,29/04/1966,10:27:06,36.725,-2.4583,5.0,IV,3.7,2.0,ALBORÁN NORTE,29/04/196610:27:06-2.458336.725,4.0,3.8901000000000003,1966.324480783866
2014,6164,19/07/1966,16:32:03,39.1,-2.0,0.0,III,3.8,2.0,LA GINETA.AB,19/07/196616:32:03-2.039.1,3.0,3.9873999999999996,1966.5470929414003
2015,6167,20/07/1966,22:22:01,36.8,-2.7,0.0,,3.6,2.0,FELIX.AL,20/07/196622:22:01-2.736.8,-1.0,3.7928,1966.5504985096397
2016,6170,21/08/1966,09:12:59,37.565,-2.595,5.0,,3.6,2.0,SW CÚLLAR.GR,21/08/196609:12:59-2.59537.565,-1.0,3.7928,1966.6366685375444
2017,6177,01/09/1966,02:38:43,37.4367,-1.8067,5.0,,3.5,2.0,NW PULPÍ.AL,01/09/196602:38:43-1.806737.4367,-1.0,3.6955,1966.6660553970066
2019,6182,23/09/1966,02:50:31,37.3917,-2.7717,5.0,,3.3,2.0,SW CANILES.GR,23/09/196602:50:31-2.771737.3917,-1.0,3.5008999999999997,1966.726351820142
2022,6192,27/10/1966,05:14:15,38.35,-0.5,0.0,III,,1.0,ALICANTE.A,27/10/196605:14:15-0.538.35,3.0,3.2910000000000004,1966.8197759703196
2023,6194,22/11/1966,12:39:38,37.0,-3.9,0.0,,3.1,2.0,ARENAS DEL REY.GR,22/11/196612:39:38-3.937.0,-1.0,3.3063000000000002,1966.8918562278031
2024,6197,30/11/1966,16:42:36,38.2717,0.4533,10.0,,3.4,2.0,MEDITERRÁNEO-LEVANTE SUR,30/11/196616:42:360.453338.2717,-1.0,3.5982,1966.9142363013698
2025,6200,14/12/1966,15:44:11,38.0667,-0.8333,0.0,IV,,1.0,BENEJUZAR.A,14/12/196615:44:11-0.833338.0667,4.0,3.8360000000000003,1966.9524813229325
2026,6205,22/12/1966,09:28:06,36.7,-2.95,0.0,,3.1,2.0,SE ADRA,22/12/196609:28:06-2.9536.7,-1.0,3.3063000000000002,1966.9736835996955
2027,6210,25/01/1967,01:17:27,38.0983,-1.1167,5.0,,3.2,2.0,NW SANTOMERA.MU,25/01/196701:17:27-1.116738.0983,-1.0,3.4036,1967.065900780061
2028,6211,25/01/1967,02:35:03,38.3567,-1.0617,5.0,,3.2,2.0,NW ALGUEÑA.A,25/01/196702:35:03-1.061738.3567,-1.0,3.4036,1967.0660484208524
2029,6220,05/03/1967,07:45:23,37.75,-1.0,0.0,,3.2,2.0,TORRE-PACHECO.MU,05/03/196707:45:23-1.037.75,-1.0,3.4036,1967.1734881722475
2030,6225,27/03/1967,00:13:55,38.35,-0.5,0.0,III,,1.0,ALICANTE.A,27/03/196700:13:55-0.538.35,3.0,3.2910000000000004,1967.2329031900051
2034,6250,18/06/1967,21:51:45,36.825,-3.5533,5.0,,3.1,2.0,SE GUÁJAR-FARAGÜIT.GR,18/06/196721:51:45-3.553336.825,-1.0,3.3063000000000002,1967.4627696917807
2035,6253,02/07/1967,14:33:36,36.7283,-3.655,5.0,,3.4,2.0,E ALMUÑÉCAR.GR,02/07/196714:33:36-3.65536.7283,-1.0,3.5982,1967.5002922374429
2036,6257,11/07/1967,07:57:52,38.2,-0.6,0.0,III,3.1,2.0,SANTA POLA.A,11/07/196707:57:52-0.638.2,3.0,3.3063000000000002,1967.5241968543887
2037,6259,21/07/1967,03:31:12,36.7283,-3.445,5.0,,3.6,2.0,SW CASTELL DE FERRO.GR,21/07/196703:31:12-3.44536.7283,-1.0,3.7928,1967.5510867579908
2039,6262,25/07/1967,02:24:20,37.4583,-3.5583,5.0,,4.5,2.0,SE CAMPOTÉJAR.GR,25/07/196702:24:20-3.558337.4583,-1.0,4.6685,1967.561918442415
2041,6265,29/07/1967,21:54:29,38.3567,-1.3833,5.0,III,4.2,2.0,NE CIEZA.MU,29/07/196721:54:29-1.383338.3567,3.0,4.3766,1967.57510365931
2043,6268,03/08/1967,00:34:13,38.3567,-1.2883,5.0,VI,3.9,2.0,SE JUMILLA.MU,03/08/196700:34:13-1.288338.3567,6.0,4.0847,1967.586366470066
2044,6269,03/08/1967,01:25:00,38.3567,-1.2833,5.0,III,3.5,2.0,SE JUMILLA.MU,03/08/196701:25:00-1.283338.3567,3.0,3.6955,1967.5864630898022
2045,6270,03/08/1967,01:34:38,38.3567,-1.2833,0.0,III,,1.0,N CIEZA.MU,03/08/196701:34:38-1.283338.3567,3.0,3.2910000000000004,1967.5864814180618
2047,6296,22/09/1967,14:32:44,36.8667,-3.1317,5.0,,3.6,2.0,SW MURTAS.GR,22/09/196714:32:44-3.131736.8667,-1.0,3.7928,1967.7249481227802
2048,6301,02/10/1967,02:35:04,38.5667,-0.55,0.0,III,,1.0,JIJONA.A,02/10/196702:35:04-0.5538.5667,3.0,3.2910000000000004,1967.7509799594116
2049,6302,02/10/1967,02:36:28,38.5667,-0.55,0.0,III,,1.0,JIJONA.A,02/10/196702:36:28-0.5538.5667,3.0,3.2910000000000004,1967.750982623034
2050,6303,02/10/1967,16:43:50,38.575,-0.545,5.0,IV,3.7,2.0,NW JIJONA/XIXONA.A,02/10/196716:43:50-0.54538.575,4.0,3.8901000000000003,1967.752594812278
2051,6323,26/11/1967,17:11:36,39.0733,-3.4667,5.0,,3.8,2.0,SW LLANOS DEL CAUDILLO.CR,26/11/196717:11:36-3.466739.0733,-1.0,3.9873999999999996,1967.9033325722983
2053,6328,04/01/1968,06:42:14,37.5983,-2.1233,5.0,,4.0,2.0,SW VÉLEZ-RUBIO.AL,04/01/196806:42:14-2.123337.5983,-1.0,4.1819999999999995,1968.008959914491
2054,6341,22/01/1968,02:39:41,38.3567,0.1833,40.0,,3.1,2.0,MEDITERRÁNEO-LEVANTE SUR,22/01/196802:39:410.183338.3567,-1.0,3.3063000000000002,1968.0576800306112
2055,6344,22/01/1968,15:30:57,38.3567,0.1833,0.0,,3.1,2.0,MAR MEDITERRANEO,22/01/196815:30:570.183338.3567,-1.0,3.3063000000000002,1968.059143423649
2056,6352,10/02/1968,21:54:52,36.8533,-1.055,5.0,,3.1,2.0,MEDITERRÁNEO-LEVANTE SUR,10/02/196821:54:52-1.05536.8533,-1.0,3.3063000000000002,1968.1117844312892
2058,6389,18/04/1968,01:08:38,37.26,-3.595,12.0,,3.2,2.0,NE GÜEVÉJAR.GR,18/04/196801:08:38-3.59537.26,-1.0,3.4036,1968.2952121913581
2059,6398,27/04/1968,05:29:23,38.0217,-1.94,8.0,,3.5,2.0,SW CARAVACA DE LA CRUZ.MU,27/04/196805:29:23-1.9438.0217,-1.0,3.6955,1968.3202970995244
2063,6427,03/08/1968,13:07:08,39.02,0.2583,5.0,,3.3,2.0,GOLFO DE VALENCIA,03/08/196813:07:080.258339.02,-1.0,3.5008999999999997,1968.5889251922688
2064,6445,15/09/1968,01:33:08,36.8533,-2.0917,60.0,,3.3,2.0,SE NÍJAR.AL,15/09/196801:33:08-2.091736.8533,-1.0,3.5008999999999997,1968.705094742967
2065,6449,22/09/1968,03:05:03,37.01,-1.3633,5.0,,3.9,2.0,MEDITERRÁNEO-LEVANTE SUR,22/09/196803:05:03-1.363337.01,-1.0,4.0847,1968.724394827717
2066,6458,07/10/1968,05:21:39,37.5,-1.05,0.0,III,3.2,2.0,MAR MEDITERRANEO,07/10/196805:21:39-1.0537.5,3.0,3.4036,1968.765637617638
2068,6465,21/10/1968,18:15:38,36.8533,-2.6617,5.0,III,3.4,2.0,S FELIX.AL,21/10/196818:15:38-2.661736.8533,3.0,3.5982,1968.8053575313702
2069,6467,24/10/1968,06:58:24,36.6033,-3.5333,5.0,,3.2,2.0,ALBORÁN NORTE,24/10/196806:58:24-3.533336.6033,-1.0,3.4036,1968.8122692774741
2070,6476,10/11/1968,09:12:25,37.3983,-2.3117,10.0,,3.2,2.0,E URRÁCAL.AL,10/11/196809:12:25-2.311737.3983,-1.0,3.4036,1968.8589716466809
2073,6483,09/12/1968,01:36:22,39.345,0.2233,13.0,III,4.5,2.0,GOLFO DE VALENCIA,09/12/196801:36:220.223339.345,3.0,4.6685,1968.9373413150172
2074,6487,23/12/1968,16:13:57,39.3333,0.2167,0.0,,3.3,2.0,GOLFO DE VALENCIA,23/12/196816:13:570.216739.3333,-1.0,3.5008999999999997,1968.9772577982696
2077,6491,07/01/1969,16:43:53,38.2367,-0.1583,5.0,,3.4,2.0,MEDITERRÁNEO-LEVANTE SUR,07/01/196916:43:53-0.158338.2367,-1.0,3.5982,1969.018348332065
2078,6496,23/01/1969,18:28:31,39.4417,-0.72,5.0,V,4.3,2.0,S CHIVA.V,23/01/196918:28:31-0.7239.4417,5.0,4.4738999999999995,1969.0623830225775
2080,6557,11/03/1969,00:33:04,38.3333,-0.5,0.0,III,,1.0,ALICANTE.A,11/03/196900:33:04-0.538.3333,3.0,3.2910000000000004,1969.1891040081177
2081,6586,12/04/1969,00:31:42,38.3333,-0.5,0.0,III,,1.0,ALICANTE.A,12/04/196900:31:42-0.538.3333,3.0,3.2910000000000004,1969.2767726407915
2082,6620,22/06/1969,00:48:08,37.2867,-3.515,5.0,,3.6,2.0,E COGOLLOS DE LA VEGA.GR,22/06/196900:48:08-3.51537.2867,-1.0,3.7928,1969.4713244545915
2083,6625,03/07/1969,01:19:13,38.3567,-1.0283,5.0,III,3.3,2.0,NW ALGUEÑA.A,03/07/196901:19:13-1.028338.3567,3.0,3.5008999999999997,1969.501520579655
2084,6637,16/07/1969,08:17:07,38.2833,0.4567,0.0,V,3.3,2.0,MAR MEDITERRANEO,16/07/196908:17:070.456738.2833,5.0,3.5008999999999997,1969.5379321093353
2087,6651,09/09/1969,19:27:17,37.1917,-3.595,5.0,III,3.7,2.0,N GRANADA.GR,09/09/196919:27:17-3.59537.1917,3.0,3.8901000000000003,1969.6898920915778
2089,6656,01/10/1969,03:49:07,38.2667,-0.7,0.0,III,,1.0,ELCHE.A,01/10/196903:49:07-0.738.2667,3.0,3.2910000000000004,1969.7483811199897
2090,6658,10/10/1969,07:13:07,37.35,-2.05,0.0,,3.1,2.0,ZURGENA.AL,10/10/196907:13:07-2.0537.35,-1.0,3.3063000000000002,1969.7734267820904
2091,6659,14/10/1969,15:18:43,36.955,-3.6467,5.0,IV,4.3,2.0,NW ALBUÑUELAS.GR,14/10/196915:18:43-3.646736.955,4.0,4.4738999999999995,1969.785309582699
2092,6678,05/01/1970,02:46:18,38.0667,-0.65,0.0,V,,1.0,GUARDAMAR DEL SEGURA.A,05/01/197002:46:18-0.6538.0667,5.0,4.381,1970.011275304414
2094,6741,16/03/1970,13:05:08,36.8533,-1.2983,5.0,,3.2,2.0,MEDITERRÁNEO-LEVANTE SUR,16/03/197013:05:08-1.298336.8533,-1.0,3.4036,1970.2042335109081
2096,6813,20/07/1970,10:58:56,36.7,-2.5,0.0,,3.6,2.0,S ALMERIA,20/07/197010:58:56-2.536.7,-1.0,3.7928,1970.5491988838153
2097,6835,09/09/1970,04:28:50,38.4167,-0.45,0.0,III,,1.0,CAMPELLO.A,09/09/197004:28:50-0.4538.4167,3.0,3.2910000000000004,1970.6881827118214
2098,6842,21/09/1970,06:42:35,37.7667,-1.55,0.0,III,,1.0,W TOTANA.MU,21/09/197006:42:35-1.5537.7667,3.0,3.2910000000000004,1970.7213138952309
2099,6844,25/09/1970,01:02:33,39.0867,-0.485,5.0,,3.1,2.0,"W POBLA LLARGA, LA.V",25/09/197001:02:33-0.48539.0867,-1.0,3.3063000000000002,1970.7316258561643
2101,6911,12/01/1971,05:07:13,37.745,-0.6933,20.0,V,4.2,2.0,SE SAN PEDRO DEL PINATAR.MU,12/01/197105:07:13-0.693337.745,5.0,4.3766,1971.030721492897
2102,6914,26/01/1971,04:08:17,38.0967,-0.485,10.0,IV,3.3,2.0,MEDITERRÁNEO-LEVANTE SUR,26/01/197104:08:17-0.48538.0967,4.0,3.5008999999999997,1971.0689655314561
2104,6918,07/02/1971,00:43:35,36.9917,-3.7517,5.0,III,3.2,2.0,S ESCÚZAR.GR,07/02/197100:43:35-3.751736.9917,3.0,3.4036,1971.1014527841198
2105,6924,20/02/1971,00:09:30,39.385,0.415,20.0,,3.7,2.0,GOLFO DE VALENCIA,20/02/197100:09:300.41539.385,-1.0,3.8901000000000003,1971.1370043759514
2106,6950,24/03/1971,21:56:21,39.1867,-0.7883,20.0,,3.7,2.0,N BICORP.V,24/03/197121:56:21-0.788339.1867,-1.0,3.8901000000000003,1971.2271620053273
2108,6972,01/05/1971,10:37:59,36.855,-3.8233,5.0,III,4.3,2.0,S JAYENA.GR,01/05/197110:37:59-3.823336.855,3.0,4.4738999999999995,1971.329980942415
2111,6979,19/05/1971,12:49:57,37.045,-3.895,10.0,,3.3,2.0,SE CACÍN.GR,19/05/197112:49:57-3.89537.045,-1.0,3.5008999999999997,1971.3795470890411
2112,6985,26/05/1971,09:59:39,37.905,-0.2717,10.0,V,3.5,2.0,MEDITERRÁNEO-LEVANTE SUR,26/05/197109:59:39-0.271737.905,5.0,3.6955,1971.3984011605785
2113,6987,29/05/1971,07:23:37,37.5717,-3.5967,10.0,,3.3,2.0,NE CAMPILLO DE ARENAS.J,29/05/197107:23:37-3.596737.5717,-1.0,3.5008999999999997,1971.406323471588
2114,6999,16/06/1971,20:41:17,36.635,-2.9983,5.0,III,3.9,2.0,ALBORÁN NORTE,16/06/197120:41:17-2.998336.635,3.0,4.0847,1971.4571561707255
2115,7000,18/06/1971,00:58:15,37.0083,-3.875,5.0,,3.1,2.0,SW AGRÓN.GR,18/06/197100:58:15-3.87537.0083,-1.0,3.3063000000000002,1971.4603847983258
2116,7001,18/06/1971,21:13:36,37.7383,-3.48,5.0,,4.3,2.0,SW ALBANCHEZ DE MÁGINA.J,18/06/197121:13:36-3.4837.7383,-1.0,4.4738999999999995,1971.462697108067
2117,7008,21/06/1971,22:44:36,36.55,-3.75,5.0,,3.1,2.0,ALBORÁN NORTE,21/06/197122:44:36-3.7536.55,-1.0,3.3063000000000002,1971.4710894216134
2119,7032,12/07/1971,23:25:48,36.6,-3.4,0.0,,3.2,2.0,MAR DE ALBORAN,12/07/197123:25:48-3.436.6,-1.0,3.4036,1971.5287020547946
2120,7051,25/07/1971,23:21:51,37.08,-3.895,5.0,III,3.9,2.0,NE CACÍN.GR,25/07/197123:21:51-3.89537.08,3.0,4.0847,1971.56431097793
2121,7052,30/07/1971,11:46:15,36.9,-3.7,0.0,,3.5,2.0,N ALMUÑECAR.GR,30/07/197111:46:15-3.736.9,-1.0,3.6955,1971.5766861681886
2123,7064,11/08/1971,03:55:39,37.3083,-2.1933,5.0,,3.2,2.0,NW ALBÁNCHEZ.AL,11/08/197103:55:39-2.193337.3083,-1.0,3.4036,1971.608667522831
2125,7129,12/11/1971,01:40:30,36.8533,-1.7183,5.0,,3.8,2.0,MEDITERRÁNEO-LEVANTE SUR,12/11/197101:40:30-1.718336.8533,-1.0,3.9873999999999996,1971.8632049086757
2126,7143,24/11/1971,07:26:20,36.6667,-3.3683,10.0,,3.3,2.0,SE CASTELL DE FERRO.GR,24/11/197107:26:20-3.368336.6667,-1.0,3.5008999999999997,1971.8967395991883
2128,7184,16/03/1972,21:31:32,37.42,-2.245,5.0,VII,4.8,2.0,NW PARTALOA.AL,16/03/197221:31:32-2.24537.42,7.0,4.9604,1972.2073685741752
2129,7186,16/03/1972,21:38:13,37.42,-2.24,5.0,,3.4,2.0,NW PARTALOA.AL,16/03/197221:38:13-2.2437.42,-1.0,3.5982,1972.2073812550598
2130,7188,18/03/1972,05:59:30,37.2867,-1.82,5.0,,3.4,2.0,E CUEVAS DEL ALMANZORA.AL,18/03/197205:59:30-1.8237.2867,-1.0,3.5982,1972.211064625076
2131,7190,05/04/1972,04:10:07,38.05,-0.8333,0.0,V,3.2,2.0,JACARILLA.A,05/04/197204:10:07-0.833338.05,5.0,3.4036,1972.2600374101903
2132,7191,14/04/1972,03:22:17,38.47,-1.355,5.0,,4.2,2.0,W JUMILLA.MU,14/04/197203:22:17-1.35538.47,-1.0,4.3766,1972.284536815675
2133,7192,14/04/1972,08:55:01,38.7383,-1.1183,5.0,,3.2,2.0,W CAUDETE.AB,14/04/197208:55:01-1.118338.7383,-1.0,3.4036,1972.2851681403056
2135,7219,26/06/1972,02:12:28,39.4517,-0.485,5.0,,3.1,2.0,SW ALAQUÀS.V,26/06/197202:12:28-0.48539.4517,-1.0,3.3063000000000002,1972.4838578981987
2137,7223,02/07/1972,21:53:45,38.5017,-2.0417,9.0,,3.7,2.0,N ELCHE DE LA SIERRA.AB,02/07/197221:53:45-2.041738.5017,-1.0,3.8901000000000003,1972.5024926950516
2139,7244,26/10/1972,03:58:04,37.4483,-1.9117,9.0,,3.6,2.0,NE HUÉRCAL-OVERA.AL,26/10/197203:58:04-1.911737.4483,-1.0,3.7928,1972.8173915958307
2140,7248,20/11/1972,14:22:26,38.0017,-1.6233,5.0,,3.7,2.0,SE BULLAS.MU,20/11/197214:22:26-1.623338.0017,-1.0,3.8901000000000003,1972.8868822733252
2143,7272,24/01/1973,19:42:30,38.0333,-0.8,0.0,IV,3.5,2.0,MONTESINOS.A,24/01/197319:42:30-0.838.0333,4.0,3.6955,1973.0652635083713
2144,7273,30/01/1973,02:35:59,36.8533,-3.74,660.0,,4.0,2.0,W LENTEGÍ.GR,30/01/197302:35:59-3.7436.8533,-1.0,4.1819999999999995,1973.0797488267376
2147,7301,11/03/1973,12:54:19,38.535,-1.9267,5.0,,4.1,2.0,E LIÉTOR.AB,11/03/197312:54:19-1.926738.535,-1.0,4.279299999999999,1973.190514301116
2148,7303,21/03/1973,02:28:50,37.785,-2.4583,5.0,,4.0,2.0,NE ORCE.GR,21/03/197302:28:50-2.458337.785,-1.0,4.1819999999999995,1973.2167215246068
2149,7311,11/04/1973,10:26:25,36.8333,-2.4667,0.0,III,,1.0,ALMERIA,11/04/197310:26:25-2.466736.8333,3.0,3.2910000000000004,1973.2751644152715
2150,7315,22/04/1973,15:10:57,37.5,-2.2,0.0,,3.2,2.0,ORIA.AL,22/04/197315:10:57-2.237.5,-1.0,3.4036,1973.3058427511417
2151,7325,12/05/1973,17:20:35,38.1167,-0.7833,0.0,III,,1.0,ALMORADI.A,12/05/197317:20:35-0.783338.1167,3.0,3.2910000000000004,1973.3608839104515
2154,7329,21/05/1973,03:19:27,37.1,-1.7033,5.0,,3.1,2.0,SE MOJÁCAR.AL,21/05/197303:19:27-1.703337.1,-1.0,3.3063000000000002,1973.3839411149163
2155,7331,23/05/1973,07:21:23,38.1333,-0.6333,0.0,IV,3.3,2.0,MAR MEDITERRANEO,23/05/197307:21:23-0.633338.1333,4.0,3.5008999999999997,1973.3898808663116
2156,7339,16/06/1973,08:56:12,38.5,-0.4667,0.0,III,,1.0,JIJONA.A,16/06/197308:56:12-0.466738.5,3.0,3.2910000000000004,1973.4558146879756
2158,7360,06/09/1973,05:21:45,37.3667,-2.0333,0.0,III,3.2,2.0,ZURGENA.AL,06/09/197305:21:45-2.033337.3667,3.0,3.4036,1973.6800642123287
2159,7383,23/11/1973,21:20:05,36.8533,-3.3217,5.0,,3.1,2.0,SW TORVIZCÓN.GR,23/11/197321:20:05-3.321736.8533,-1.0,3.3063000000000002,1973.8955861555048
2160,7401,09/01/1974,12:51:19,38.595,-0.485,22.0,,3.3,2.0,NE JIJONA/XIXONA.A,09/01/197412:51:19-0.48538.595,-1.0,3.5008999999999997,1974.0233853056825
2163,7417,05/02/1974,19:59:38,37.1267,-3.7933,5.0,III,3.5,2.0,SE CHIMENEAS.GR,05/02/197419:59:38-3.793337.1267,3.0,3.6955,1974.0981728183663
2165,7427,26/02/1974,10:23:40,37.6983,-1.8517,8.0,,3.3,2.0,W LORCA.MU,26/02/197410:23:40-1.851737.6983,-1.0,3.5008999999999997,1974.1546112379503
2166,7429,02/03/1974,08:17:35,38.2517,0.1417,20.0,III,3.4,2.0,MEDITERRÁNEO-LEVANTE SUR,02/03/197408:17:350.141738.2517,3.0,3.5982,1974.1653302574834
2167,7430,02/03/1974,09:30:03,38.25,0.1333,0.0,III,,1.0,SW VILLAJOYOSA.A,02/03/197409:30:030.133338.25,3.0,3.2910000000000004,1974.165468131659
2170,7454,25/04/1974,11:49:44,38.1383,-0.0817,5.0,,3.4,2.0,MEDITERRÁNEO-LEVANTE SUR,25/04/197411:49:44-0.081738.1383,-1.0,3.5982,1974.3136790969052
2171,7462,12/05/1974,21:47:10,39.3,0.2,0.0,,3.2,2.0,GOLFO DE VALENCIA,12/05/197421:47:100.239.3,-1.0,3.4036,1974.3613911085743
2172,7465,29/05/1974,14:30:41,38.5583,-3.0383,5.0,,3.5,2.0,SE TORRE DE JUAN ABAD.CR,29/05/197414:30:41-3.038338.5583,-1.0,3.6955,1974.4071360032979
2173,7474,13/06/1974,07:29:32,39.0,-0.1,0.0,,3.1,2.0,GANDIA.V,13/06/197407:29:32-0.139.0,-1.0,3.3063000000000002,1974.4474306189752
2174,7477,14/06/1974,14:28:01,36.8333,-2.4667,0.0,III,,1.0,ALMERIA,14/06/197414:28:01-2.466736.8333,3.0,3.2910000000000004,1974.4509665461694
2177,7503,11/08/1974,13:03:42,38.4167,-0.5,0.0,IV,,1.0,SAN V.RASPEIG.A,11/08/197413:03:42-0.538.4167,4.0,3.8360000000000003,1974.6097102359208
2178,7508,16/09/1974,21:23:29,37.425,-3.69,9.0,,3.4,2.0,SW BENALÚA DE LAS VILLAS.GR,16/09/197421:23:29-3.6937.425,-1.0,3.5982,1974.7092912544394
2180,7511,23/09/1974,16:47:30,36.8333,-2.4667,0.0,III,,1.0,ALMERIA,23/09/197416:47:30-2.466736.8333,3.0,3.2910000000000004,1974.7279442541858
2181,7512,27/09/1974,07:30:34,36.8333,-2.4667,0.0,III,,1.0,ALMERIA,27/09/197407:30:34-2.466736.8333,3.0,3.2910000000000004,1974.7378435438864
2182,7516,05/10/1974,13:05:09,37.47,-1.1467,5.0,,3.3,2.0,SW CARTAGENA.MU,05/10/197413:05:09-1.146737.47,-1.0,3.5008999999999997,1974.7603979261796
2186,7542,11/12/1974,17:06:51,36.8333,-2.4667,0.0,III,,1.0,ALMERIA,11/12/197417:06:51-2.466736.8333,3.0,3.2910000000000004,1974.9444194254186
2191,7561,18/01/1975,11:43:50,37.6667,-1.7,0.0,III,,1.0,LORCA.MU,18/01/197511:43:50-1.737.6667,3.0,3.2910000000000004,1975.0479144469812
2192,7562,19/01/1975,07:20:15,37.2683,-1.1817,10.0,III,3.4,2.0,MEDITERRÁNEO-LEVANTE SUR,19/01/197507:20:15-1.181737.2683,3.0,3.5982,1975.0501526826483
2195,7579,18/03/1975,21:25:57,36.7483,-2.705,10.0,III,3.8,2.0,"SW MOJONERA, LA.AL",18/03/197521:25:57-2.70536.7483,3.0,3.9873999999999996,1975.2106658105022
2196,7581,24/03/1975,04:13:29,37.3633,-2.2733,5.0,III,3.3,2.0,NW FINES.AL,24/03/197504:13:29-2.273337.3633,3.0,3.5008999999999997,1975.225139808473
2197,7582,24/03/1975,07:57:21,38.1833,-0.6,0.0,II,3.5,2.0,SANTA POLA.A,24/03/197507:57:21-0.638.1833,2.0,3.6955,1975.2255657343987
2204,7631,22/06/1975,18:38:22,36.6617,-3.11,5.0,,3.3,2.0,SW ADRA.AL,22/06/197518:38:22-3.1136.6617,-1.0,3.5008999999999997,1975.4733606671741
2205,7633,24/06/1975,08:05:38,37.6717,-3.595,5.0,,3.5,2.0,W CAMBIL.J,24/06/197508:05:38-3.59537.6717,-1.0,3.6955,1975.477636288686
2207,7635,28/06/1975,22:41:14,37.6633,-3.595,5.0,,3.5,2.0,SW CAMBIL.J,28/06/197522:41:14-3.59537.6633,-1.0,3.6955,1975.4902610984273
2208,7640,07/07/1975,02:01:09,37.1,-3.9,0.0,,3.2,2.0,SW CHIMENEAS.GR,07/07/197502:01:09-3.937.1,-1.0,3.4036,1975.512559265601
2210,7645,17/07/1975,21:47:06,36.56,-0.08,5.0,,3.5,2.0,MEDITERRÁNEO-ARGELIA,17/07/197521:47:06-0.0836.56,-1.0,3.6955,1975.5422128995433
2211,7650,28/07/1975,09:13:19,38.6383,0.64,20.0,III,4.5,2.0,MEDITERRÁNEO-LEVANTE SUR,28/07/197509:13:190.6438.6383,3.0,4.6685,1975.5709157470826
2213,7660,27/08/1975,05:58:13,37.7317,-1.85,5.0,,3.1,2.0,NW LORCA.MU,27/08/197505:58:13-1.8537.7317,-1.0,3.3063000000000002,1975.6527363330797
2227,7753,17/05/1976,15:52:02,37.9667,-0.75,0.0,III,,1.0,TORREVIEJA.A,17/05/197615:52:02-0.7537.9667,3.0,3.2910000000000004,1976.3761233176483
2228,7770,23/07/1976,22:38:01,37.3567,-3.805,5.0,,3.6,2.0,NW MOCLÍN.GR,23/07/197622:38:01-3.80537.3567,-1.0,3.7928,1976.5599537353269
2229,7779,26/09/1976,04:29:20,38.8867,-0.5933,5.0,VI,4.0,2.0,NW AIELO DE MALFERIT.V,26/09/197604:29:20-0.593338.8867,6.0,4.1819999999999995,1976.7354837077514
2230,7780,29/09/1976,05:38:46,38.8833,-0.5833,0.0,III,,1.0,E VALLADA.V,29/09/197605:38:46-0.583338.8833,3.0,3.2910000000000004,1976.7438121711193
2233,7809,03/02/1977,18:08:46,37.9667,-0.6667,0.0,III,,1.0,TORREVIEJA.A,03/02/197718:08:46-0.666737.9667,3.0,3.2910000000000004,1977.0924824327753
2235,7833,12/04/1977,19:45:27,37.25,-0.6367,0.0,,3.2,2.0,MEDITERRÁNEO-LEVANTE SUR,12/04/197719:45:27-0.636737.25,-1.0,3.4036,1977.2789677511416
2237,7847,06/06/1977,10:49:12,37.645,-1.7283,9.0,VI,4.2,2.0,SW LORCA.MU,06/06/197710:49:12-1.728337.645,6.0,4.3766,1977.4286324200914
2238,7848,06/06/1977,16:01:00,37.6567,-1.8017,8.0,IV,3.9,2.0,W LORCA.MU,06/06/197716:01:00-1.801737.6567,4.0,4.0847,1977.4292256468798
2240,7850,07/06/1977,04:32:57,37.6567,-1.8967,8.0,,3.6,2.0,NW PUERTO LUMBRERAS.MU,07/06/197704:32:57-1.896737.6567,-1.0,3.7928,1977.4306562975646
2241,7851,07/06/1977,07:54:41,37.6617,-1.8233,9.0,III,3.2,2.0,W LORCA.MU,07/06/197707:54:41-1.823337.6617,3.0,3.4036,1977.4310401128869
2242,7852,09/06/1977,08:17:22,37.6567,-1.8033,6.0,,3.5,2.0,W LORCA.MU,09/06/197708:17:22-1.803337.6567,-1.0,3.6955,1977.4365627219686
2243,7853,09/06/1977,11:10:47,37.6567,-1.7983,8.0,,3.1,2.0,W LORCA.MU,09/06/197711:10:47-1.798337.6567,-1.0,3.3063000000000002,1977.4368926623542
2244,7858,21/06/1977,08:00:14,37.7083,-1.6867,5.0,,3.3,2.0,NE LORCA.MU,21/06/197708:00:14-1.686737.7083,-1.0,3.5008999999999997,1977.4694068366312
2245,7859,26/06/1977,01:31:35,37.3817,-1.1717,5.0,,3.3,2.0,MEDITERRÁNEO-LEVANTE SUR,26/06/197701:31:35-1.171737.3817,-1.0,3.5008999999999997,1977.4823660261288
2247,7867,05/08/1977,01:45:52,37.5517,-3.4783,5.0,,3.3,2.0,SE MONTEJÍCAR.GR,05/08/197701:45:52-3.478337.5517,-1.0,3.5008999999999997,1977.5919822425165
2248,7869,12/08/1977,07:47:06,36.9,-3.6,0.0,,3.2,2.0,PINOS DEL VALLE.GR,12/08/197707:47:06-3.636.9,-1.0,3.4036,1977.6118476027398
2249,7903,05/12/1977,05:30:14,38.1167,-0.7833,0.0,III,,1.0,ALMORADI.A,05/12/197705:30:14-0.783338.1167,3.0,3.2910000000000004,1977.9266556950786
2252,7942,18/03/1978,11:10:03,36.7167,-2.0683,5.0,,3.4,2.0,SE NÍJAR.AL,18/03/197811:10:03-2.068336.7167,-1.0,3.5982,1978.2094940068494
2253,7944,24/03/1978,13:01:24,37.6317,-1.705,5.0,,4.3,2.0,S LORCA.MU,24/03/197813:01:24-1.70537.6317,-1.0,4.4738999999999995,1978.226144216134
2254,7947,08/04/1978,15:14:47,37.5883,-2.5333,5.0,,3.4,2.0,E CÚLLAR.GR,08/04/197815:14:47-2.533337.5883,-1.0,3.5982,1978.26749388001
2255,7959,10/05/1978,23:54:10,37.61,-2.4433,5.0,,3.5,2.0,E CÚLLAR.GR,10/05/197823:54:10-2.443337.61,-1.0,3.6955,1978.3561532851345
2256,7960,11/05/1978,04:51:24,36.5367,-2.6817,5.0,IV,4.5,2.0,ALBORÁN NORTE,11/05/197804:51:24-2.681736.5367,4.0,4.6685,1978.3567187975648
2257,7965,17/05/1978,22:28:24,37.8067,-2.4583,5.0,,3.9,2.0,E HUÉSCAR.GR,17/05/197822:28:24-2.458337.8067,-1.0,4.0847,1978.3751681887368
2258,7989,05/07/1978,03:13:45,38.49,-1.48,5.0,,3.3,2.0,W JUMILLA.MU,05/07/197803:13:45-1.4838.49,-1.0,3.5008999999999997,1978.5072179414003
2260,7999,26/07/1978,08:53:42,36.9617,-3.8083,5.0,,3.2,2.0,NE JAYENA.GR,26/07/197808:53:42-3.808336.9617,-1.0,3.4036,1978.5653989726027
2261,8015,11/09/1978,19:47:30,37.5683,-0.6817,5.0,,3.4,2.0,MEDITERRÁNEO-LEVANTE SUR,11/09/197819:47:30-0.681737.5683,-1.0,3.5982,1978.6954100076105
2263,8030,15/10/1978,17:22:46,37.7167,-1.2367,5.0,IV,3.3,2.0,W FUENTE ÁLAMO DE MURCIA.MU,15/10/197817:22:46-1.236737.7167,4.0,3.5008999999999997,1978.7882853247083
2264,8031,17/10/1978,07:16:19,38.1667,-1.7667,5.0,,3.5,2.0,NE CEHEGÍN.MU,17/10/197807:16:19-1.766738.1667,-1.0,3.6955,1978.7926109525622
2266,8035,31/10/1978,17:10:01,38.35,-0.5,0.0,III,,1.0,ALICANTE.A,31/10/197817:10:01-0.538.35,3.0,3.2910000000000004,1978.8320966831557
2267,8041,16/11/1978,14:54:49,36.7367,-1.2967,5.0,IV,4.1,2.0,MEDITERRÁNEO-LEVANTE SUR,16/11/197814:54:49-1.296736.7367,4.0,4.279299999999999,1978.8756750697617
2268,8043,18/11/1978,10:59:40,36.555,-3.0117,10.0,,3.2,2.0,ALBORÁN NORTE,18/11/197810:59:40-3.011736.555,-1.0,3.4036,1978.8807071283613
2269,8044,18/11/1978,11:24:14,36.6,-3.0033,5.0,,3.2,2.0,ALBORÁN NORTE,18/11/197811:24:14-3.003336.6,-1.0,3.4036,1978.8807538685946
2273,8061,28/12/1978,09:54:44,37.215,-1.3217,5.0,,3.4,2.0,MEDITERRÁNEO-LEVANTE SUR,28/12/197809:54:44-1.321737.215,-1.0,3.5982,1978.9901726281075
2274,8062,28/12/1978,21:30:59,37.8383,-3.5417,5.0,,4.3,2.0,W JIMENA.J,28/12/197821:30:59-3.541737.8383,-1.0,4.4738999999999995,1978.9914973046677
2275,8078,20/01/1979,05:53:05,37.1567,-3.3817,5.0,III,3.3,2.0,E GÜEJAR SIERRA.GR,20/01/197905:53:05-3.381737.1567,3.0,3.5008999999999997,1979.0527265664637
2276,8090,13/02/1979,23:23:58,36.7283,-3.9033,5.0,,3.3,2.0,SW NERJA.MA,13/02/197923:23:58-3.903336.7283,-1.0,3.5008999999999997,1979.1204793886352
2278,8115,02/03/1979,02:02:08,36.555,-2.6017,5.0,,3.3,2.0,ALBORÁN NORTE,02/03/197902:02:08-2.601736.555,-1.0,3.5008999999999997,1979.1646159309994
2281,8148,20/03/1979,21:53:56,37.1633,-3.8017,5.0,VI,4.1,2.0,NE CHIMENEAS.GR,20/03/197921:53:56-3.801737.1633,6.0,4.279299999999999,1979.2161985032978
2282,8149,20/03/1979,21:57:03,37.2233,-3.7867,5.0,III,4.4,2.0,NW FUENTE VAQUEROS.GR,20/03/197921:57:03-3.786737.2233,3.0,4.5712,1979.216204433029
2283,8172,20/04/1979,15:28:24,36.75,-2.5,0.0,III,,1.0,GOLFO DE ALMERIA,20/04/197915:28:24-2.536.75,3.0,3.2910000000000004,1979.300396499239
2285,8194,03/05/1979,21:13:11,37.195,-3.525,5.0,III,3.2,2.0,SW HUÉTOR DE SANTILLÁN.GR,03/05/197921:13:11-3.52537.195,3.0,3.4036,1979.3366689180618
2286,8198,11/05/1979,22:05:10,37.74,-1.53,5.0,III,3.1,2.0,SW TOTANA.MU,11/05/197922:05:10-1.5337.74,3.0,3.3063000000000002,1979.3586856291222
2289,8203,14/05/1979,01:47:46,37.605,-2.4583,5.0,V,4.2,2.0,E CÚLLAR.GR,14/05/197901:47:46-2.458337.605,5.0,4.3766,1979.364588597159
2291,8206,22/05/1979,13:52:42,36.5117,-2.9817,5.0,,3.3,2.0,ALBORÁN NORTE,22/05/197913:52:42-2.981736.5117,-1.0,3.5008999999999997,1979.3878856544902
2292,8214,27/05/1979,19:41:16,36.8967,-3.6833,5.0,IV,3.5,2.0,SW ALBUÑUELAS.GR,27/05/197919:41:16-3.683336.8967,4.0,3.6955,1979.4022474632166
2296,8253,19/06/1979,03:55:53,37.1483,-3.5967,5.0,VI,3.2,2.0,NW CÁJAR.GR,19/06/197903:55:53-3.596737.1483,6.0,3.4036,1979.463462487316
2297,8255,20/06/1979,00:09:06,37.2483,-3.4917,60.0,VI,4.5,2.0,NW BEAS DE GRANADA.GR,20/06/197900:09:06-3.491737.2483,6.0,4.6685,1979.465770738204
2299,8265,27/06/1979,15:09:49,37.15,-3.6333,0.0,IV,,1.0,ARMILLA.GR,27/06/197915:09:49-3.633337.15,4.0,3.8360000000000003,1979.486662512684
2304,8284,13/07/1979,06:54:32,36.7167,-3.3667,0.0,III,,1.0,CASTELL DE FERRO.GR,13/07/197906:54:32-3.366736.7167,3.0,3.2910000000000004,1979.529555809234
2306,8287,19/07/1979,22:06:55,37.0083,-3.8267,5.0,IV,3.4,2.0,S AGRÓN.GR,19/07/197922:06:55-3.826737.0083,4.0,3.5982,1979.5477300545408
2307,8296,30/07/1979,00:55:25,37.1133,-3.6733,5.0,VI,3.7,2.0,W ALHENDÍN.GR,30/07/197900:55:25-3.673337.1133,6.0,3.8901000000000003,1979.5754479008117
2309,8298,31/07/1979,21:43:20,37.1167,-3.6033,5.0,VI,3.9,2.0,N GÓJAR.GR,31/07/197921:43:20-3.603337.1167,6.0,4.0847,1979.580561897514
2312,8303,03/08/1979,14:04:06,37.1917,-3.6333,5.0,IV,3.2,2.0,S MARACENA.GR,03/08/197914:04:06-3.633337.1917,4.0,3.4036,1979.5879073439878
2314,8310,09/08/1979,11:46:42,37.255,-3.765,5.0,V,3.2,2.0,W PINOS PUENTE.GR,09/08/197911:46:42-3.76537.255,5.0,3.4036,1979.604084284627
2315,8311,09/08/1979,12:47:59,37.28,-3.7433,5.0,IV,3.3,2.0,N PINOS PUENTE.GR,09/08/197912:47:59-3.743337.28,4.0,3.5008999999999997,1979.6042008815323
2319,8316,10/08/1979,05:02:42,36.7333,-2.9283,5.0,,3.1,2.0,E ADRA.AL,10/08/197905:02:42-2.928336.7333,-1.0,3.3063000000000002,1979.6060553652967
2321,8321,19/08/1979,04:27:39,37.1917,-3.7,5.0,V,3.4,2.0,E SANTA FE.GR,19/08/197904:27:39-3.737.1917,5.0,3.5982,1979.630646213851
2329,8341,19/09/1979,22:43:04,36.8533,-2.4583,22.0,,3.6,2.0,NE ALMERÍA.AL,19/09/197922:43:04-2.458336.8533,-1.0,3.7928,1979.7176618467784
2333,8352,29/09/1979,15:41:20,38.2167,-0.5,0.0,,3.1,2.0,MAR MEDITERRANEO,29/09/197915:41:20-0.538.2167,-1.0,3.3063000000000002,1979.744256722476
2338,8370,25/10/1979,15:29:48,38.0133,-0.7683,20.0,V,4.2,2.0,"SW MONTESINOS, LOS.A",25/10/197915:29:48-0.768338.0133,5.0,4.3766,1979.8154676560123
2342,8392,25/11/1979,01:56:27,36.865,-3.7733,5.0,VI,3.4,2.0,NW LENTEGÍ.GR,25/11/197901:56:27-3.773336.865,6.0,3.5982,1979.898851693303
2343,8393,26/11/1979,02:49:20,38.3567,-0.485,40.0,,3.1,2.0,NW ALICANTE/ALACANT.A,26/11/197902:49:20-0.48538.3567,-1.0,3.3063000000000002,1979.9016920345002
2347,8418,28/12/1979,10:14:07,38.4617,-1.0417,5.0,,3.1,2.0,"N PINÓS, EL/PINOSO.A",28/12/197910:14:07-1.041738.4617,-1.0,3.3063000000000002,1979.9902095065956
2348,8421,02/01/1980,13:16:29,38.275,-0.4217,5.0,,3.1,2.0,SE ALICANTE/ALACANT.A,02/01/198013:16:29-0.421738.275,-1.0,3.3063000000000002,1980.0042434793058
2350,8431,12/01/1980,04:24:07,37.4967,-3.4233,5.0,II,3.3,2.0,NE PÍÑAR.GR,12/01/198004:24:07-3.423337.4967,2.0,3.5008999999999997,1980.0305557769177
2354,8447,07/02/1980,14:44:51,38.1767,-1.5,5.0,,3.4,2.0,SW ABARÁN.MU,07/02/198014:44:51-1.538.1767,-1.0,3.5982,1980.1027718010018
2356,8460,22/02/1980,15:52:53,36.8333,-2.4667,0.0,III,,1.0,ALMERIA,22/02/198015:52:53-2.466736.8333,3.0,3.2910000000000004,1980.1438844932707
2362,8540,25/03/1980,10:58:27,36.59,-2.175,5.0,,3.9,2.0,ALBORÁN NORTE,25/03/198010:58:27-2.17536.59,-1.0,4.0847,1980.2307575326352
2363,8546,01/04/1980,23:49:18,37.255,-3.5417,5.0,III,,1.0,NE VÍZNAR.GR,01/04/198023:49:18-3.541737.255,3.0,3.2910000000000004,1980.2513458181543
2365,8557,18/04/1980,08:09:21,37.1917,-3.5017,5.0,III,,1.0,W DÚDAR.GR,18/04/198008:09:21-3.501737.1917,3.0,3.2910000000000004,1980.2960104546144
2366,8558,18/04/1980,11:06:06,37.4067,-2.5083,20.0,,3.8,2.0,N SERÓN.AL,18/04/198011:06:06-2.508337.4067,-1.0,3.9873999999999996,1980.2963458181541
2367,8562,23/04/1980,15:46:59,38.1667,-0.8667,0.0,III,,1.0,ALBATERA.A,23/04/198015:46:59-0.866738.1667,3.0,3.2910000000000004,1980.310539965341
2369,8580,14/05/1980,19:25:54,37.3417,-2.1583,5.0,,3.6,2.0,SE CANTORIA.AL,14/05/198019:25:54-2.158337.3417,-1.0,3.7928,1980.3683323846387
2372,8585,20/05/1980,00:38:42,38.48,-0.6833,16.0,,3.2,2.0,NW AGOST.A,20/05/198000:38:42-0.683338.48,-1.0,3.4036,1980.382587090164
2373,8593,30/05/1980,16:32:58,36.8167,-3.1233,5.0,IV,4.0,2.0,NE ALBUÑOL.GR,30/05/198016:32:58-3.123336.8167,4.0,4.1819999999999995,1980.4117201097956
2374,8606,12/06/1980,19:42:50,36.8633,-3.35,5.0,,3.1,2.0,SW TORVIZCÓN.GR,12/06/198019:42:50-3.3536.8633,-1.0,3.3063000000000002,1980.44759948644
2375,8615,23/06/1980,23:29:28,38.7083,-0.7867,5.0,,3.1,2.0,NW BENEIXAMA.A,23/06/198023:29:28-0.786738.7083,-1.0,3.3063000000000002,1980.478084142886
2379,8664,22/09/1980,13:35:12,36.85,-2.45,0.0,III,,1.0,ALMERIA,22/09/198013:35:12-2.4536.85,3.0,3.2910000000000004,1980.7255904675167
2380,8665,27/09/1980,19:39:15,36.78,-3.1,5.0,IV,4.3,2.0,NW ADRA.AL,27/09/198019:39:15-3.136.78,4.0,4.4738999999999995,1980.739942414238
2384,8676,04/10/1980,16:29:05,36.8333,-2.9667,0.0,III,,1.0,BERJA.AL,04/10/198016:29:05-2.966736.8333,3.0,3.2910000000000004,1980.75870727712
2390,8755,20/10/1980,22:34:41,37.1667,-3.6,0.0,III,,1.0,GRANADA,20/10/198022:34:41-3.637.1667,3.0,3.2910000000000004,1980.8031168096034
2394,8804,13/11/1980,07:28:24,38.3567,-0.485,10.0,III,,1.0,NW ALICANTE/ALACANT.A,13/11/198007:28:24-0.48538.3567,3.0,3.2910000000000004,1980.8669710078932
2395,8806,14/11/1980,18:21:55,37.1483,-1.67,5.0,,3.1,2.0,E GARRUCHA.AL,14/11/198018:21:55-1.6737.1483,-1.0,3.3063000000000002,1980.8709432237906
2399,8855,06/01/1981,12:20:14,37.8483,-1.72,5.0,,3.9,2.0,NW ALEDO.MU,06/01/198112:20:14-1.7237.8483,-1.0,4.0847,1981.0151069888382
2400,8867,15/01/1981,14:54:10,37.255,-3.6283,5.0,III,3.6,2.0,SW CALICASAS.GR,15/01/198114:54:10-3.628337.255,3.0,3.7928,1981.0400573947236
2401,8886,22/01/1981,21:29:41,37.0483,-2.6517,5.0,V,4.0,2.0,NW ALBOLODUY.AL,22/01/198121:29:41-2.651737.0483,5.0,4.1819999999999995,1981.0599879819888
2402,8917,04/02/1981,11:34:14,37.1667,-3.6667,0.0,III,,1.0,GRANADA,04/02/198111:34:14-3.666737.1667,3.0,3.2910000000000004,1981.094471524607
2403,8962,22/02/1981,03:54:37,38.3333,-0.5,0.0,III,,1.0,ALICANTE,22/02/198103:54:37-0.538.3333,3.0,3.2910000000000004,1981.1429121321664
2404,8967,28/02/1981,14:20:26,37.2333,-1.9233,10.0,III,3.3,2.0,SW ANTAS.AL,28/02/198114:20:26-1.923337.2333,3.0,3.5008999999999997,1981.16054115931
2405,8977,05/03/1981,01:21:52,38.4933,0.215,20.0,V,4.9,2.0,MEDITERRÁNEO-LEVANTE SUR,05/03/198101:21:520.21538.4933,5.0,5.0577000000000005,1981.1727584982243
2406,8978,05/03/1981,02:37:37,38.71,0.3583,5.0,,3.7,2.0,"E BENITACHELL/POBLE NOU DE BENITATXELL, EL.A",05/03/198102:37:370.358338.71,-1.0,3.8901000000000003,1981.1729026192288
2407,9017,29/03/1981,05:17:56,36.9083,-2.6683,5.0,,3.2,2.0,NW FELIX.AL,29/03/198105:17:56-2.668336.9083,-1.0,3.4036,1981.2389610603755
2408,9020,01/04/1981,09:02:53,38.285,-1.9717,26.0,III,3.8,2.0,NW MORATALLA.MU,01/04/198109:02:53-1.971738.285,3.0,3.9873999999999996,1981.24760822552
2409,9034,13/04/1981,05:23:27,38.285,-0.9,0.0,III,3.2,2.0,NE HONDÓN DE LOS FRAILES.A,13/04/198105:23:27-0.938.285,3.0,3.4036,1981.2800674467276
2410,9035,13/04/1981,14:58:41,38.295,-0.985,9.0,III,3.4,2.0,NE ABANILLA.MU,13/04/198114:58:41-0.98538.295,3.0,3.5982,1981.281161878488
2411,9038,19/04/1981,12:08:50,38.2017,-1.7783,5.0,,3.2,2.0,SW CALASPARRA.MU,19/04/198112:08:50-1.778338.2017,-1.0,3.4036,1981.2972770801623
2412,9075,30/05/1981,21:25:24,37.6233,-1.215,20.0,,3.4,2.0,E MAZARRÓN.MU,30/05/198121:25:24-1.21537.6233,-1.0,3.5982,1981.4106647640792
2413,9080,08/06/1981,19:45:16,38.0,-0.6667,0.0,III,,1.0,TORREVIEJA.A,08/06/198119:45:16-0.666738.0,3.0,3.2910000000000004,1981.4351317858955
2414,9082,09/06/1981,23:08:42,37.0633,-3.635,5.0,IV,3.6,2.0,SW DÍLAR.GR,09/06/198123:08:42-3.63537.0633,4.0,3.7928,1981.4382585616438
2415,9083,09/06/1981,23:10:57,37.1917,-3.5967,5.0,IV,3.2,2.0,N GRANADA.GR,09/06/198123:10:57-3.596737.1917,4.0,3.4036,1981.4382628424657
2416,9094,20/06/1981,22:32:10,36.6367,-2.935,20.0,,3.4,2.0,ALBORÁN NORTE,20/06/198122:32:10-2.93536.6367,-1.0,3.5982,1981.4683260400811
2419,9152,10/09/1981,20:32:57,37.3433,-3.71,5.0,II,3.3,2.0,S COLOMERA.GR,10/09/198120:32:57-3.7137.3433,2.0,3.5008999999999997,1981.6927567541857
2420,9160,18/09/1981,00:38:59,37.7667,-1.1233,5.0,IV,3.9,2.0,NE FUENTE ÁLAMO DE MURCIA.MU,18/09/198100:38:59-1.123337.7667,4.0,4.0847,1981.7124029363267
2421,9165,21/09/1981,01:19:35,37.2183,-3.6433,15.0,,3.3,2.0,NW MARACENA.GR,21/09/198101:19:35-3.643337.2183,-1.0,3.5008999999999997,1981.7206993594623
2422,9166,21/09/1981,16:14:43,37.2717,-3.5717,5.0,III,3.2,2.0,SE COGOLLOS DE LA VEGA.GR,21/09/198116:14:43-3.571737.2717,3.0,3.4036,1981.72240242897
2423,9178,05/10/1981,12:26:16,37.81,-3.565,5.0,,3.5,2.0,NE MANCHA REAL.J,05/10/198112:26:16-3.56537.81,-1.0,3.6955,1981.7603239472348
2424,9180,10/10/1981,16:11:53,36.7983,-2.9083,14.0,III,3.2,2.0,SW DALÍAS.AL,10/10/198116:11:53-2.908336.7983,3.0,3.4036,1981.774451832826
2426,9200,10/11/1981,18:40:15,38.1333,-0.75,0.0,IV,,1.0,DOLORES.A,10/11/198118:40:15-0.7538.1333,4.0,3.8360000000000003,1981.8596656202435
2427,9201,15/11/1981,13:13:49,36.9283,-2.3083,5.0,,3.4,2.0,SW NÍJAR.AL,15/11/198113:13:49-2.308336.9283,-1.0,3.5982,1981.8727431823947
2429,9226,20/12/1981,14:48:29,37.0417,-2.6183,5.0,,3.2,2.0,NE ALBOLODUY.AL,20/12/198114:48:29-2.618337.0417,-1.0,3.4036,1981.968813704972
2430,9230,29/12/1981,18:59:04,37.0417,-3.7133,5.0,IV,,1.0,SE ESCÚZAR.GR,29/12/198118:59:04-3.713337.0417,4.0,3.8360000000000003,1981.9939479959412
2431,9241,18/01/1982,18:42:35,36.6167,-2.2767,5.0,,3.2,2.0,ALBORÁN NORTE,18/01/198218:42:35-2.276736.6167,-1.0,3.4036,1982.0487111555049
2433,9250,30/01/1982,19:02:36,36.6433,-3.8517,10.0,,3.1,2.0,ALBORÁN NORTE,30/01/198219:02:36-3.851736.6433,-1.0,3.3063000000000002,1982.0816259512937
2434,9261,20/02/1982,23:40:02,36.55,-3.0617,5.0,,3.8,2.0,ALBORÁN NORTE,20/02/198223:40:02-3.061736.55,-1.0,3.9873999999999996,1982.1396880390664
2435,9266,26/02/1982,08:24:14,37.7,-1.6283,5.0,III,3.6,2.0,NE LORCA.MU,26/02/198208:24:14-1.628337.7,3.0,3.7928,1982.1543840055808
2436,9275,07/03/1982,16:25:56,36.7,-3.85,5.0,IV,3.7,2.0,SE NERJA.MA,07/03/198216:25:56-3.8536.7,4.0,3.8901000000000003,1982.1799580162353
2437,9283,16/03/1982,22:58:44,38.3833,-0.8,0.0,IV,,1.0,NOVELDA.A,16/03/198222:58:44-0.838.3833,4.0,3.8360000000000003,1982.2053628868596
2438,9350,23/05/1982,02:51:51,37.35,-2.4917,5.0,,3.1,2.0,NE SERÓN.AL,23/05/198202:51:51-2.491737.35,-1.0,3.3063000000000002,1982.3893680555555
2439,9365,09/06/1982,02:41:52,36.8533,-3.0917,5.0,,3.2,2.0,SW TURÓN.GR,09/06/198202:41:52-3.091736.8533,-1.0,3.4036,1982.435924403856
2441,9389,25/06/1982,12:00:40,36.805,-3.1267,5.0,III,3.9,2.0,E ALBUÑOL.GR,25/06/198212:00:40-3.126736.805,3.0,4.0847,1982.4808231861998
2442,9390,25/06/1982,14:43:50,37.1167,-2.6917,38.0,,3.2,2.0,SE DOÑA MARÍA OCAÑA.AL,25/06/198214:43:50-2.691737.1167,-1.0,3.4036,1982.4811336250634
2443,9398,06/07/1982,21:18:17,37.175,-3.8883,20.0,,3.6,2.0,SW LÁCHAR.GR,06/07/198221:18:17-3.888337.175,-1.0,3.7928,1982.5120210870116
2444,9404,22/07/1982,22:43:29,36.7733,-2.9583,5.0,,3.3,2.0,NE ADRA.AL,22/07/198222:43:29-2.958336.7733,-1.0,3.5008999999999997,1982.5560188039067
2446,9424,10/09/1982,19:59:55,37.055,-3.8383,5.0,III,3.5,2.0,SW VENTAS DE HUELMA.GR,10/09/198219:59:55-3.838337.055,3.0,3.6955,1982.692693905378
2449,9439,08/10/1982,09:38:15,37.3083,-3.3167,5.0,,3.4,2.0,SE DIEZMA.GR,08/10/198209:38:15-3.316737.3083,-1.0,3.5982,1982.768223458904
2450,9441,10/10/1982,03:19:59,38.7917,-1.85,8.0,,3.5,2.0,NE POZOHONDO.AB,10/10/198203:19:59-1.8538.7917,-1.0,3.6955,1982.77298322552
2452,9450,03/11/1982,11:04:59,38.73,-0.5667,5.0,,3.3,2.0,SE BOCAIRENT.V,03/11/198211:04:59-0.566738.73,-1.0,3.5008999999999997,1982.839621353374
2454,9457,06/11/1982,16:32:21,37.09,-1.1617,8.0,IV,3.7,2.0,MEDITERRÁNEO-LEVANTE SUR,06/11/198216:32:21-1.161737.09,4.0,3.8901000000000003,1982.8484633751902
2456,9476,03/12/1982,00:20:01,39.4467,-0.635,6.0,,3.1,2.0,NE GODELLETA.V,03/12/198200:20:01-0.63539.4467,-1.0,3.3063000000000002,1982.9205860286656
2457,9497,31/12/1982,05:23:51,36.5117,-2.2817,10.0,,4.1,2.0,ALBORÁN NORTE,31/12/198205:23:51-2.281736.5117,-1.0,4.279299999999999,1982.9978764269406
2458,9507,01/01/1983,15:46:55,36.585,-2.365,6.0,III,3.5,2.0,ALBORÁN NORTE,01/01/198315:46:55-2.36536.585,3.0,3.6955,1983.0018015918315
2461,9513,05/01/1983,05:20:17,36.545,-2.1817,5.0,III,3.4,2.0,ALBORÁN NORTE,05/01/198305:20:17-2.181736.545,3.0,3.5982,1983.011568271182
2464,9517,07/01/1983,08:28:00,36.55,-2.3333,5.0,,3.4,2.0,ALBORÁN NORTE,07/01/198308:28:00-2.333336.55,-1.0,3.5982,1983.017404870624
2467,9520,08/01/1983,17:36:58,36.6683,-2.385,13.0,,3.3,2.0,ALBORÁN NORTE,08/01/198317:36:58-2.38536.6683,-1.0,3.5008999999999997,1983.0211890537798
2468,9523,12/01/1983,10:08:18,36.5383,-2.1917,5.0,IV,4.3,2.0,ALBORÁN NORTE,12/01/198310:08:18-2.191736.5383,4.0,4.4738999999999995,1983.0312943302893
2472,9530,14/01/1983,01:27:56,36.5383,-2.385,5.0,,3.1,2.0,ALBORÁN NORTE,14/01/198301:27:56-2.38536.5383,-1.0,3.3063000000000002,1983.0357837392187
2474,9533,20/01/1983,10:09:05,36.605,-2.49,5.0,III,3.2,2.0,ALBORÁN NORTE,20/01/198310:09:05-2.4936.605,3.0,3.4036,1983.0532136288687
2475,9535,21/01/1983,09:10:05,36.5517,-2.2933,13.0,III,4.2,2.0,ALBORÁN NORTE,21/01/198309:10:05-2.293336.5517,3.0,4.3766,1983.0558411022323
2477,9540,26/01/1983,01:47:38,36.6567,-2.4583,9.0,II,3.5,2.0,ALBORÁN NORTE,26/01/198301:47:38-2.458336.6567,2.0,3.6955,1983.0686979325217
2478,9542,27/01/1983,09:20:03,36.5767,-2.3617,7.0,,3.1,2.0,ALBORÁN NORTE,27/01/198309:20:03-2.361736.5767,-1.0,3.3063000000000002,1983.0722984208523
2482,9550,23/02/1983,16:54:26,36.9883,-3.745,5.0,,3.6,2.0,NE JAYENA.GR,23/02/198316:54:26-3.74536.9883,-1.0,3.7928,1983.147135527651
2483,9552,27/02/1983,10:58:57,36.5233,-2.255,10.0,,3.9,2.0,ALBORÁN NORTE,27/02/198310:58:57-2.25536.5233,-1.0,4.0847,1983.1574180936072
2486,9558,08/03/1983,07:44:05,36.665,-2.3983,5.0,II,3.4,2.0,ALBORÁN NORTE,08/03/198307:44:05-2.398336.665,2.0,3.5982,1983.181704876966
2488,9561,13/03/1983,10:16:15,36.675,-2.5717,10.0,,3.1,2.0,SE ROQUETAS DE MAR.AL,13/03/198310:16:15-2.571736.675,-1.0,3.3063000000000002,1983.1956930175038
2490,9565,20/03/1983,06:59:13,36.5467,-2.2017,6.0,IV,4.4,2.0,ALBORÁN NORTE,20/03/198306:59:13-2.201736.5467,4.0,4.5712,1983.2144962265347
2491,9566,21/03/1983,21:12:52,36.5867,-2.2717,14.0,,3.5,2.0,ALBORÁN NORTE,21/03/198321:12:52-2.271736.5867,-1.0,3.6955,1983.2188600963977
2492,9572,10/04/1983,00:55:51,37.5183,-3.8367,10.0,,3.4,2.0,N FRAILES.J,10/04/198300:55:51-3.836737.5183,-1.0,3.5982,1983.2713391362254
2493,9582,09/05/1983,16:07:13,37.6667,-0.2333,5.0,IV,3.4,2.0,MEDITERRÁNEO-LEVANTE SUR,09/05/198316:07:13-0.233337.6667,4.0,3.5982,1983.352525145865
2494,9585,23/05/1983,01:52:42,36.9367,-3.7283,5.0,,3.2,2.0,E JAYENA.GR,23/05/198301:52:42-3.728336.9367,-1.0,3.4036,1983.389255517504
2496,9588,04/06/1983,00:24:10,37.425,-0.5717,5.0,,3.2,2.0,MEDITERRÁNEO-LEVANTE SUR,04/06/198300:24:10-0.571737.425,-1.0,3.4036,1983.4219637874176
2497,9590,06/06/1983,02:50:51,38.4217,-0.36,5.0,IV,3.3,2.0,"E CAMPELLO, EL.A",06/06/198302:50:51-0.3638.4217,4.0,3.5008999999999997,1983.4277223173517
2498,9599,25/07/1983,12:41:48,37.2483,-2.2333,5.0,III,3.4,2.0,N BENITAGLA.AL,25/07/198312:41:48-2.233337.2483,3.0,3.5982,1983.5630932267884
2506,9622,17/10/1983,11:40:54,37.0233,-3.6783,20.0,,3.5,2.0,W PADUL.GR,17/10/198311:40:54-3.678337.0233,-1.0,3.6955,1983.7931143455098
2507,9626,28/10/1983,08:05:58,37.215,-3.7233,13.0,III,3.1,2.0,W ATARFE.GR,28/10/198308:05:58-3.723337.215,3.0,3.3063000000000002,1983.822842402334
2509,9630,18/11/1983,07:19:49,36.9583,-3.7467,40.0,,3.1,2.0,E JAYENA.GR,18/11/198307:19:49-3.746736.9583,-1.0,3.3063000000000002,1983.8802888444952
2510,9631,23/11/1983,11:11:39,38.4,-1.7633,10.0,,3.2,2.0,SW HELLÍN.AB,23/11/198311:11:39-1.763338.4,-1.0,3.4036,1983.8944285578386
2511,9632,23/11/1983,13:14:38,38.3833,-1.76,7.0,,3.1,2.0,SW HELLÍN.AB,23/11/198313:14:38-1.7638.3833,-1.0,3.3063000000000002,1983.8946625443937
2512,9634,03/12/1983,23:21:07,37.14,-3.7283,9.0,,3.3,2.0,"N MALAHÁ, LA.GR",03/12/198323:21:07-3.728337.14,-1.0,3.5008999999999997,1983.923213692288
2515,9646,12/01/1984,18:23:45,36.565,-2.9683,5.0,,3.3,2.0,ALBORÁN NORTE,12/01/198418:23:45-2.968336.565,-1.0,3.5008999999999997,1984.03214888813
2516,9650,25/01/1984,17:50:32,37.9783,-1.135,10.0,,3.2,2.0,SW MURCIA.MU,25/01/198417:50:32-1.13537.9783,-1.0,3.4036,1984.0676049888687
2521,9672,07/03/1984,05:20:47,37.125,-3.7667,10.0,,3.3,2.0,E CHIMENEAS.GR,07/03/198405:20:47-3.766737.125,-1.0,3.5008999999999997,1984.1809365196823
2522,9675,20/03/1984,23:32:39,38.0883,-0.1667,10.0,IV,3.2,2.0,MEDITERRÁNEO-LEVANTE SUR,20/03/198423:32:39-0.166738.0883,4.0,3.4036,1984.2185273413784
2527,9694,07/05/1984,00:56:39,37.1817,-1.1833,33.0,,3.2,2.0,MEDITERRÁNEO-LEVANTE SUR,07/05/198400:56:39-1.183337.1817,-1.0,3.4036,1984.3471020226168
2533,9711,15/06/1984,03:43:05,36.855,-2.81,19.0,,3.2,2.0,NE DALÍAS.AL,15/06/198403:43:05-2.8136.855,-1.0,3.4036,1984.453975188474
2535,9716,24/06/1984,14:30:51,36.8383,-3.7383,5.0,V,5.0,2.0,W LENTEGÍ.GR,24/06/198414:30:51-3.738336.8383,5.0,5.155,1984.479794417881
2536,9717,28/06/1984,22:35:20,37.9283,-0.445,5.0,III,3.6,2.0,MEDITERRÁNEO-LEVANTE SUR,28/06/198422:35:20-0.44537.9283,3.0,3.7928,1984.4916426330703
2539,9741,02/08/1984,13:40:22,38.8133,-0.3617,9.0,IV,4.0,2.0,SE BENIARRÉS.A,02/08/198413:40:22-0.361738.8133,4.0,4.1819999999999995,1984.586256008399
2544,9770,12/09/1984,13:53:42,37.005,-2.2867,5.0,IV,4.1,2.0,SW TURRILLAS.AL,12/09/198413:53:42-2.286737.005,4.0,4.279299999999999,1984.6983031648451
2545,9771,13/09/1984,04:34:10,36.9817,-2.3417,9.0,V,5.0,2.0,SE TABERNAS.AL,13/09/198404:34:10-2.341736.9817,5.0,5.155,1984.6999737527829
2546,9772,13/09/1984,09:08:06,36.975,-2.3483,10.0,,4.4,2.0,SE TABERNAS.AL,13/09/198409:08:06-2.348336.975,-1.0,4.5712,1984.700493510929
2548,9774,13/09/1984,09:56:25,36.8533,-2.3317,18.0,,3.7,2.0,SE VIATOR.AL,13/09/198409:56:25-2.331736.8533,-1.0,3.8901000000000003,1984.70058518645
2549,9775,13/09/1984,11:40:03,37.045,-2.3983,5.0,,4.8,2.0,SW TABERNAS.AL,13/09/198411:40:03-2.398337.045,-1.0,4.9604,1984.7007818192167
2550,9776,13/09/1984,12:03:49,36.8533,-2.36,19.0,,4.2,2.0,SE VIATOR.AL,13/09/198412:03:49-2.3636.8533,-1.0,4.3766,1984.7008269138332
2552,9779,14/09/1984,15:47:56,37.0017,-2.4017,2.0,III,3.1,2.0,S TABERNAS.AL,14/09/198415:47:56-2.401737.0017,3.0,3.3063000000000002,1984.7039843908117
2556,9789,29/09/1984,20:44:56,37.3333,-2.6333,5.0,,3.5,2.0,W ALCÓNTAR.AL,29/09/198420:44:56-2.633337.3333,-1.0,3.6955,1984.745531521959
2558,9793,17/10/1984,17:38:33,36.6883,-3.2317,5.0,III,3.5,2.0,SW ALBUÑOL.GR,17/10/198417:38:33-3.231736.6883,3.0,3.6955,1984.7943582081057
2564,9809,04/12/1984,18:46:54,37.6817,-1.0317,5.0,,3.3,2.0,SW TORRE-PACHECO.MU,04/12/198418:46:54-1.031737.6817,-1.0,3.5008999999999997,1984.9256354356405
2570,9819,23/01/1985,18:10:01,38.365,-1.5533,5.0,IV,3.8,2.0,SE HELLÍN.AB,23/01/198518:10:01-1.553338.365,4.0,3.9873999999999996,1985.0623478247082
2575,9825,29/01/1985,09:38:32,36.5917,-1.7283,34.0,III,3.3,2.0,MEDITERRÁNEO-LEVANTE SUR,29/01/198509:38:32-1.728336.5917,3.0,3.5008999999999997,1985.0778130390665
2576,9826,29/01/1985,15:06:42,36.7633,-2.4583,9.0,III,,1.0,S ALMERÍA.AL,29/01/198515:06:42-2.458336.7633,3.0,3.2910000000000004,1985.0784374048706
2591,9901,08/03/1985,21:47:35,36.6483,-3.0783,5.0,IV,3.2,2.0,SW ADRA.AL,08/03/198521:47:35-3.078336.6483,4.0,3.4036,1985.1833097095382
2602,9915,18/03/1985,23:51:51,37.3683,-2.92,5.0,,3.3,2.0,E GOR.GR,18/03/198523:51:51-2.9237.3683,-1.0,3.5008999999999997,1985.2109433980213
2621,9951,10/04/1985,00:36:00,38.4333,-2.8817,5.0,IV,4.3,2.0,NW PUENTE DE GÉNAVE.J,10/04/198500:36:00-2.881738.4333,4.0,4.4738999999999995,1985.271301369863
2636,9979,29/04/1985,03:33:11,37.3983,-3.8867,5.0,,3.1,2.0,SE ALCALÁ LA REAL.J,29/04/198503:33:11-3.886737.3983,-1.0,3.3063000000000002,1985.323693271182
2640,9983,03/05/1985,01:11:42,37.6383,-2.025,11.0,,3.2,2.0,E VÉLEZ-RUBIO.AL,03/05/198501:11:42-2.02537.6383,-1.0,3.4036,1985.3343829908677
2680,10079,25/07/1985,06:32:46,37.0433,-1.4017,10.0,,3.3,2.0,MEDITERRÁNEO-LEVANTE SUR,25/07/198506:32:46-1.401737.0433,-1.0,3.5008999999999997,1985.5623911085743
2697,10107,31/08/1985,16:52:36,37.7233,-1.5867,5.0,III,3.5,2.0,S ALEDO.MU,31/08/198516:52:36-1.586737.7233,3.0,3.6955,1985.6649402587518
2698,10108,02/09/1985,04:42:08,37.2283,-3.5233,67.0,,3.5,2.0,NW HUÉTOR DE SANTILLÁN.GR,02/09/198504:42:08-3.523337.2283,-1.0,3.6955,1985.6690299340437
2701,10115,14/09/1985,04:25:00,37.3783,-3.65,7.0,IV,3.5,2.0,E COLOMERA.GR,14/09/198504:25:00-3.6537.3783,4.0,3.6955,1985.7018740487063
2704,10144,25/11/1985,20:56:11,38.5167,-1.5367,10.0,,3.1,2.0,SW ALBATANA.AB,25/11/198520:56:11-1.536738.5167,-1.0,3.3063000000000002,1985.901020135718
2716,10197,18/02/1986,11:41:08,37.8833,-1.0667,9.0,V,3.7,2.0,SE MURCIA.MU,18/02/198611:41:08-1.066737.8833,5.0,3.8901000000000003,1986.1328408168442
2718,10199,18/02/1986,12:03:14,37.9083,-1.1033,7.0,,3.3,2.0,SE MURCIA.MU,18/02/198612:03:14-1.103337.9083,-1.0,3.5008999999999997,1986.1328828640285
2725,10221,18/03/1986,17:43:24,38.6533,-0.4567,5.0,IV,3.2,2.0,W BENIFALLIM.A,18/03/198617:43:24-0.456738.6533,4.0,3.4036,1986.21024238965
2726,10226,21/03/1986,20:18:29,38.5133,-0.4083,12.0,,3.1,2.0,NE BUSOT.A,21/03/198620:18:29-0.408338.5133,-1.0,3.3063000000000002,1986.2187566273465
2736,10253,26/04/1986,00:12:00,37.2183,-3.7217,5.0,V,4.0,2.0,W ATARFE.GR,26/04/198600:12:00-3.721737.2183,5.0,4.1819999999999995,1986.315091324201
2742,10271,13/05/1986,18:38:43,39.23,-2.725,5.0,III,3.6,2.0,SW VILLARROBLEDO.AB,13/05/198618:38:43-2.72539.23,3.0,3.7928,1986.3637722919839
2748,10303,07/06/1986,21:33:23,37.415,-3.5217,5.0,IV,3.1,2.0,NE IZNALLOZ.GR,07/06/198621:33:23-3.521737.415,4.0,3.3063000000000002,1986.4325977612887
2749,10304,09/06/1986,23:05:01,38.7267,-2.31,25.0,IV-V,3.4,2.0,NE MASEGOSO.AB,09/06/198623:05:01-2.3138.7267,4.5,3.5982,1986.4382515537798
2751,10313,21/06/1986,04:58:34,38.065,-1.445,5.0,III,3.5,2.0,NE MULA.MU,21/06/198604:58:34-1.44538.065,3.0,3.6955,1986.4690611998985
2752,10314,21/06/1986,11:27:30,38.47,-2.0317,5.0,,3.1,2.0,NE ELCHE DE LA SIERRA.AB,21/06/198611:27:30-2.031738.47,-1.0,3.3063000000000002,1986.4698011796042
2754,10321,05/07/1986,16:35:05,38.765,-0.275,9.0,III,3.4,2.0,NW TOLLOS.A,05/07/198616:35:05-0.27538.765,3.0,3.5982,1986.5087425481988
2762,10356,31/08/1986,22:57:36,37.0617,-3.1483,5.0,IV-V,3.7,2.0,N MECINA-BOMBARÓN.GR,31/08/198622:57:36-3.148337.0617,4.5,3.8901000000000003,1986.6656347031962
2770,10378,13/10/1986,04:13:08,37.3267,-3.24,6.0,,3.2,2.0,NW GRAENA.GR,13/10/198604:13:08-3.2437.3267,-1.0,3.4036,1986.7813035261288
2773,10385,27/10/1986,04:36:38,37.8383,-2.5433,5.0,V,3.8,2.0,N HUÉSCAR.GR,27/10/198604:36:38-2.543337.8383,5.0,3.9873999999999996,1986.819704401319
2775,10387,27/10/1986,04:46:56,37.8467,-2.495,5.0,V,4.0,2.0,NE HUÉSCAR.GR,27/10/198604:46:56-2.49537.8467,5.0,4.1819999999999995,1986.8197239979706
2776,10388,27/10/1986,07:15:43,37.845,-2.3417,5.0,IV,3.1,2.0,SE PUEBLA DE DON FADRIQUE.GR,27/10/198607:15:43-2.341737.845,4.0,3.3063000000000002,1986.8200070712837
2779,10397,04/11/1986,18:15:59,37.1533,-3.775,5.0,V,4.0,2.0,NE CHIMENEAS.GR,04/11/198618:15:59-3.77537.1533,5.0,4.1819999999999995,1986.843181094622
2781,10400,06/11/1986,20:05:51,38.9333,-0.9667,0.0,IV,,1.0,BELLUS.V,06/11/198620:05:51-0.966738.9333,4.0,3.8360000000000003,1986.8488695776255
2787,10423,05/12/1986,01:59:31,38.255,-0.8083,5.0,V,3.4,2.0,N CREVILLENT.A,05/12/198601:59:31-0.808338.255,5.0,3.5982,1986.9262547881785
2792,10431,13/12/1986,17:07:00,37.3867,-3.5567,5.0,IV-V,3.3,2.0,W IZNALLOZ.GR,13/12/198617:07:00-3.556737.3867,4.5,3.5008999999999997,1986.9498991628616
2795,10434,19/12/1986,00:10:19,38.2383,-1.2417,5.0,IV-V,3.7,2.0,NW FORTUNA.MU,19/12/198600:10:19-1.241738.2383,4.5,3.8901000000000003,1986.964403190005
2796,10451,08/01/1987,08:46:16,37.745,-2.0,5.0,,3.3,2.0,NE VÉLEZ-BLANCO.AL,08/01/198708:46:16-2.037.745,-1.0,3.5008999999999997,1987.0201793505835
2798,10453,08/01/1987,09:03:39,37.7333,-2.02,5.0,,3.3,2.0,NE VÉLEZ-BLANCO.AL,08/01/198709:03:39-2.0237.7333,-1.0,3.5008999999999997,1987.0202124238965
2803,10468,30/01/1987,03:07:52,37.3667,-2.5883,7.0,,3.1,2.0,NE ALCÓNTAR.AL,30/01/198703:07:52-2.588337.3667,-1.0,3.3063000000000002,1987.0798094875697
2805,10482,25/02/1987,04:57:00,38.9817,-0.3817,15.0,,3.1,2.0,W PINET.V,25/02/198704:57:00-0.381738.9817,-1.0,3.3063000000000002,1987.15125
2807,10493,11/03/1987,00:36:40,37.7267,-3.3967,6.0,V,4.3,2.0,W BÉLMEZ DE LA MORALEDA.J,11/03/198700:36:40-3.396737.7267,5.0,4.4738999999999995,1987.1891108574328
2813,10500,20/03/1987,18:55:31,36.9133,-3.6867,5.0,IV,3.3,2.0,SW ALBUÑUELAS.GR,20/03/198718:55:31-3.686736.9133,4.0,3.5008999999999997,1987.2158590499746
2817,10514,07/04/1987,05:19:53,37.685,-1.43,6.0,,3.1,2.0,SE TOTANA.MU,07/04/198705:19:53-1.4337.685,-1.0,3.3063000000000002,1987.2636223046677
2833,10571,12/06/1987,16:32:06,37.25,-2.34,5.0,,3.1,2.0,N SENÉS.AL,12/06/198716:32:06-2.3437.25,-1.0,3.3063000000000002,1987.445723173516
2836,10582,22/06/1987,16:48:42,39.115,-2.6467,17.0,,3.1,2.0,NW MUNERA.AB,22/06/198716:48:42-2.646739.115,-1.0,3.3063000000000002,1987.4731520167427
2838,10601,29/07/1987,07:49:07,37.215,-2.3333,5.0,V,4.2,2.0,NE SENÉS.AL,29/07/198707:49:07-2.333337.215,5.0,4.3766,1987.573495275241
2841,10614,14/08/1987,10:47:53,37.815,-2.5033,5.0,,3.2,2.0,E HUÉSCAR.GR,14/08/198710:47:53-2.503337.815,-1.0,3.4036,1987.6176710109082
2843,10619,21/08/1987,20:53:24,39.4,-2.4383,15.0,,3.3,2.0,SW SAN CLEMENTE.CU,21/08/198720:53:24-2.438339.4,-1.0,3.5008999999999997,1987.6380011415524
2846,10636,07/09/1987,11:21:41,37.0833,-3.5933,5.0,III,3.3,2.0,NE DÍLAR.GR,07/09/198711:21:41-3.593337.0833,3.0,3.5008999999999997,1987.6834887430239
2862,10707,05/12/1987,18:50:37,38.4167,0.68,10.0,,3.3,2.0,MEDITERRÁNEO-LEVANTE SUR,05/12/198718:50:370.6838.4167,-1.0,3.5008999999999997,1987.9281784944192
2864,10717,12/12/1987,11:50:46,38.3617,-0.8933,8.0,,3.2,2.0,"S ROMANA, LA.A",12/12/198711:50:46-0.893338.3617,-1.0,3.4036,1987.946557775241
2872,10737,07/01/1988,23:46:49,38.2,-1.0617,9.0,IV-V,3.4,2.0,SW ABANILLA.MU,07/01/198823:46:49-1.061738.2,4.5,3.5982,1988.019100669146
2874,10741,18/01/1988,19:04:26,37.8617,-1.2967,1.0,,3.3,2.0,SE LIBRILLA.MU,18/01/198819:04:26-1.296737.8617,-1.0,3.5008999999999997,1988.0486195228698
2876,10749,08/02/1988,07:00:13,39.0567,-0.785,6.0,IV,3.4,2.0,SW QUESA.V,08/02/198807:00:13-0.78539.0567,4.0,3.5982,1988.1046224511738
2883,10794,20/03/1988,19:44:47,37.1183,-2.0767,4.0,,3.1,2.0,NE SORBAS.AL,20/03/198819:44:47-2.076737.1183,-1.0,3.3063000000000002,1988.2180949896276
2889,10808,05/04/1988,18:46:11,37.4917,-3.6033,10.0,,3.5,2.0,NE CAMPOTÉJAR.GR,05/04/198818:46:11-3.603337.4917,-1.0,3.6955,1988.2616996496154
2898,10857,16/05/1988,22:00:00,37.285,-2.01,9.0,III,3.1,2.0,SE ZURGENA.AL,16/05/198822:00:00-2.0137.285,3.0,3.3063000000000002,1988.3740892531875
2899,10863,20/05/1988,10:34:07,37.245,-1.9367,10.0,III,3.2,2.0,W ANTAS.AL,20/05/198810:34:07-1.936737.245,3.0,3.4036,1988.3837168273124
2900,10867,24/05/1988,04:42:22,38.4,-3.4067,12.0,III,3.8,2.0,SW ALDEAQUEMADA.J,24/05/198804:42:22-3.406738.4,3.0,3.9873999999999996,1988.3939783824126
2901,10877,12/06/1988,04:44:07,38.4217,-0.0117,14.0,,3.1,2.0,MEDITERRÁNEO-LEVANTE SUR,12/06/198804:44:07-0.011738.4217,-1.0,3.3063000000000002,1988.4458942711497
2902,10881,15/06/1988,21:04:25,38.9333,-0.34,10.0,III,3.1,2.0,NE BENICOLET.V,15/06/198821:04:25-0.3438.9333,3.0,3.3063000000000002,1988.4559510030865
2919,10962,20/08/1988,13:03:03,37.2067,-3.7667,2.0,V-VI,3.9,2.0,NE CHAUCHINA.GR,20/08/198813:03:03-3.766737.2067,5.5,4.0847,1988.635365532028
2920,10963,20/08/1988,16:42:52,37.1783,-3.74,2.0,IV,3.4,2.0,SW SANTA FE.GR,20/08/198816:42:52-3.7437.1783,4.0,3.5982,1988.6357826097956
2921,10966,23/08/1988,10:26:40,37.3767,-1.985,7.0,,3.2,2.0,SW HUÉRCAL-OVERA.AL,23/08/198810:26:40-1.98537.3767,-1.0,3.4036,1988.6432655332928
2927,10979,28/08/1988,06:29:13,36.99,-2.2933,3.0,,3.1,2.0,SW TURRILLAS.AL,28/08/198806:29:13-2.293336.99,-1.0,3.3063000000000002,1988.656476200415
2930,10985,06/09/1988,06:54:05,37.725,-1.505,2.0,III,3.2,2.0,S TOTANA.MU,06/09/198806:54:05-1.50537.725,3.0,3.4036,1988.681113546094
2932,10989,08/09/1988,03:08:57,37.67,-3.3333,0.0,,3.2,2.0,SW CABRA DEL SANTO CRISTO.J,08/09/198803:08:57-3.333337.67,-1.0,3.4036,1988.6861508614147
2939,11008,24/09/1988,02:16:08,36.5433,-3.0483,0.0,,3.1,2.0,ALBORÁN NORTE,24/09/198802:16:08-3.048336.5433,-1.0,3.3063000000000002,1988.7297664946368
2944,11035,29/10/1988,06:09:11,38.0783,-0.6183,10.0,IV-V,3.5,2.0,SE GUARDAMAR DEL SEGURA.A,29/10/198806:09:11-0.618338.0783,4.5,3.6955,1988.8258370964886
2945,11040,06/11/1988,00:16:32,38.1333,-1.1267,4.0,,3.2,2.0,S FORTUNA.MU,06/11/198800:16:32-1.126738.1333,-1.0,3.4036,1988.8470259056871
2952,11064,02/12/1988,22:18:19,38.2967,0.2117,31.0,,3.8,2.0,MEDITERRÁNEO-LEVANTE SUR,02/12/198822:18:190.211738.2967,-1.0,3.9873999999999996,1988.9205720944647
2953,11067,03/12/1988,06:30:29,37.3683,-1.9683,9.0,,3.4,2.0,SW HUÉRCAL-OVERA.AL,03/12/198806:30:29-1.968337.3683,-1.0,3.5982,1988.921505926179
2954,11070,05/12/1988,20:12:26,37.0083,-3.84,7.0,V,4.0,2.0,SW AGRÓN.GR,05/12/198820:12:26-3.8437.0083,5.0,4.1819999999999995,1988.9285299661
2955,11071,05/12/1988,20:15:15,37.0233,-3.8617,0.0,IV,3.8,2.0,W AGRÓN.GR,05/12/198820:15:15-3.861737.0233,4.0,3.9873999999999996,1988.9285353104128
2956,11072,06/12/1988,06:09:16,37.015,-3.8333,2.0,III-IV,3.1,2.0,SW AGRÓN.GR,06/12/198806:09:16-3.833337.015,3.5,3.3063000000000002,1988.9296623912164
2957,11073,06/12/1988,20:15:36,37.0383,-3.8467,0.0,IV,3.5,2.0,NW AGRÓN.GR,06/12/198820:15:36-3.846737.0383,4.0,3.6955,1988.9312682149362
2958,11075,07/12/1988,18:50:26,37.0283,-3.8283,0.0,III,3.1,2.0,S AGRÓN.GR,07/12/198818:50:26-3.828337.0283,3.0,3.3063000000000002,1988.9338388610606
2959,11078,10/12/1988,14:12:59,37.67,-3.3617,0.0,,3.2,2.0,SE BÉLMEZ DE LA MORALEDA.J,10/12/198814:12:59-3.361737.67,-1.0,3.4036,1988.9415091517405
2960,11087,14/12/1988,17:00:08,37.0683,-3.91,2.0,III,3.4,2.0,NE CACÍN.GR,14/12/198817:00:08-3.9137.0683,3.0,3.5982,1988.9527552620928
2965,11100,25/12/1988,13:56:01,37.0217,-3.6783,7.0,,3.2,2.0,W PADUL.GR,25/12/198813:56:01-3.678337.0217,-1.0,3.4036,1988.982460565928
2966,11105,28/12/1988,06:21:15,39.4017,-0.29,17.0,III,3.4,2.0,E LLOCNOU DE LA CORONA.V,28/12/198806:21:15-0.2939.4017,3.0,3.5982,1988.989794417881
2967,11106,28/12/1988,06:57:10,39.425,-0.3033,18.0,III,3.3,2.0,E LLOCNOU DE LA CORONA.V,28/12/198806:57:10-0.303339.425,3.0,3.5008999999999997,1988.989862565776
2974,11131,29/01/1989,22:41:51,37.8083,-2.5517,1.0,IV-V,3.6,2.0,W HUÉSCAR.GR,29/01/198922:41:51-2.551737.8083,4.5,3.7928,1989.07930336758
2977,11138,09/02/1989,01:14:19,39.3283,0.27,14.0,,3.5,2.0,GOLFO DE VALENCIA,09/02/198901:14:190.2739.3283,-1.0,3.6955,1989.106990709031
2980,11150,20/02/1989,03:25:36,38.8917,-3.0817,7.0,III-IV,3.6,2.0,SW ALHAMBRA.CR,20/02/198903:25:36-3.081738.8917,3.5,3.7928,1989.1373774733638
2987,11171,10/03/1989,04:44:11,38.0183,-0.7267,10.0,III-IV,3.3,2.0,"SE MONTESINOS, LOS.A",10/03/198904:44:11-0.726738.0183,3.5,3.5008999999999997,1989.186842053526
3005,11434,19/07/1989,04:30:50,37.0217,-3.7083,5.0,,3.3,2.0,SE ESCÚZAR.GR,19/07/198904:30:50-3.708337.0217,-1.0,3.5008999999999997,1989.5457207635718
3009,11444,31/07/1989,23:06:38,36.645,-3.07,11.0,,3.1,2.0,ALBORÁN NORTE,31/07/198923:06:38-3.0736.645,-1.0,3.3063000000000002,1989.5807203830543
3012,11460,22/08/1989,02:18:05,38.1117,0.0667,10.0,,3.1,2.0,MEDITERRÁNEO-LEVANTE SUR,22/08/198902:18:050.066738.1117,-1.0,3.3063000000000002,1989.6386188800102
3025,11506,07/10/1989,04:45:11,37.105,-3.6383,3.0,IV-V,3.2,2.0,SE ALHENDÍN.GR,07/10/198904:45:11-3.638337.105,4.5,3.4036,1989.7649261478944
3026,11526,21/10/1989,05:24:56,37.0633,-3.5833,0.0,III-IV,3.2,2.0,SE DÍLAR.GR,21/10/198905:24:56-3.583337.0633,3.5,3.4036,1989.803357940132
3027,11528,22/10/1989,19:04:27,39.0517,-0.4817,5.0,IV,3.2,2.0,"NW ÈNOVA, L'.V",22/10/198919:04:27-0.481739.0517,4.0,3.4036,1989.807656868341
3030,11554,07/11/1989,03:01:01,38.1267,-2.085,0.0,,3.4,2.0,SW MORATALLA.MU,07/11/198903:01:01-2.08538.1267,-1.0,3.5982,1989.849659468544
3042,11604,26/12/1989,13:22:06,37.335,-1.8467,0.0,,3.1,2.0,NE CUEVAS DEL ALMANZORA.AL,26/12/198913:22:06-1.846737.335,-1.0,3.3063000000000002,1989.9850877092847
3043,11616,09/01/1990,06:01:26,39.2933,-0.835,9.0,,3.3,2.0,W DOS AGUAS.V,09/01/199006:01:26-0.83539.2933,-1.0,3.5008999999999997,1990.022605466768
3048,11649,08/02/1990,05:05:16,36.9983,-3.705,2.0,,3.1,2.0,SW PADUL.GR,08/02/199005:05:16-3.70536.9983,-1.0,3.3063000000000002,1990.104690385591
3049,11669,21/02/1990,05:06:13,37.41,-2.25,2.0,IV,3.2,2.0,W PARTALOA.AL,21/02/199005:06:13-2.2537.41,4.0,3.4036,1990.1403086314053
3052,11678,01/03/1990,21:27:32,38.5467,-1.7633,3.0,,3.2,2.0,NW HELLÍN.AB,01/03/199021:27:32-1.763338.5467,-1.0,3.4036,1990.1640934804668
3055,11687,08/03/1990,01:37:12,36.9117,-3.5433,627.0,,4.8,2.0,NW IZBOR.GR,08/03/199001:37:12-3.543336.9117,-1.0,4.9604,1990.181006849315
3059,11711,29/03/1990,03:10:21,38.3117,0.1717,9.0,II-III,3.6,2.0,MEDITERRÁNEO-LEVANTE SUR,29/03/199003:10:210.171738.3117,2.5,3.7928,1990.2387183219178
3061,11722,06/04/1990,22:20:49,38.2917,0.18,17.0,,3.3,2.0,MEDITERRÁNEO-LEVANTE SUR,06/04/199022:20:490.1838.2917,-1.0,3.5008999999999997,1990.2628249936581
3065,11761,09/05/1990,06:37:09,37.0383,-3.6133,2.0,III,3.1,2.0,NE PADUL.GR,09/05/199006:37:09-3.613337.0383,3.0,3.3063000000000002,1990.3514405441401
3087,11813,09/06/1990,15:07:32,37.3933,-3.83,10.0,,3.1,2.0,NW MOCLÍN.GR,09/06/199015:07:32-3.8337.3933,-1.0,3.3063000000000002,1990.4373430999492
3090,11838,29/06/1990,11:28:17,36.6683,-2.345,0.0,,3.1,2.0,ALBORÁN NORTE,29/06/199011:28:17-2.34536.6683,-1.0,3.3063000000000002,1990.4917204781837
3097,11914,17/09/1990,00:55:10,38.0683,-1.825,3.0,IV,3.6,2.0,SW CEHEGÍN.MU,17/09/199000:55:10-1.82538.0683,4.0,3.7928,1990.7096940005074
3098,11927,01/10/1990,01:51:50,36.8783,-3.0183,3.0,,3.1,2.0,NW BERJA.AL,01/10/199001:51:50-3.018336.8783,-1.0,3.3063000000000002,1990.7481579781836
3106,11967,03/11/1990,13:53:25,38.4183,-1.33,2.0,IV,3.8,2.0,S JUMILLA.MU,03/11/199013:53:25-1.3338.4183,4.0,3.9873999999999996,1990.8399418125316
3107,11970,07/11/1990,07:25:02,36.9883,-3.7,2.0,V,4.0,2.0,SW PADUL.GR,07/11/199007:25:02-3.736.9883,5.0,4.1819999999999995,1990.8501617833588
3137,12079,16/04/1991,13:08:34,37.6883,-2.2383,3.0,III,3.3,2.0,SW MARÍA.AL,16/04/199113:08:34-2.238337.6883,3.0,3.5008999999999997,1991.2891715499745
3138,12081,20/04/1991,09:14:10,37.59,-2.3367,3.0,,3.2,2.0,W CHIRIVEL.AL,20/04/199109:14:10-2.336737.59,-1.0,3.4036,1991.2996844875697
3140,12093,28/04/1991,10:42:34,37.8,-2.4883,2.0,III,3.1,2.0,E HUÉSCAR.GR,28/04/199110:42:34-2.488337.8,3.0,3.3063000000000002,1991.3217704845256
3141,12098,06/05/1991,07:25:22,37.54,-2.3617,2.0,III,3.4,2.0,E CÚLLAR.GR,06/05/199107:25:22-2.361737.54,3.0,3.5982,1991.343313102486
3143,12100,06/05/1991,22:15:18,37.5333,-2.355,3.0,,3.1,2.0,NW ORIA.AL,06/05/199122:15:18-2.35537.5333,-1.0,3.3063000000000002,1991.345006278539
3144,12101,07/05/1991,00:36:21,37.5517,-2.39,2.0,III-IV,3.6,2.0,E CÚLLAR.GR,07/05/199100:36:21-2.3937.5517,3.5,3.7928,1991.3452746385083
3146,12104,11/05/1991,20:23:55,37.5217,-2.3117,2.0,,3.3,2.0,NW ORIA.AL,11/05/199120:23:55-2.311737.5217,-1.0,3.5008999999999997,1991.358492992136
3148,12122,30/05/1991,20:10:39,39.2217,-2.295,2.0,,3.5,2.0,SE MINAYA.AB,30/05/199120:10:39-2.29539.2217,-1.0,3.6955,1991.4105225456622
3149,12124,31/05/1991,23:33:21,37.4133,-0.1267,10.0,,3.3,2.0,MEDITERRÁNEO-LEVANTE SUR,31/05/199123:33:21-0.126737.4133,-1.0,3.5008999999999997,1991.4136479261797
3154,12162,17/07/1991,10:49:48,38.165,-1.09,7.0,III,3.1,2.0,SE FORTUNA.MU,17/07/199110:49:48-1.0938.165,3.0,3.3063000000000002,1991.5409623287671
3165,12189,14/08/1991,10:32:08,38.755,-0.96,2.0,VI,4.1,2.0,NE CAUDETE.AB,14/08/199110:32:08-0.9638.755,6.0,4.279299999999999,1991.6176410451546
3178,12240,27/09/1991,12:11:17,36.68,-1.9067,5.0,,3.2,2.0,MEDITERRÁNEO-LEVANTE SUR,27/09/199112:11:17-1.906736.68,-1.0,3.4036,1991.7383776319127
3190,12290,28/11/1991,20:31:11,38.3567,0.5683,0.0,,3.1,2.0,MEDITERRÁNEO-LEVANTE SUR,28/11/199120:31:110.568338.3567,-1.0,3.3063000000000002,1991.909191749112
3193,12310,19/12/1991,14:35:24,37.5,-2.6967,3.0,IV,3.5,2.0,E BAZA.GR,19/12/199114:35:24-2.696737.5,4.0,3.6955,1991.966049086758
3194,12312,21/12/1991,05:08:25,39.4217,-0.7817,3.0,III-IV,3.3,2.0,NE BUÑOL.V,21/12/199105:08:25-0.781739.4217,3.5,3.5008999999999997,1991.9704498033993
3211,12365,28/01/1992,00:08:55,37.91,-1.7967,2.0,III-IV,3.4,2.0,SW BULLAS.MU,28/01/199200:08:55-1.796737.91,3.5,3.5982,1992.0737874101903
3212,12366,28/01/1992,06:45:10,37.1183,-3.89,3.0,,3.2,2.0,W CHIMENEAS.GR,28/01/199206:45:10-3.8937.1183,-1.0,3.4036,1992.0745392506578
3219,12402,24/02/1992,12:20:26,37.005,-2.5167,3.0,II-III,3.2,2.0,NE SANTA FE DE MONDÚJAR.AL,24/02/199212:20:26-2.516737.005,2.5,3.4036,1992.148945873811
3223,12438,27/03/1992,14:19:18,37.0617,-2.6633,2.0,,3.4,2.0,NW ALBOLODUY.AL,27/03/199214:19:18-2.663337.0617,-1.0,3.5982,1992.2366031041288
3224,12447,02/04/1992,00:59:55,37.0983,-3.855,24.0,II-III,3.3,2.0,NW VENTAS DE HUELMA.GR,02/04/199200:59:55-3.85537.0983,2.5,3.5008999999999997,1992.2514798054544
3237,12520,29/05/1992,08:25:18,37.1467,-2.195,39.0,,3.2,2.0,S ULEILA DEL CAMPO.AL,29/05/199208:25:18-2.19537.1467,-1.0,3.4036,1992.4080625758957
3246,12576,15/07/1992,23:22:19,36.6883,-3.0317,3.0,,3.2,2.0,S ADRA.AL,15/07/199223:22:19-3.031736.6883,-1.0,3.4036,1992.5381798661708
3254,12618,10/08/1992,02:00:40,39.2467,0.5767,3.0,,3.2,2.0,GOLFO DE VALENCIA,10/08/199202:00:400.576739.2467,-1.0,3.4036,1992.6067863286785
3255,12620,10/08/1992,19:54:16,38.4583,-0.3917,4.0,,3.2,2.0,"NE CAMPELLO, EL.A",10/08/199219:54:16-0.391738.4583,-1.0,3.4036,1992.6088233657154
3256,12628,16/08/1992,02:13:47,39.2117,0.6633,4.0,,3.4,2.0,GOLFO DE VALENCIA,16/08/199202:13:470.663339.2117,-1.0,3.5982,1992.623204658723
3262,12639,20/08/1992,14:49:14,39.2067,0.57,9.0,,3.5,2.0,GOLFO DE VALENCIA,20/08/199214:49:140.5739.2067,-1.0,3.6955,1992.635567003137
3268,12662,08/09/1992,00:28:30,36.9833,-1.9967,2.0,II-III,3.1,2.0,W CARBONERAS.AL,08/09/199200:28:30-1.996736.9833,2.5,3.3063000000000002,1992.6858464253187
3277,12701,05/10/1992,23:02:36,36.7733,-3.0533,3.0,,3.2,2.0,NW ADRA.AL,05/10/199223:02:36-3.053336.7733,-1.0,3.4036,1992.7621861718276
3278,12702,06/10/1992,00:40:54,36.73,-3.0367,5.0,,3.1,2.0,SW ADRA.AL,06/10/199200:40:54-3.036736.73,-1.0,3.3063000000000002,1992.7623726851853
3282,12715,11/10/1992,11:08:22,38.0283,-0.7467,2.0,III-IV,3.3,2.0,"W MONTESINOS, LOS.A",11/10/199211:08:22-0.746738.0283,3.5,3.5008999999999997,1992.777224435843
3290,12749,06/11/1992,02:52:49,38.2833,-1.835,2.0,II-III,3.2,2.0,NE MORATALLA.MU,06/11/199202:52:49-1.83538.2833,2.5,3.4036,1992.8473224359948
3293,12778,08/12/1992,19:13:41,39.2083,-0.5017,6.0,III-IV,3.4,2.0,"NE ALCÚDIA, L'.V",08/12/199219:13:41-0.501739.2083,3.5,3.5982,1992.9366152157963
3306,12852,04/01/1993,09:19:26,36.575,-2.595,4.0,IV,3.7,2.0,ALBORÁN NORTE,04/01/199309:19:26-2.59536.575,4.0,3.8901000000000003,1993.00928354896
3307,12853,04/01/1993,17:14:56,36.5917,-2.6483,3.0,II-III,3.2,2.0,ALBORÁN NORTE,04/01/199317:14:56-2.648336.5917,2.5,3.4036,1993.0101882293252
3318,12870,08/01/1993,14:40:47,36.5467,-2.6517,0.0,,3.1,2.0,ALBORÁN NORTE,08/01/199314:40:47-2.651736.5467,-1.0,3.3063000000000002,1993.0208538495688
3321,12888,19/01/1993,23:48:43,36.605,-2.6433,2.0,,3.1,2.0,ALBORÁN NORTE,19/01/199323:48:43-2.643336.605,-1.0,3.3063000000000002,1993.0520333269915
3332,12913,10/02/1993,18:35:50,36.61,-2.65,9.0,,3.1,2.0,"S MOJONERA, LA.AL",10/02/199318:35:50-2.6536.61,-1.0,3.3063000000000002,1993.1117120116692
3346,12978,21/03/1993,10:01:40,37.0817,-3.535,2.0,III,3.3,2.0,E DÍLAR.GR,21/03/199310:01:40-3.53537.0817,3.0,3.5008999999999997,1993.217583079655
3358,13024,22/04/1993,17:22:58,38.32,0.305,21.0,,3.3,2.0,MEDITERRÁNEO-LEVANTE SUR,22/04/199317:22:580.30538.32,-1.0,3.5008999999999997,1993.306093924404
3361,13040,09/05/1993,03:04:27,36.8,-2.9917,4.0,,3.2,2.0,NE ADRA.AL,09/05/199303:04:27-2.991736.8,-1.0,3.4036,1993.3510358637748
3365,13063,25/05/1993,07:07:12,39.4167,-0.7667,2.0,III,3.3,2.0,N ALBORACHE.V,25/05/199307:07:12-0.766739.4167,3.0,3.5008999999999997,1993.3953333333334
3375,13120,22/06/1993,12:06:21,38.1167,0.0217,6.0,,3.3,2.0,MEDITERRÁNEO-LEVANTE SUR,22/06/199312:06:210.021738.1167,-1.0,3.5008999999999997,1993.4726148211569
3412,13199,29/07/1993,15:06:54,37.02,-2.45,2.0,IV,3.2,2.0,SW TABERNAS.AL,29/07/199315:06:54-2.4537.02,4.0,3.4036,1993.574328196347
3414,13202,31/07/1993,07:20:13,36.8867,-3.3617,663.0,,3.9,2.0,SW ALMEGÍJAR.GR,31/07/199307:20:13-3.361736.8867,-1.0,4.0847,1993.5789197425165
3421,13217,11/08/1993,11:48:27,36.9717,-2.5317,2.0,,3.1,2.0,SW SANTA FE DE MONDÚJAR.AL,11/08/199311:48:27-2.531736.9717,-1.0,3.3063000000000002,1993.60956706621
3437,13267,12/09/1993,13:15:13,37.0083,-3.695,3.0,,3.1,2.0,W PADUL.GR,12/09/199313:15:13-3.69537.0083,-1.0,3.3063000000000002,1993.6974033802637
3444,13294,30/09/1993,17:31:28,37.47,-3.8133,17.0,,3.3,2.0,SE FRAILES.J,30/09/199317:31:28-3.813337.47,-1.0,3.5008999999999997,1993.7472059868087
3445,13305,06/10/1993,06:37:22,36.515,-2.8317,2.0,,3.5,2.0,ALBORÁN NORTE,06/10/199306:37:22-2.831736.515,-1.0,3.6955,1993.762399860477
3446,13306,06/10/1993,13:49:13,38.4817,-1.2567,6.0,II-III,3.2,2.0,E JUMILLA.MU,06/10/199313:49:13-1.256738.4817,2.5,3.4036,1993.763221492897
3450,13333,19/10/1993,18:13:56,38.3017,-1.3383,7.0,,3.5,2.0,NE CIEZA.MU,19/10/199318:13:56-1.338338.3017,-1.0,3.6955,1993.7993415778792
3455,13341,22/10/1993,22:45:54,37.7667,-2.0533,3.0,,3.1,2.0,NE VÉLEZ-BLANCO.AL,22/10/199322:45:54-2.053337.7667,-1.0,3.3063000000000002,1993.808078196347
3458,13352,03/11/1993,21:31:22,37.6967,-1.6917,2.0,II-III,3.4,2.0,NE LORCA.MU,03/11/199321:31:22-1.691737.6967,2.5,3.5982,1993.840813102486
3461,13363,11/11/1993,02:06:00,38.2883,-0.8817,9.0,II-III,3.2,2.0,SW HONDÓN DE LAS NIEVES.A,11/11/199302:06:00-0.881738.2883,2.5,3.4036,1993.86051369863
3462,13364,11/11/1993,07:33:23,38.1467,-0.0017,4.0,III,3.8,2.0,MEDITERRÁNEO-LEVANTE SUR,11/11/199307:33:23-0.001738.1467,3.0,3.9873999999999996,1993.8611365740742
3472,13413,05/12/1993,14:15:41,38.485,-1.25,3.0,,3.2,2.0,E JUMILLA.MU,05/12/199314:15:41-1.2538.485,-1.0,3.4036,1993.9276554096905
3473,13426,11/12/1993,02:51:09,38.0417,-0.6583,7.0,III-IV,3.4,2.0,S GUARDAMAR DEL SEGURA.A,11/12/199302:51:09-0.658338.0417,3.5,3.5982,1993.9427913812785
3475,13443,20/12/1993,12:14:14,38.1067,-3.8617,7.0,,3.1,2.0,W BAILÉN.J,20/12/199312:14:14-3.861738.1067,-1.0,3.3063000000000002,1993.9685202308474
3476,13450,23/12/1993,14:22:35,36.78,-2.9367,8.0,VI-VII,5.0,2.0,S BERJA.AL,23/12/199314:22:35-2.936736.78,6.5,5.155,1993.9769836060375
3477,13451,23/12/1993,14:34:48,36.78,-3.0367,3.0,III-IV,3.4,2.0,NW ADRA.AL,23/12/199314:34:48-3.036736.78,3.5,3.5982,1993.977006849315
3480,13454,23/12/1993,18:00:07,36.7383,-2.985,2.0,III-IV,3.8,2.0,SE ADRA.AL,23/12/199318:00:07-2.98536.7383,3.5,3.9873999999999996,1993.9773974822426
3483,13458,24/12/1993,12:42:06,36.7083,-3.0,3.0,III-IV,3.6,2.0,SE ADRA.AL,24/12/199312:42:06-3.036.7083,3.5,3.7928,1993.979532153729
3489,13469,29/12/1993,04:42:05,36.8933,-2.9933,18.0,,3.1,2.0,NW BERJA.AL,29/12/199304:42:05-2.993336.8933,-1.0,3.3063000000000002,1993.9923175101471
3494,13479,03/01/1994,01:00:07,36.7583,-2.925,2.0,V,3.8,2.0,E ADRA.AL,03/01/199401:00:07-2.92536.7583,5.0,3.9873999999999996,1994.0055938292744
3496,13481,04/01/1994,08:03:15,36.5717,-2.815,2.0,VII,4.9,2.0,ALBORÁN NORTE,04/01/199408:03:15-2.81536.5717,7.0,5.0577000000000005,1994.0091386035008
3497,13482,04/01/1994,08:05:58,36.525,-2.8083,5.0,,3.6,2.0,ALBORÁN NORTE,04/01/199408:05:58-2.808336.525,-1.0,3.7928,1994.009143772197
3498,13483,04/01/1994,08:47:28,36.5817,-2.8067,2.0,,3.5,2.0,ALBORÁN NORTE,04/01/199408:47:28-2.806736.5817,-1.0,3.6955,1994.0092227295788
3503,13489,04/01/1994,16:46:14,36.5317,-2.7733,9.0,,3.4,2.0,ALBORÁN NORTE,04/01/199416:46:14-2.773336.5317,-1.0,3.5982,1994.0101336250634
3506,13492,04/01/1994,21:08:39,36.6517,-2.8267,3.0,,3.3,2.0,"S EJIDO, EL.AL",04/01/199421:08:39-2.826736.6517,-1.0,3.5008999999999997,1994.0106328957381
3559,13547,08/01/1994,22:48:08,37.0683,-3.905,1.0,III-IV,3.6,2.0,NE CACÍN.GR,08/01/199422:48:08-3.90537.0683,3.5,3.7928,1994.0217810755962
3564,13553,09/01/1994,16:01:36,36.63,-2.8567,2.0,,3.1,2.0,"SW EJIDO, EL.AL",09/01/199416:01:36-2.856736.63,-1.0,3.3063000000000002,1994.0237473363775
3577,13572,13/01/1994,19:40:09,36.6667,-2.8367,5.0,II-III,3.1,2.0,"S EJIDO, EL.AL",13/01/199419:40:09-2.836736.6667,2.5,3.3063000000000002,1994.0351220509895
3579,13574,13/01/1994,23:03:04,36.6633,-2.8533,4.0,,3.1,2.0,"SW EJIDO, EL.AL",13/01/199423:03:04-2.853336.6633,-1.0,3.3063000000000002,1994.0355081177067
3599,13600,16/01/1994,15:55:03,36.5333,-2.9,2.0,II-III,3.4,2.0,ALBORÁN NORTE,16/01/199415:55:03-2.936.5333,2.5,3.5982,1994.042912956621
3602,13603,16/01/1994,17:03:10,36.68,-2.8867,2.0,II-III,3.5,2.0,"SW EJIDO, EL.AL",16/01/199417:03:10-2.886736.68,2.5,3.6955,1994.0430425545408
3610,13611,17/01/1994,05:50:27,37.2867,-3.15,2.0,III,3.2,2.0,SW GUADIX.GR,17/01/199405:50:27-3.1537.2867,3.0,3.4036,1994.0445023782345
3631,13642,24/01/1994,12:24:07,36.7083,-2.8833,4.0,,3.1,2.0,"SW EJIDO, EL.AL",24/01/199412:24:07-2.883336.7083,-1.0,3.3063000000000002,1994.064429445713
3637,13650,25/01/1994,17:40:28,36.65,-2.8767,3.0,,3.1,2.0,"SW EJIDO, EL.AL",25/01/199417:40:28-2.876736.65,-1.0,3.3063000000000002,1994.0677710553018
3642,13656,26/01/1994,16:16:45,36.6433,-2.835,2.0,III-IV,3.7,2.0,"S EJIDO, EL.AL",26/01/199416:16:45-2.83536.6433,3.5,3.8901000000000003,1994.070351503044
3643,13657,26/01/1994,18:36:21,36.7183,-2.8833,3.0,III,3.3,2.0,"SW EJIDO, EL.AL",26/01/199418:36:21-2.883336.7183,3.0,3.5008999999999997,1994.0706171042618
3649,13668,29/01/1994,14:58:15,36.6967,-2.8767,2.0,II-III,3.4,2.0,"SW EJIDO, EL.AL",29/01/199414:58:15-2.876736.6967,2.5,3.5982,1994.078421328006
3654,13678,02/02/1994,05:28:06,36.6167,-2.7867,2.0,,3.1,2.0,"S EJIDO, EL.AL",02/02/199405:28:06-2.786736.6167,-1.0,3.3063000000000002,1994.0882954718418
3655,13679,02/02/1994,06:03:05,36.5583,-2.8483,2.0,II-III,3.4,2.0,ALBORÁN NORTE,02/02/199406:03:05-2.848336.5583,2.5,3.5982,1994.0883620306952
3657,13682,02/02/1994,18:44:59,36.5967,-2.84,1.0,,3.3,2.0,ALBORÁN NORTE,02/02/199418:44:59-2.8436.5967,-1.0,3.5008999999999997,1994.089811612126
3658,13683,02/02/1994,19:09:15,36.6683,-2.865,1.0,,3.1,2.0,"SW EJIDO, EL.AL",02/02/199419:09:15-2.86536.6683,-1.0,3.3063000000000002,1994.0898577815829
3666,13696,06/02/1994,05:27:27,39.5167,-3.3267,9.0,II-III,3.5,2.0,W QUERO.TO,06/02/199405:27:27-3.326739.5167,2.5,3.6955,1994.0992531392694
3672,13703,08/02/1994,07:18:31,36.705,-2.8467,0.0,II-III,3.2,2.0,"SW EJIDO, EL.AL",08/02/199407:18:31-2.846736.705,2.5,3.4036,1994.104943905378
3678,13715,12/02/1994,03:36:31,37.3,-3.1617,2.0,,3.3,2.0,W GUADIX.GR,12/02/199403:36:31-3.161737.3,-1.0,3.5008999999999997,1994.1154804350583
3684,13731,19/02/1994,03:05:15,36.5733,-3.43,2.0,,3.4,2.0,ALBORÁN NORTE,19/02/199403:05:15-3.4336.5733,-1.0,3.5982,1994.1345990296804
3696,13749,26/02/1994,07:25:13,36.525,-2.815,2.0,III,3.4,2.0,ALBORÁN NORTE,26/02/199407:25:13-2.81536.525,3.0,3.5982,1994.1542717212076
3715,13777,07/03/1994,03:52:43,38.8833,-2.9333,2.0,,3.1,2.0,NE CARRIZOSA.CR,07/03/199403:52:43-2.933338.8833,-1.0,3.3063000000000002,1994.1785249556062
3721,13791,11/03/1994,11:53:23,36.6567,-2.8617,2.0,,3.2,2.0,"SW EJIDO, EL.AL",11/03/199411:53:23-2.861736.6567,-1.0,3.4036,1994.1903983701168
3735,13809,16/03/1994,09:01:25,36.6167,-2.8667,2.0,,3.1,2.0,ALBORÁN NORTE,16/03/199409:01:25-2.866736.6167,-1.0,3.3063000000000002,1994.20376981862
3738,13814,18/03/1994,18:17:38,37.9717,-0.4533,9.0,,3.1,2.0,MEDITERRÁNEO-LEVANTE SUR,18/03/199418:17:38-0.453337.9717,-1.0,3.3063000000000002,1994.2103075215628
3750,13842,29/03/1994,14:29:02,36.61,-2.82,2.0,IV,3.4,2.0,"S EJIDO, EL.AL",29/03/199414:29:02-2.8236.61,4.0,3.5982,1994.2400095763571
3751,13843,29/03/1994,22:04:21,36.68,-3.365,1.0,IV,3.7,2.0,SE CASTELL DE FERRO.GR,29/03/199422:04:21-3.36536.68,4.0,3.8901000000000003,1994.2408758561644
3754,13847,30/03/1994,23:26:44,37.0467,-2.5083,2.0,,3.1,2.0,NE SANTA FE DE MONDÚJAR.AL,30/03/199423:26:44-2.508337.0467,-1.0,3.3063000000000002,1994.2437723236935
3768,13869,08/04/1994,04:00:05,37.36,-1.9983,2.0,IV-V,3.9,2.0,NE ZURGENA.AL,08/04/199404:00:05-1.998337.36,4.5,4.0847,1994.2662102042111
3769,13870,08/04/1994,04:13:33,37.34,-2.0267,2.0,III,3.1,2.0,SE ZURGENA.AL,08/04/199404:13:33-2.026737.34,3.0,3.3063000000000002,1994.266235825723
3778,13897,15/04/1994,15:40:45,37.2617,-1.9267,3.0,III,3.5,2.0,NW ANTAS.AL,15/04/199415:40:45-1.926737.2617,3.0,3.6955,1994.286721366058
3783,13908,19/04/1994,23:51:59,37.3083,-1.9467,5.0,IV,3.6,2.0,W CUEVAS DEL ALMANZORA.AL,19/04/199423:51:59-1.946737.3083,4.0,3.7928,1994.2986148845764
3784,13909,20/04/1994,21:23:38,37.3267,-2.015,2.0,III,3.3,2.0,SE ZURGENA.AL,20/04/199421:23:38-2.01537.3267,3.0,3.5008999999999997,1994.3010723617454
3791,13918,23/04/1994,17:53:59,37.3567,-1.9883,2.0,II-III,3.3,2.0,E ZURGENA.AL,23/04/199417:53:59-1.988337.3567,2.5,3.5008999999999997,1994.308892662354
3806,13948,01/05/1994,14:38:40,37.5317,-3.7983,21.0,,3.2,2.0,NE FRAILES.J,01/05/199414:38:40-3.798337.5317,-1.0,3.4036,1994.330438863521
3830,14171,07/06/1994,03:10:36,38.9,-0.3867,16.0,II-III,3.1,2.0,N CASTELLÓ DE RUGAT.V,07/06/199403:10:36-0.386738.9,2.5,3.3063000000000002,1994.4304996194826
3834,14188,12/06/1994,06:31:46,36.9317,-2.03,2.0,,3.1,2.0,SW CARBONERAS.AL,12/06/199406:31:46-2.0336.9317,-1.0,3.3063000000000002,1994.4445809868087
3859,14297,13/07/1994,10:12:31,36.52,-3.77,2.0,,3.3,2.0,ALBORÁN NORTE,13/07/199410:12:31-3.7736.52,-1.0,3.5008999999999997,1994.5299324898529
3863,14317,24/07/1994,00:45:22,36.9583,-2.5083,2.0,III,3.2,2.0,W GÁDOR.AL,24/07/199400:45:22-2.508336.9583,3.0,3.4036,1994.5589904236429
3867,14342,04/08/1994,06:43:41,38.1767,-1.045,2.0,IV,3.3,2.0,S ABANILLA.MU,04/08/199406:43:41-1.04538.1767,4.0,3.5008999999999997,1994.5898091387621
3869,14353,08/08/1994,01:50:03,37.8417,-3.28,27.0,,3.1,2.0,E JÓDAR.J,08/08/199401:50:03-3.2837.8417,-1.0,3.3063000000000002,1994.6002093797565
3880,14451,23/08/1994,10:48:51,36.72,-2.8883,2.0,,3.2,2.0,"SW EJIDO, EL.AL",23/08/199410:48:51-2.888336.72,-1.0,3.4036,1994.6423303843226
3887,14467,25/08/1994,05:15:51,38.4933,-1.24,5.0,III,3.6,2.0,E JUMILLA.MU,25/08/199405:15:51-1.2438.4933,3.0,3.7928,1994.6471762747337
3894,14476,26/08/1994,13:38:32,38.485,-0.2433,4.0,II-III,3.1,2.0,"SW VILLAJOYOSA/VILA JOIOSA, LA.A",26/08/199413:38:32-0.243338.485,2.5,3.3063000000000002,1994.650872399797
3902,14524,07/09/1994,02:41:30,36.5917,-2.8467,2.0,II-III,3.4,2.0,ALBORÁN NORTE,07/09/199402:41:30-2.846736.5917,2.5,3.5982,1994.6824990487062
3907,14537,13/09/1994,21:06:41,38.0967,-2.245,2.0,,3.1,2.0,W MORATALLA.MU,13/09/199421:06:41-2.24538.0967,-1.0,3.3063000000000002,1994.7010401128869
3914,14556,19/09/1994,17:26:01,37.7833,-2.5517,3.0,II-III,3.2,2.0,SW HUÉSCAR.GR,19/09/199417:26:01-2.551737.7833,2.5,3.4036,1994.7170586314053
3922,14586,02/10/1994,02:03:37,38.2267,-1.12,6.0,,3.1,2.0,N FORTUNA.MU,02/10/199402:03:37-1.1238.2267,-1.0,3.3063000000000002,1994.750920123034
3925,14618,18/10/1994,18:09:51,37.245,-2.4283,4.0,,3.3,2.0,SE BACARES.AL,18/10/199418:09:51-2.428337.245,-1.0,3.5008999999999997,1994.7965940829529
3929,14623,20/10/1994,04:11:05,38.98,-3.5683,3.0,,3.2,2.0,SE DAIMIEL.CR,20/10/199404:11:05-3.568338.98,-1.0,3.4036,1994.8004777080162
3934,14637,24/10/1994,03:01:01,36.995,-3.7,3.0,,3.3,2.0,SW PADUL.GR,24/10/199403:01:01-3.736.995,-1.0,3.5008999999999997,1994.8113033041602
3935,14643,26/10/1994,18:47:46,36.5283,-3.0617,2.0,III-IV,3.6,2.0,ALBORÁN NORTE,26/10/199418:47:46-3.061736.5283,3.5,3.7928,1994.8185840309488
3941,14655,01/11/1994,22:18:04,38.6217,-2.245,2.0,II-III,3.4,2.0,NW BOGARRA.AB,01/11/199422:18:04-2.24538.6217,2.5,3.5982,1994.8354225012683
3943,14662,08/11/1994,00:17:34,36.9167,-2.3217,6.0,III-IV,4.0,2.0,E VIATOR.AL,08/11/199400:17:34-2.321736.9167,3.5,4.1819999999999995,1994.8520882166413
3948,14669,11/11/1994,12:09:05,36.6917,-2.825,4.0,,3.2,2.0,"S EJIDO, EL.AL",11/11/199412:09:05-2.82536.6917,-1.0,3.4036,1994.861661117453
3955,14685,17/11/1994,13:08:26,38.5333,-2.1967,22.0,,3.1,2.0,SE BOGARRA.AB,17/11/199413:08:26-2.196738.5333,-1.0,3.3063000000000002,1994.8782123921867
3964,14708,28/11/1994,07:30:20,38.495,-1.25,6.0,II-III,3.4,2.0,E JUMILLA.MU,28/11/199407:30:20-1.2538.495,2.5,3.5982,1994.907706113648
3974,14724,03/12/1994,18:42:44,37.285,-2.98,8.0,II,3.5,2.0,S GOR.GR,03/12/199418:42:44-2.9837.285,2.0,3.6955,1994.9226840436327
3976,14733,06/12/1994,19:59:05,38.92,-2.9417,7.0,,3.1,2.0,SW RUIDERA.CR,06/12/199419:59:05-2.941738.92,-1.0,3.3063000000000002,1994.931048484272
3977,14734,06/12/1994,20:28:40,36.61,-2.835,2.0,III,3.4,2.0,"S EJIDO, EL.AL",06/12/199420:28:40-2.83536.61,3.0,3.5982,1994.9311047691526
3981,14740,08/12/1994,17:25:03,37.4567,-1.5467,2.0,,3.1,2.0,NE ÁGUILAS.MU,08/12/199417:25:03-1.546737.4567,-1.0,3.3063000000000002,1994.9362348744291
3989,14754,13/12/1994,10:12:46,38.81,-0.6817,8.0,,3.2,2.0,W ONTINYENT.V,13/12/199410:12:46-0.681738.81,-1.0,3.4036,1994.9491110476915
4012,14807,29/12/1994,09:18:03,36.9017,-3.8733,61.0,,3.5,2.0,SE ARENAS DEL REY.GR,29/12/199409:18:03-3.873336.9017,-1.0,3.6955,1994.9928425608828
4033,14880,29/01/1995,18:10:05,36.9717,-2.1833,2.0,II,3.4,2.0,E NÍJAR.AL,29/01/199518:10:05-2.183336.9717,2.0,3.5982,1995.0787863077119
4046,14921,13/02/1995,22:50:06,37.0017,-2.0383,2.0,,3.1,2.0,W CARBONERAS.AL,13/02/199522:50:06-2.038337.0017,-1.0,3.3063000000000002,1995.120414954338
4052,14937,25/02/1995,19:24:25,37.3017,-2.625,2.0,,3.2,2.0,SW ALCÓNTAR.AL,25/02/199519:24:25-2.62537.3017,-1.0,3.4036,1995.1529003361238
4054,14942,28/02/1995,09:06:28,36.645,-2.61,3.0,III,3.2,2.0,S ROQUETAS DE MAR.AL,28/02/199509:06:28-2.6136.645,3.0,3.4036,1995.1599438102487
4065,14981,17/03/1995,14:04:14,37.175,-3.7733,2.0,IV,3.9,2.0,S CHAUCHINA.GR,17/03/199514:04:14-3.773337.175,4.0,4.0847,1995.207085679858
4067,14985,18/03/1995,13:40:34,37.0683,-2.1333,1.0,II-III,3.9,2.0,SW SORBAS.AL,18/03/199513:40:34-2.133337.0683,2.5,4.0847,1995.2097803779807
4080,15041,11/04/1995,06:42:20,38.41,-2.88,5.0,II-III,3.5,2.0,NW PUENTE DE GÉNAVE.J,11/04/199506:42:20-2.8838.41,2.5,3.6955,1995.2747380771182
4083,15049,12/04/1995,06:46:32,37.0017,-3.6867,2.0,II-III,3.2,2.0,SW PADUL.GR,12/04/199506:46:32-3.686737.0017,2.5,3.4036,1995.2774857940133
4096,15085,29/04/1995,07:37:41,36.7083,-2.8267,6.0,II-III,3.1,2.0,"S EJIDO, EL.AL",29/04/199507:37:41-2.826736.7083,2.5,3.3063000000000002,1995.3241584538305
4105,15120,18/05/1995,23:13:05,36.8433,-3.0083,3.0,II-III,3.1,2.0,W BERJA.AL,18/05/199523:13:05-3.008336.8433,2.5,3.3063000000000002,1995.3779929287164
4120,15153,01/06/1995,14:05:50,36.99,-2.2767,2.0,,3.1,2.0,SW TURRILLAS.AL,01/06/199514:05:50-2.276736.99,-1.0,3.3063000000000002,1995.4153079020803
4122,15159,03/06/1995,14:27:59,39.235,-0.47,9.0,III,3.3,2.0,S ALGINET.V,03/06/199514:27:59-0.4739.235,3.0,3.5008999999999997,1995.4208294964485
4124,15162,03/06/1995,17:21:25,36.9717,-2.205,5.0,III,3.5,2.0,N NÍJAR.AL,03/06/199517:21:25-2.20536.9717,3.0,3.6955,1995.421159468544
4145,15218,01/07/1995,03:29:08,37.4433,-3.805,13.0,,3.2,2.0,W BENALÚA DE LAS VILLAS.GR,01/07/199503:29:08-3.80537.4433,-1.0,3.4036,1995.4962883054286
4148,15231,11/07/1995,18:27:34,37.45,-3.825,18.0,,3.3,2.0,SE FRAILES.J,11/07/199518:27:34-3.82537.45,-1.0,3.5008999999999997,1995.5253949137493
4167,15290,08/08/1995,16:26:35,38.9567,-0.225,4.0,,3.1,2.0,W BENIRREDRÀ.V,08/08/199516:26:35-0.22538.9567,-1.0,3.3063000000000002,1995.6018770611365
4183,15353,08/09/1995,04:35:58,36.7817,-3.0333,2.0,II-III,3.4,2.0,NW ADRA.AL,08/09/199504:35:58-3.033336.7817,2.5,3.5982,1995.685456557585
4200,15403,28/09/1995,15:02:53,36.97,-3.7317,1.0,II-III,3.4,2.0,E JAYENA.GR,28/09/199515:02:53-3.731736.97,2.5,3.5982,1995.7414438419585
4203,15424,04/10/1995,02:06:07,38.7917,0.3317,5.0,III-IV,3.4,2.0,GOLFO DE VALENCIA,04/10/199502:06:070.331738.7917,3.5,3.5982,1995.7564043315576
4232,15512,09/11/1995,10:02:23,36.6033,-2.715,3.0,,3.1,2.0,"S MOJONERA, LA.AL",09/11/199510:02:23-2.71536.6033,-1.0,3.3063000000000002,1995.8559406075597
4234,15514,09/11/1995,12:03:55,36.5733,-2.745,2.0,,3.3,2.0,ALBORÁN NORTE,09/11/199512:03:55-2.74536.5733,-1.0,3.5008999999999997,1995.8561718353628
4240,15524,11/11/1995,04:24:46,36.5283,-2.6917,2.0,,3.1,2.0,ALBORÁN NORTE,11/11/199504:24:46-2.691736.5283,-1.0,3.3063000000000002,1995.8607777143582
4246,15532,12/11/1995,10:22:38,39.26,-0.2033,10.0,II-III,3.5,2.0,NE CULLERA.V,12/11/199510:22:38-0.203339.26,2.5,3.6955,1995.864198313039
4248,15534,12/11/1995,20:08:46,36.5667,-2.685,2.0,,3.1,2.0,ALBORÁN NORTE,12/11/199520:08:46-2.68536.5667,-1.0,3.3063000000000002,1995.8653134830035
4249,15536,13/11/1995,05:04:37,36.5483,-2.7117,2.0,,3.2,2.0,ALBORÁN NORTE,13/11/199505:04:37-2.711736.5483,-1.0,3.4036,1995.8663329845256
4251,15538,13/11/1995,07:37:55,36.5417,-2.685,3.0,,3.1,2.0,ALBORÁN NORTE,13/11/199507:37:55-2.68536.5417,-1.0,3.3063000000000002,1995.8666246511923
4252,15539,13/11/1995,18:36:06,36.5967,-2.6983,2.0,,3.1,2.0,ALBORÁN NORTE,13/11/199518:36:06-2.698336.5967,-1.0,3.3063000000000002,1995.8678769025876
4253,15540,13/11/1995,18:44:54,36.6033,-2.74,2.0,,3.2,2.0,"SW MOJONERA, LA.AL",13/11/199518:44:54-2.7436.6033,-1.0,3.4036,1995.8678936453578
4254,15543,13/11/1995,20:41:17,36.5783,-2.715,2.0,,3.3,2.0,ALBORÁN NORTE,13/11/199520:41:17-2.71536.5783,-1.0,3.5008999999999997,1995.868115074835
4263,15563,18/11/1995,00:24:47,36.915,-2.53,3.0,IV,4.0,2.0,SW GÁDOR.AL,18/11/199500:24:47-2.5336.915,4.0,4.1819999999999995,1995.879499207255
4274,15584,22/11/1995,08:20:27,36.5417,-2.7117,2.0,,3.1,2.0,ALBORÁN NORTE,22/11/199508:20:27-2.711736.5417,-1.0,3.3063000000000002,1995.891363108828
4275,15585,22/11/1995,10:29:36,36.5283,-2.7083,2.0,II,3.1,2.0,ALBORÁN NORTE,22/11/199510:29:36-2.708336.5283,2.0,3.3063000000000002,1995.8916088280062
4283,15599,26/11/1995,05:39:40,38.0383,-1.27,2.0,V-VI,4.1,2.0,SW ALGUAZAS.MU,26/11/199505:39:40-1.2738.0383,5.5,4.279299999999999,1995.9020161085743
4284,15600,26/11/1995,06:25:05,38.02,-1.2667,2.0,III,3.7,2.0,"SW TORRES DE COTILLAS, LAS.MU",26/11/199506:25:05-1.266738.02,3.0,3.8901000000000003,1995.9021025177574
4291,15614,28/11/1995,08:32:10,36.55,-2.7117,3.0,,3.1,2.0,ALBORÁN NORTE,28/11/199508:32:10-2.711736.55,-1.0,3.3063000000000002,1995.907823756976
4295,15683,06/12/1995,10:13:30,37.995,-1.2533,9.0,III-IV,3.5,2.0,NW ALCANTARILLA.MU,06/12/199510:13:30-1.253337.995,3.5,3.6955,1995.9299343607306
4304,15712,13/12/1995,05:55:32,36.8217,-2.9817,2.0,,3.1,2.0,SW BERJA.AL,13/12/199505:55:32-2.981736.8217,-1.0,3.3063000000000002,1995.948621638762
4314,15731,18/12/1995,03:47:15,37.45,-3.7833,25.0,,3.4,2.0,W BENALÚA DE LAS VILLAS.GR,18/12/199503:47:15-3.783337.45,-1.0,3.5982,1995.96207619863
4319,15751,23/12/1995,03:16:40,36.6567,-2.9983,4.0,,3.1,2.0,S ADRA.AL,23/12/199503:16:40-2.998336.6567,-1.0,3.3063000000000002,1995.9757166412987
4335,15841,09/01/1996,08:40:03,37.0683,-3.9083,2.0,III,3.3,2.0,NE CACÍN.GR,09/01/199608:40:03-3.908337.0683,3.0,3.5008999999999997,1996.0228446607468
4342,15872,18/01/1996,21:30:48,38.7133,-0.9417,4.0,III-IV,3.2,2.0,E CAUDETE.AB,18/01/199621:30:48-0.941738.7133,3.5,3.4036,1996.0488972374014
4346,15888,24/01/1996,08:36:58,36.89,-3.7133,8.0,III,3.5,2.0,NW LENTEGÍ.GR,24/01/199608:36:58-3.713336.89,3.0,3.6955,1996.063822417021
4348,15903,27/01/1996,10:02:30,37.8683,-2.245,1.0,,3.7,2.0,NW MARÍA.AL,27/01/199610:02:30-2.24537.8683,-1.0,3.8901000000000003,1996.0721814283545
4359,15930,06/02/1996,14:58:56,36.85,-3.0583,4.0,,3.2,2.0,S TURÓN.GR,06/02/199614:58:56-3.058336.85,-1.0,3.4036,1996.100066282129
4376,16055,22/03/1996,09:22:03,37.88,-1.4117,5.0,III-IV,3.5,2.0,NE ALHAMA DE MURCIA.MU,22/03/199609:22:03-1.411737.88,3.5,3.6955,1996.2223779030055
4382,16076,28/03/1996,23:18:46,36.64,-2.8433,4.0,,3.1,2.0,"S EJIDO, EL.AL",28/03/199623:18:46-2.843336.64,-1.0,3.3063000000000002,1996.2403589227888
4390,16139,15/04/1996,17:58:04,36.6533,-2.9567,3.0,,3.1,2.0,ALBORÁN NORTE,15/04/199617:58:04-2.956736.6533,-1.0,3.3063000000000002,1996.2889307579437
4393,16159,19/04/1996,01:20:17,36.7133,-2.9633,2.0,,3.3,2.0,SE ADRA.AL,19/04/199601:20:17-2.963336.7133,-1.0,3.5008999999999997,1996.2979665363794
4394,16161,19/04/1996,16:52:41,38.995,-0.7083,4.0,III-IV,3.1,2.0,NW ENGUERA.V,19/04/199616:52:41-0.708338.995,3.5,3.3063000000000002,1996.2997356620624
4398,16172,23/04/1996,12:36:18,36.6417,-2.9333,1.0,,3.1,2.0,ALBORÁN NORTE,23/04/199612:36:18-2.933336.6417,-1.0,3.3063000000000002,1996.3101781648452
4399,16176,24/04/1996,16:29:26,36.6033,-2.8667,1.0,III-IV,3.9,2.0,ALBORÁN NORTE,24/04/199616:29:26-2.866736.6033,3.5,4.0847,1996.3133527499494
4400,16177,24/04/1996,18:10:46,36.605,-2.8783,2.0,II-III,3.6,2.0,ALBORÁN NORTE,24/04/199618:10:46-2.878336.605,2.5,3.7928,1996.313545018721
4418,16245,17/05/1996,18:24:05,37.5633,-3.77,15.0,II-III,3.7,2.0,SE VALDEPEÑAS DE JAÉN.J,17/05/199618:24:05-3.7737.5633,2.5,3.8901000000000003,1996.376411815675
4422,16258,23/05/1996,04:52:04,36.6583,-2.8883,2.0,,3.1,2.0,"SW EJIDO, EL.AL",23/05/199604:52:04-2.888336.6583,-1.0,3.3063000000000002,1996.3912645466505
4433,16323,20/06/1996,01:07:51,36.59,-2.845,1.0,III-IV,3.7,2.0,ALBORÁN NORTE,20/06/199601:07:51-2.84536.59,3.5,3.8901000000000003,1996.4673418526108
4439,16342,22/06/1996,07:57:06,38.8633,-3.13,3.0,,3.2,2.0,SW ALHAMBRA.CR,22/06/199607:57:06-3.1338.8633,-1.0,3.4036,1996.473582840012
4447,16399,06/07/1996,11:23:35,37.0833,-1.7683,1.0,II-III,3.3,2.0,SE MOJÁCAR.AL,06/07/199611:23:35-1.768337.0833,2.5,3.5008999999999997,1996.5122259853774
4455,16415,12/07/1996,16:20:58,36.6233,-2.8983,2.0,,3.3,2.0,ALBORÁN NORTE,12/07/199616:20:58-2.898336.6233,-1.0,3.5008999999999997,1996.529183679923
4464,16440,17/07/1996,03:24:01,36.9733,-1.5617,2.0,,3.2,2.0,MEDITERRÁNEO-LEVANTE SUR,17/07/199603:24:01-1.561736.9733,-1.0,3.4036,1996.541370705576
4473,16460,24/07/1996,22:33:10,37.3567,-2.3067,1.0,III,3.7,2.0,W OLULA DEL RÍO.AL,24/07/199622:33:10-2.306737.3567,3.0,3.8901000000000003,1996.5626767734263
4477,16467,26/07/1996,23:01:18,36.5633,-3.0983,8.0,,3.2,2.0,ALBORÁN NORTE,26/07/199623:01:18-3.098336.5633,-1.0,3.4036,1996.5681946341833
4478,16469,27/07/1996,09:41:01,36.5383,-2.865,1.0,,3.2,2.0,ALBORÁN NORTE,27/07/199609:41:01-2.86536.5383,-1.0,3.4036,1996.569408425673
4480,16472,27/07/1996,12:39:53,36.5833,-2.8683,1.0,,3.3,2.0,ALBORÁN NORTE,27/07/199612:39:53-2.868336.5833,-1.0,3.5008999999999997,1996.5697478053532
4495,16530,11/08/1996,20:48:58,38.1017,-0.535,7.0,II-III,3.1,2.0,E GUARDAMAR DEL SEGURA.A,11/08/199620:48:58-0.53538.1017,2.5,3.3063000000000002,1996.6116593933414
4509,16581,27/08/1996,01:15:25,36.9717,-1.575,2.0,,3.1,2.0,MEDITERRÁNEO-LEVANTE SUR,27/08/199601:15:25-1.57536.9717,-1.0,3.3063000000000002,1996.653148559249
4513,16587,28/08/1996,07:47:41,37.5117,-3.5583,2.0,,3.1,2.0,NE CAMPOTÉJAR.GR,28/08/199607:47:41-3.558337.5117,-1.0,3.3063000000000002,1996.6566250822202
4514,16592,29/08/1996,16:31:15,36.64,-2.8367,2.0,,3.3,2.0,"S EJIDO, EL.AL",29/08/199616:31:15-2.836736.64,-1.0,3.5008999999999997,1996.6603507323923
4518,16599,31/08/1996,08:25:55,36.6267,-2.86,1.0,,3.3,2.0,"SW EJIDO, EL.AL",31/08/199608:25:55-2.8636.6267,-1.0,3.5008999999999997,1996.6648943470452
4522,16603,31/08/1996,16:09:24,36.6217,-2.8017,2.0,,3.1,2.0,"S EJIDO, EL.AL",31/08/199616:09:24-2.801736.6217,-1.0,3.3063000000000002,1996.6657737553128
4524,16611,02/09/1996,19:07:01,37.5583,-1.55,1.0,V,4.5,2.0,N ÁGUILAS.MU,02/09/199619:07:01-1.5537.5583,5.0,4.6685,1996.6715752441307
4525,16612,02/09/1996,19:17:20,37.55,-1.5233,2.0,III,3.1,2.0,NE ÁGUILAS.MU,02/09/199619:17:20-1.523337.55,3.0,3.3063000000000002,1996.6715948188626
4529,16621,05/09/1996,17:24:26,37.6083,-1.58,6.0,II-III,3.5,2.0,SE LORCA.MU,05/09/199617:24:26-1.5837.6083,2.5,3.6955,1996.6795773249341
4538,16665,19/09/1996,00:14:31,38.625,-0.5617,8.0,,3.1,2.0,SE IBI.A,19/09/199600:14:31-0.561738.625,-1.0,3.3063000000000002,1996.715874538302
4550,16743,22/10/1996,18:26:06,37.475,-1.87,1.0,V,3.9,2.0,NE HUÉRCAL-OVERA.AL,22/10/199618:26:06-1.8737.475,5.0,4.0847,1996.8081096311475
4569,16826,18/11/1996,14:34:42,36.6933,-2.8533,2.0,II-III,3.4,2.0,"SW EJIDO, EL.AL",18/11/199614:34:42-2.853336.6933,2.5,3.5982,1996.8814410670916
4570,16827,18/11/1996,15:11:42,38.28,-2.16,2.0,,3.1,2.0,SW LETUR.AB,18/11/199615:11:42-2.1638.28,-1.0,3.3063000000000002,1996.8815112704917
4572,16836,25/11/1996,07:46:18,36.555,-2.8783,3.0,,3.1,2.0,ALBORÁN NORTE,25/11/199607:46:18-2.878336.555,-1.0,3.3063000000000002,1996.8997918564055
4581,16903,28/12/1996,07:30:37,37.1617,-3.7167,1.0,V,4.1,2.0,S SANTA FE.GR,28/12/199607:30:37-3.716737.1617,5.0,4.279299999999999,1996.9899260334446
4586,16951,12/01/1997,08:32:57,37.32,-2.0533,12.0,III-IV,3.4,2.0,SW ZURGENA.AL,12/01/199708:32:57-2.053337.32,3.5,3.5982,1997.0311129185693
4609,17072,21/02/1997,06:07:40,37.57,-2.7283,7.0,II-III,3.1,2.0,SW BENAMAUREL.GR,21/02/199706:07:40-2.728337.57,2.5,3.3063000000000002,1997.1404255454083
4612,17080,24/02/1997,07:09:51,37.02,-3.835,6.0,V,4.3,2.0,SW AGRÓN.GR,24/02/199707:09:51-3.83537.02,5.0,4.4738999999999995,1997.1487630327244
4626,17104,28/02/1997,13:35:28,37.4633,-1.8883,3.0,,3.1,2.0,NE HUÉRCAL-OVERA.AL,28/02/199713:35:28-1.888337.4633,-1.0,3.3063000000000002,1997.1604556062912
4629,17114,02/03/1997,08:28:33,39.0083,-2.85,2.0,,3.2,2.0,NE RUIDERA.CR,02/03/199708:28:33-2.8539.0083,-1.0,3.4036,1997.1653511225265
4645,17162,16/03/1997,01:22:42,37.1717,-3.7133,2.0,II-III,3.1,2.0,S SANTA FE.GR,16/03/199701:22:42-3.713337.1717,2.5,3.3063000000000002,1997.2028970700153
4651,17204,21/03/1997,20:10:25,38.9583,-0.4917,24.0,,3.1,2.0,NW BELLÚS.V,21/03/199720:10:25-0.491738.9583,-1.0,3.3063000000000002,1997.218741279807
4654,17215,22/03/1997,20:48:02,38.7583,-0.6917,11.0,III,3.1,2.0,W BOCAIRENT.V,22/03/199720:48:02-0.691738.7583,3.0,3.3063000000000002,1997.2215525748352
4672,17250,31/03/1997,19:58:27,37.075,-3.8983,4.0,II-III,3.4,2.0,NE CACÍN.GR,31/03/199719:58:27-3.898337.075,2.5,3.5982,1997.2461157724506
4690,17303,16/04/1997,14:17:21,36.6717,-2.9167,9.0,,3.1,2.0,SE ADRA.AL,16/04/199714:17:21-2.916736.6717,-1.0,3.3063000000000002,1997.289302416286
4694,17312,21/04/1997,03:21:49,37.02,-3.8283,6.0,,3.1,2.0,S AGRÓN.GR,21/04/199703:21:49-3.828337.02,-1.0,3.3063000000000002,1997.301753836885
4699,17333,28/04/1997,16:24:35,38.2367,0.695,13.0,,3.2,2.0,MEDITERRÁNEO-LEVANTE SUR,28/04/199716:24:350.69538.2367,-1.0,3.4036,1997.322421201167
4710,17393,18/05/1997,13:15:20,38.0133,-1.24,4.0,IV,3.5,2.0,"S TORRES DE COTILLAS, LAS.MU",18/05/199713:15:20-1.2438.0133,4.0,3.6955,1997.376855657027
4720,17603,08/06/1997,13:13:59,38.3733,-1.155,3.0,II-III,3.5,2.0,SE JUMILLA.MU,08/06/199713:13:59-1.15538.3733,2.5,3.6955,1997.434387335109
4722,17647,24/06/1997,17:23:41,36.57,-2.91,2.0,,3.1,2.0,ALBORÁN NORTE,24/06/199717:23:41-2.9136.57,-1.0,3.3063000000000002,1997.478698027651
4724,17662,25/06/1997,04:21:15,37.1917,-3.9133,9.0,II,3.1,2.0,NE MORALEDA DE ZAFAYONA.GR,25/06/199704:21:15-3.913337.1917,2.0,3.3063000000000002,1997.4799491057838
4729,17693,02/07/1997,09:51:59,36.5433,-3.1767,2.0,,3.2,2.0,ALBORÁN NORTE,02/07/199709:51:59-3.176736.5433,-1.0,3.4036,1997.4997564370879
4733,17700,02/07/1997,15:20:21,36.5417,-3.1617,4.0,,3.1,2.0,ALBORÁN NORTE,02/07/199715:20:21-3.161736.5417,-1.0,3.3063000000000002,1997.5003811834094
4736,17709,03/07/1997,10:02:04,36.5383,-3.1867,2.0,,3.2,2.0,ALBORÁN NORTE,03/07/199710:02:04-3.186736.5383,-1.0,3.4036,1997.5025153475394
4749,17745,14/07/1997,09:12:23,36.8,-2.9567,1.0,II-III,3.2,2.0,S BERJA.AL,14/07/199709:12:23-2.956736.8,2.5,3.4036,1997.5325578069508
4754,17755,17/07/1997,23:33:54,38.8633,-3.0267,2.0,,3.1,2.0,NW CARRIZOSA.CR,17/07/199723:33:54-3.026738.8633,-1.0,3.3063000000000002,1997.5424160958903
4769,17791,30/07/1997,15:38:28,37.11,-3.7217,8.0,,3.1,2.0,"N MALAHÁ, LA.GR",30/07/199715:38:28-3.721737.11,-1.0,3.3063000000000002,1997.5771279807204
4773,17804,04/08/1997,14:00:37,36.655,-3.0267,6.0,,3.1,2.0,S ADRA.AL,04/08/199714:00:37-3.026736.655,-1.0,3.3063000000000002,1997.5906404426687
4781,17863,22/08/1997,21:47:56,37.2667,-3.5833,46.0,,3.2,2.0,SW COGOLLOS DE LA VEGA.GR,22/08/199721:47:56-3.583337.2667,-1.0,3.4036,1997.6408446220194
4796,17944,23/09/1997,12:40:27,37.0833,-3.69,4.0,II,3.1,2.0,"SE MALAHÁ, LA.GR",23/09/199712:40:27-3.6937.0833,2.0,3.3063000000000002,1997.727474219939
4805,17986,11/10/1997,02:39:11,39.3483,0.1367,17.0,,3.1,2.0,GOLFO DE VALENCIA,11/10/199702:39:110.136739.3483,-1.0,3.3063000000000002,1997.7756453259767
4808,18007,16/10/1997,00:41:39,37.6367,-3.5433,18.0,,3.1,2.0,SE CAMBIL.J,16/10/199700:41:39-3.543337.6367,-1.0,3.3063000000000002,1997.7891203386605
4811,18025,25/10/1997,17:58:56,37.645,-2.205,1.0,,3.1,2.0,NE CHIRIVEL.AL,25/10/199717:58:56-2.20537.645,-1.0,3.3063000000000002,1997.8157513952308
4820,74378,10/11/1997,17:09:22,37.8508,-1.2859,5.0,IV,3.0,4.0,SE LIBRILLA.MU,10/11/199717:09:22-1.285937.8508,4.0,3.184,1997.859492706748
4937,89917,06/04/1998,00:11:17,37.0207,-1.7179,5.4,III,3.7,2.0,MEDITERRÁNEO-CABO DE PALOS,06/04/199800:11:17-1.717937.0207,3.0,3.8901000000000003,1998.2602954401318
4948,94055,19/04/1998,09:13:28,37.0369,-2.3678,9.9,II-III,3.2,2.0,SE TABERNAS.AL,19/04/199809:13:28-2.367837.0369,2.5,3.4036,1998.296943429731
4956,95537,27/04/1998,22:34:24,37.7476,-3.1003,5.0,,3.1,2.0,SW HUESA.J,27/04/199822:34:24-3.100337.7476,-1.0,3.3063000000000002,1998.3203850837137
4970,96736,09/05/1998,16:27:52,38.2546,-1.7171,2.0,III,3.3,2.0,NW CALASPARRA.MU,09/05/199816:27:52-1.717138.2546,3.0,3.5008999999999997,1998.3525644342974
4979,97851,16/05/1998,21:02:57,37.2854,-1.9706,0.0,III,3.2,2.0,NW ANTAS.AL,16/05/199821:02:57-1.970637.2854,3.0,3.4036,1998.3722658866059
5006,100858,05/06/1998,19:07:08,37.1624,-3.6195,0.0,III,3.1,2.0,NE ARMILLA.GR,05/06/199819:07:08-3.619537.1624,3.0,3.3063000000000002,1998.4268400558092
5112,114896,08/10/1998,21:47:33,36.6939,-2.8241,0.0,III,3.1,2.0,S EL EJIDO.AL,08/10/199821:47:33-2.824136.6939,3.0,3.3063000000000002,1998.7696110159818
5121,115624,16/10/1998,09:46:47,36.9441,-2.6444,0.0,IV,3.5,2.0,SW ALICÚN.AL,16/10/199809:46:47-2.644436.9441,4.0,3.6955,1998.7901575025369
5145,117578,06/11/1998,09:34:59,38.2603,-0.2404,6.0,II-III,4.2,3.0,MEDITERRÁNEO-CABO DE PALOS,06/11/199809:34:59-0.240438.2603,2.5,3.5666000000000007,1998.8476692985794
5158,118469,14/11/1998,03:09:47,38.2458,-0.2668,7.5,II-III,3.3,2.0,MEDITERRÁNEO-CABO DE PALOS,14/11/199803:09:47-0.266838.2458,2.5,3.5008999999999997,1998.8688542300863
5171,119000,18/11/1998,23:18:11,36.9678,-3.7792,2.7,IV,3.8,2.0,NE JAYENA.GR,18/11/199823:18:11-3.779236.9678,4.0,3.9873999999999996,1998.8821122209538
5205,123169,05/01/1999,19:20:41,36.7262,-1.767,11.0,,3.2,2.0,MEDITERRÁNEO-CABO DE PALOS,05/01/199919:20:41-1.76736.7262,-1.0,3.4036,1999.0131672057332
5227,125269,27/01/1999,13:44:41,38.991,-0.1249,4.7,IV,3.8,3.0,NE DAIMÚS.V,27/01/199913:44:41-0.124938.991,4.0,3.0814,1999.0728019089295
5230,125865,02/02/1999,13:22:50,38.0534,-1.4649,6.7,II-III,3.5,2.0,NE MULA.MU,02/02/199913:22:50-1.464938.0534,2.5,3.6955,1999.0891986935567
5231,125805,02/02/1999,13:45:17,38.0963,-1.5014,1.1,VI,4.7,2.0,N MULA.MU,02/02/199913:45:17-1.501438.0963,6.0,4.8631,1999.0892414066464
5235,125882,02/02/1999,17:13:17,38.0851,-1.5146,6.0,II-III,3.3,2.0,NW MULA.MU,02/02/199917:13:17-1.514638.0851,2.5,3.5008999999999997,1999.0896371448503
5244,125930,03/02/1999,02:02:29,38.0637,-1.5202,3.3,III,3.6,2.0,NW MULA.MU,03/02/199902:02:29-1.520238.0637,3.0,3.7928,1999.0906439941655
5261,126873,11/02/1999,05:43:38,37.0626,-3.6857,0.0,II-III,3.2,2.0,SE LA MALAHÁ.GR,11/02/199905:43:38-3.685737.0626,2.5,3.4036,1999.1129825596145
5325,133839,13/04/1999,21:20:35,37.4133,-2.3196,0.0,II-III,3.3,2.0,NE URRÁCAL.AL,13/04/199921:20:35-2.319637.4133,2.5,3.5008999999999997,1999.2818884766616
5328,134373,16/04/1999,22:10:09,37.2231,-1.863,4.1,II-III,3.1,2.0,S VERA.AL,16/04/199922:10:09-1.86337.2231,2.5,3.3063000000000002,1999.2902019596652
5337,135550,26/04/1999,23:08:45,37.5951,-2.2031,11.2,II-III,3.3,2.0,E CHIRIVEL.AL,26/04/199923:08:45-2.203137.5951,2.5,3.5008999999999997,1999.3177107115678
5378,141839,07/06/1999,10:03:13,37.2409,-3.7013,0.0,IV,3.6,2.0,NW ATARFE.GR,07/06/199910:03:13-3.701337.2409,4.0,3.7928,1999.4312846588027
5384,142995,14/06/1999,21:18:30,37.3955,-2.1454,0.0,IV-V,3.6,2.0,N ALBOX.AL,14/06/199921:18:30-2.145437.3955,4.5,3.7928,1999.4517475266362
5432,149083,29/07/1999,17:34:37,37.1469,-2.7271,0.0,II,3.3,2.0,NW DOÑA MARÍA OCAÑA.AL,29/07/199917:34:37-2.727137.1469,2.0,3.5008999999999997,1999.5746092402335
5450,150806,14/08/1999,06:57:02,38.1676,-1.6905,2.9,V,3.6,2.0,S CALASPARRA.MU,14/08/199906:57:02-1.690538.1676,5.0,3.7928,1999.6172317985795
5534,163783,12/11/1999,20:41:45,38.434,-0.8338,5.6,IV,3.6,2.0,SE MONÓVAR/MONÒVER.A,12/11/199920:41:45-0.833838.434,4.0,3.7928,1999.8653762366819
5556,170009,15/12/1999,13:29:14,37.6304,-2.1702,2.0,,3.3,2.0,W VÉLEZ-RUBIO.AL,15/12/199913:29:14-2.170237.6304,-1.0,3.5008999999999997,1999.9549642947743
5632,190361,19/02/2000,20:05:10,36.8371,-3.09,10.2,II,3.1,2.0,SW TURÓN.GR,19/02/200020:05:10-3.0936.8371,2.0,3.3063000000000002,2000.1361664516292
5688,198331,02/04/2000,06:26:34,38.1609,0.1186,10.0,II,3.3,2.0,MEDITERRÁNEO-CABO DE PALOS,02/04/200006:26:340.118638.1609,2.0,3.5008999999999997,2000.2520995876341
5710,201667,22/04/2000,17:30:10,38.0256,-0.9159,9.9,IV-V,3.3,2.0,SW BIGASTRO.A,22/04/200017:30:10-0.915938.0256,4.5,3.5008999999999997,2000.3080035038454
5726,204776,16/05/2000,05:08:01,37.4994,-3.7632,24.9,,3.2,2.0,E FRAILES.J,16/05/200005:08:01-3.763237.4994,-1.0,3.4036,2000.372169126948
5797,214055,17/07/2000,15:43:20,36.9712,-3.9079,2.1,II,3.2,2.0,NW ARENAS DEL REY.GR,17/07/200015:43:20-3.907936.9712,2.0,3.4036,2000.542773477029
5820,215935,26/07/2000,14:00:22,36.7529,-3.0233,0.6,IV,3.2,2.0,NW ADRA.AL,26/07/200014:00:22-3.023336.7529,4.0,3.4036,2000.567168273123
5831,216984,02/08/2000,09:01:38,37.6444,-1.7649,4.6,IV,3.7,2.0,SW LORCA.MU,02/08/200009:01:38-1.764937.6444,4.0,3.8901000000000003,2000.585727142785
5847,220513,23/08/2000,13:02:26,37.6358,-1.7722,0.0,V,3.8,2.0,SW LORCA.MU,23/08/200013:02:26-1.772237.6358,5.0,3.9873999999999996,2000.6435610832827
5888,226919,28/09/2000,11:49:50,37.3667,-1.8497,9.4,III,3.1,2.0,NE CUEVAS DEL ALMANZORA.AL,28/09/200011:49:50-1.849737.3667,3.0,3.3063000000000002,2000.741783988565
5937,233267,05/11/2000,07:04:53,36.6565,-3.2471,0.0,,3.1,2.0,S SORVILÁN.GR,05/11/200007:04:53-3.247136.6565,-1.0,3.3063000000000002,2000.8450684641266
5951,334640,09/11/2000,20:58:10,37.7897,-3.1516,10.5,II,3.4,2.0,NE LARVA.J,09/11/200020:58:10-3.151637.7897,2.0,3.5982,2000.8575784886661
5975,237674,02/12/2000,04:23:39,36.9967,-3.706,2.9,IV,3.2,2.0,SW PADUL.GR,02/12/200004:23:39-3.70636.9967,4.0,3.4036,2000.9185330335458
6026,241770,07/01/2001,00:03:10,39.1056,-2.6468,3.0,II,3.1,2.0,NW MUNERA.AB,07/01/200100:03:10-2.646839.1056,2.0,3.3063000000000002,2001.016444381025
6030,241855,07/01/2001,14:10:11,37.5302,-2.5179,3.5,,3.1,2.0,SE CÚLLAR.GR,07/01/200114:10:11-2.517937.5302,-1.0,3.3063000000000002,2001.0180559043633
6058,242988,16/01/2001,04:33:52,36.7166,-3.1978,0.0,IV,3.3,2.0,S ALBUÑOL.GR,16/01/200104:33:52-3.197836.7166,4.0,3.5008999999999997,2001.0416169457128
6102,346319,04/02/2001,09:17:40,36.7899,-3.1667,0.0,III,3.1,2.0,E ALBUÑOL.GR,04/02/200109:17:40-3.166736.7899,3.0,3.3063000000000002,2001.0942116945712
6112,246023,05/02/2001,00:18:05,38.133,-2.7328,1.8,II-III,3.4,2.0,S HORNOS.J,05/02/200100:18:05-2.732838.133,2.5,3.5982,2001.0959248160832
6127,247708,18/02/2001,09:51:03,38.2214,-0.5297,7.0,III,3.2,2.0,NE SANTA POLA.A,18/02/200109:51:03-0.529738.2214,3.0,3.4036,2001.1326313736681
6185,252433,18/03/2001,17:00:06,37.8645,-1.3306,3.1,III,3.1,2.0,SE LIBRILLA.MU,18/03/200117:00:06-1.330637.8645,3.0,3.3063000000000002,2001.2101600076103
6252,259433,05/05/2001,03:59:16,38.2981,-0.9191,5.6,IV,3.1,2.0,NE HONDÓN DE LOS FRAILES.A,05/05/200103:59:16-0.919138.2981,4.0,3.3063000000000002,2001.340181253171
6282,262257,22/05/2001,03:36:30,37.0102,-3.8347,2.9,IV,3.5,2.0,SW AGRÓN.GR,22/05/200103:36:30-3.834737.0102,4.0,3.6955,2001.3867132800608
6324,269062,21/06/2001,14:12:40,37.9644,-1.4695,6.0,IV,3.6,2.0,SE PLIEGO.MU,21/06/200114:12:40-1.469537.9644,4.0,3.7928,2001.4701154236427
6329,270110,24/06/2001,04:26:52,37.7438,-3.8418,10.7,III,3.7,2.0,SW JAÉN.J,24/06/200104:26:52-3.841837.7438,3.0,3.8901000000000003,2001.4772200659563
6331,270273,24/06/2001,10:50:07,37.7394,-3.8247,7.3,,3.3,2.0,SW JAÉN.J,24/06/200110:50:07-3.824737.7394,-1.0,3.5008999999999997,2001.4779492326231
6370,275222,16/07/2001,20:15:46,38.137,-2.3193,0.4,IV,3.5,2.0,SW NERPIO.AB,16/07/200120:15:46-2.319338.137,4.0,3.6955,2001.539299403856
6372,275242,17/07/2001,01:04:53,38.1234,-2.3317,2.7,III-IV,3.2,2.0,SW NERPIO.AB,17/07/200101:04:53-2.331738.1234,3.5,3.4036,2001.5398494736176
6455,285662,19/09/2001,01:25:44,36.895,-2.0669,0.0,IV,3.7,2.0,SE NÍJAR.AL,19/09/200101:25:44-2.066936.895,4.0,3.8901000000000003,2001.7152316083207
6465,286379,23/09/2001,04:33:49,38.8492,-0.1076,9.9,V,3.8,2.0,NE PEGO.A,23/09/200104:33:49-0.107638.8492,5.0,3.9873999999999996,2001.7265483574329
6470,286418,23/09/2001,10:04:42,38.8281,-0.1147,10.3,III,3.2,2.0,S PEGO.A,23/09/200110:04:42-0.114738.8281,3.0,3.4036,2001.727177891933
6475,286475,23/09/2001,19:46:23,38.849,-0.1283,4.5,III-IV,3.3,2.0,E ADSUBIA.A,23/09/200119:46:23-0.128338.849,3.5,3.5008999999999997,2001.728284595383
6488,288286,05/10/2001,00:50:10,38.8565,-0.1409,4.0,IV,3.3,2.0,NE ADSUBIA.A,05/10/200100:50:10-0.140938.8565,4.0,3.5008999999999997,2001.758999556063
6542,296575,06/12/2001,13:24:13,37.9642,0.4617,3.6,II,3.3,2.0,MEDITERRÁNEO-CABO DE PALOS,06/12/200113:24:130.461737.9642,2.0,3.5008999999999997,2001.9302972158803
6556,298338,17/12/2001,09:48:47,37.6262,-3.6727,11.5,,3.2,2.0,SW CARCHELEJO.J,17/12/200109:48:47-3.672737.6262,-1.0,3.4036,2001.9600243214104
6557,298478,17/12/2001,19:17:26,36.6192,-2.4125,7.4,,3.2,2.0,ALBORÁN NORTE,17/12/200119:17:26-2.412536.6192,-1.0,3.4036,2001.9611062278032
6604,303552,19/01/2002,19:24:07,36.7165,-2.8435,0.0,III,3.4,2.0,SW EL EJIDO.AL,19/01/200219:24:07-2.843536.7165,3.0,3.5982,2002.0515299023339
6624,305034,26/01/2002,16:47:46,39.1935,-3.8582,21.2,II,3.1,2.0,N MALAGÓN.CR,26/01/200216:47:46-3.858239.1935,2.0,3.3063000000000002,2002.070410514967
6638,349974,04/02/2002,20:09:30,37.0931,-2.5379,0.8,V,4.6,5.0,S GÉRGAL.AL,04/02/200220:09:30-2.537937.0931,5.0,4.6,2002.0954518645358
6668,308238,05/02/2002,12:41:17,37.0622,-2.5556,10.5,II-III,3.1,2.0,NE SANTA CRUZ DE MARCHENA.AL,05/02/200212:41:17-2.555637.0622,2.5,3.3063000000000002,2002.0973388191273
6797,328957,01/05/2002,04:59:27,37.0178,-3.6902,0.0,IV,3.1,4.0,W PADUL.GR,01/05/200204:59:27-3.690237.0178,4.0,3.2676000000000003,2002.3293368531201
6896,336090,23/06/2002,03:17:38,36.6895,-3.2105,0.0,IV,3.0,4.0,S ALBUÑOL.GR,23/06/200203:17:38-3.210536.6895,4.0,3.184,2002.474348617453
6974,341687,06/08/2002,06:16:19,37.8925,-1.8353,1.2,V,5.0,5.0,SW BULLAS.MU,06/08/200206:16:19-1.835337.8925,5.0,5.0,2002.5952365233384
7016,359525,06/08/2002,10:14:58,37.92,-1.8114,0.0,,3.0,4.0,SW BULLAS.MU,06/08/200210:14:58-1.811437.92,-1.0,3.184,2002.5956905758499
7023,341839,06/08/2002,11:55:16,37.8992,-1.8263,3.8,,3.9,5.0,SW BULLAS.MU,06/08/200211:55:16-1.826337.8992,-1.0,3.9,2002.595881405378
7082,342068,07/08/2002,00:43:56,37.8465,-1.8213,10.6,III,3.0,4.0,NW LORCA.MU,07/08/200200:43:56-1.821337.8465,3.0,3.184,2002.5973438609842
7137,342432,07/08/2002,23:09:07,37.865,-1.8427,0.5,IV,3.9,5.0,NW LORCA.MU,07/08/200223:09:07-1.842737.865,4.0,3.9,2002.599903190005
7280,346089,03/09/2002,08:19:37,37.3416,-2.4097,10.3,,3.0,4.0,S ARMUÑA DE ALMANZORA.AL,03/09/200208:19:37-2.409737.3416,-1.0,3.184,2002.6721834411467
7485,363457,07/02/2003,16:47:05,38.2873,-0.7906,14.6,II,3.0,4.0,NE CREVILLENT.A,07/02/200316:47:05-0.790638.2873,2.0,3.184,2003.1032859271943
7601,374909,09/04/2003,05:48:51,37.874,-1.8288,2.6,IV,3.0,4.0,SW BULLAS.MU,09/04/200305:48:51-1.828837.874,4.0,3.184,2003.269156868341
7709,393204,20/06/2003,14:43:53,37.9798,-0.5827,9.9,V,3.9,4.0,E TORREVIEJA.A,20/06/200314:43:53-0.582737.9798,5.0,3.9364,2003.467435090056
7775,401168,20/07/2003,13:12:05,37.9795,0.6127,13.2,,3.0,4.0,MEDITERRÁNEO-CABO DE PALOS,20/07/200313:12:050.612737.9795,-1.0,3.184,2003.5494522133436
7850,412112,31/08/2003,19:04:28,36.8272,0.5599,0.0,,3.7,3.0,MEDITERRÁNEO-ARGELIA,31/08/200319:04:280.559936.8272,-1.0,2.9601,2003.665191146626
7872,414415,10/09/2003,20:22:47,37.1189,-3.7966,2.8,IV,3.6,4.0,SE CHIMENEAS.GR,10/09/200320:22:47-3.796637.1189,4.0,3.6856,2003.6927374112126
7873,414445,10/09/2003,23:04:16,38.0119,0.0711,9.4,,3.3,4.0,MEDITERRÁNEO-CABO DE PALOS,10/09/200323:04:160.071138.0119,-1.0,3.4348,2003.693044647387
7885,415715,16/09/2003,11:02:48,39.4118,-0.001,9.6,IV,4.2,4.0,GOLFO DE VALENCIA,16/09/200311:02:48-0.00139.4118,4.0,4.1872,2003.7081103500761
7893,415964,16/09/2003,20:19:49,39.3934,0.0095,7.1,II-III,3.0,4.0,GOLFO DE VALENCIA,16/09/200320:19:490.009539.3934,2.5,3.184,2003.709170123034
7921,418064,21/09/2003,09:58:55,39.3957,0.0225,9.8,III-IV,4.3,4.0,GOLFO DE VALENCIA,21/09/200309:58:550.022539.3957,3.5,4.2707999999999995,2003.7216874365804
7927,418106,21/09/2003,10:34:16,39.4181,-0.0127,10.0,IV,4.2,5.0,GOLFO DE VALENCIA,21/09/200310:34:16-0.012739.4181,4.0,4.2,2003.7217546930492
8055,430359,30/10/2003,01:12:03,37.7648,-2.0781,0.0,,3.1,4.0,N VÉLEZ-BLANCO.AL,30/10/200301:12:03-2.078137.7648,-1.0,3.2676000000000003,2003.8275343417047
8080,435682,16/11/2003,21:36:13,37.5719,-2.7094,0.0,IV,4.0,5.0,SW BENAMAUREL.GR,16/11/200321:36:13-2.709437.5719,4.0,4.0,2003.8764387683916
8312,477484,16/04/2004,19:23:25,37.6978,-1.4089,3.6,IV,3.8,4.0,SE TOTANA.MU,16/04/200419:23:25-1.408937.6978,4.0,3.8528,2004.2918249405484
8422,500566,19/07/2004,09:17:20,37.7663,-1.541,14.4,III,3.0,4.0,W TOTANA.MU,19/07/200409:17:20-1.54137.7663,3.0,3.184,2004.547505565675
8455,505176,11/08/2004,01:18:23,36.5061,-3.5025,0.5,III,3.2,4.0,ALBORÁN NORTE,11/08/200401:18:23-3.502536.5061,3.0,3.3512000000000004,2004.609438341176
8542,520130,06/11/2004,13:24:26,36.7577,-3.3044,0.0,IV,3.5,4.0,S LA MAMOLA.GR,06/11/200413:24:26-3.304436.7577,4.0,3.602,2004.848520858632
8612,534389,12/01/2005,19:13:03,38.8357,-0.5496,2.1,III,3.0,4.0,N AGULLENT.V,12/01/200519:13:03-0.549638.8357,3.0,3.184,2005.0323307648403
8625,538585,29/01/2005,07:41:32,37.8535,-1.7555,10.9,VII,4.8,5.0,NW ALEDO.MU,29/01/200507:41:32-1.755537.8535,7.0,4.8,2005.0775904363268
8635,538650,29/01/2005,08:10:58,37.8402,-1.7583,10.7,,3.4,4.0,W ALEDO.MU,29/01/200508:10:58-1.758337.8402,-1.0,3.5183999999999997,2005.0776464358194
8743,540163,01/02/2005,16:00:46,37.8619,-1.7763,5.0,III,3.0,4.0,NW ALEDO.MU,01/02/200516:00:46-1.776337.8619,3.0,3.184,2005.086759449518
8749,540242,01/02/2005,23:53:56,37.9521,-1.7261,10.6,III,3.4,4.0,SW BULLAS.MU,01/02/200523:53:56-1.726137.9521,3.0,3.5183999999999997,2005.0876596905125
8761,540741,03/02/2005,11:40:33,37.8349,-1.7864,6.4,IV-V,4.3,5.0,NW LORCA.MU,03/02/200511:40:33-1.786437.8349,4.5,4.3,2005.0917438165905
8763,540919,03/02/2005,11:44:36,37.8551,-1.7978,4.0,,3.2,4.0,NW ALEDO.MU,03/02/200511:44:36-1.797837.8551,-1.0,3.3512000000000004,2005.0917515220701
8848,541456,04/02/2005,01:09:41,37.8325,-1.8135,3.0,III-IV,3.5,4.0,NW LORCA.MU,04/02/200501:09:41-1.813537.8325,3.5,3.602,2005.0932832635717
8849,541464,04/02/2005,01:14:14,37.8756,-1.8071,0.0,III,3.1,4.0,NW ALEDO.MU,04/02/200501:14:14-1.807137.8756,3.0,3.2676000000000003,2005.093291920345
8941,542560,05/02/2005,17:16:10,37.8669,-1.7996,0.0,III,3.1,4.0,NW ALEDO.MU,05/02/200517:16:10-1.799637.8669,3.0,3.2676000000000003,2005.0978618087265
9080,545449,14/02/2005,08:04:37,37.4858,-3.3781,11.2,,3.4,4.0,SW TORRE-CARDELA.GR,14/02/200508:04:37-3.378137.4858,-1.0,3.5183999999999997,2005.121469970827
9242,564209,21/04/2005,16:12:27,36.5147,-3.1537,4.5,,3.3,4.0,ALBORÁN NORTE,21/04/200516:12:27-3.153736.5147,-1.0,3.4348,2005.3032200342466
9345,584401,30/06/2005,01:19:22,36.6484,-1.5419,11.1,II,3.8,5.0,MEDITERRÁNEO-CABO DE PALOS,30/06/200501:19:22-1.541936.6484,2.0,3.8,2005.4933016869609
9377,590126,20/07/2005,19:54:07,36.9708,0.6587,14.5,,3.6,5.0,MEDITERRÁNEO-ARGELIA,20/07/200519:54:070.658736.9708,-1.0,3.6,2005.5502171169458
9383,591326,26/07/2005,05:10:21,37.6919,-2.5508,10.3,,3.2,4.0,S GALERA.GR,26/07/200505:10:21-2.550837.6919,-1.0,3.3512000000000004,2005.5649740296803
9416,595136,12/08/2005,12:27:38,37.2376,-3.6496,33.4,,3.0,4.0,NE ALBOLOTE.GR,12/08/200512:27:38-3.649637.2376,-1.0,3.184,2005.6123813419583
9483,600880,06/09/2005,22:14:40,36.9931,-2.4393,0.0,IV,3.3,4.0,NE RIOJA.AL,06/09/200522:14:40-2.439336.9931,4.0,3.4348,2005.6819913749366
9565,611975,29/10/2005,03:04:39,37.7332,-1.3335,10.7,IV,3.2,4.0,W FUENTE ÁLAMO DE MURCIA.MU,29/10/200503:04:39-1.333537.7332,4.0,3.3512000000000004,2005.825008847032
9725,635426,25/02/2006,12:26:28,38.2452,-1.3325,0.0,III,3.1,4.0,NE ABARÁN.MU,25/02/200612:26:28-1.332538.2452,3.0,3.2676000000000003,2006.1521051496702
9732,638605,08/03/2006,09:04:14,37.7135,-1.6164,6.0,IV,3.3,4.0,NE LORCA.MU,08/03/200609:04:14-1.616437.7135,4.0,3.4348,2006.1818573693556
9745,643213,23/03/2006,23:35:30,39.0877,-2.515,9.9,III,3.1,4.0,NW MUNERA.AB,23/03/200623:35:30-2.51539.0877,3.0,3.2676000000000003,2006.2246109208525
9751,646406,05/04/2006,17:22:00,38.162,-1.0824,10.6,IV,3.7,5.0,SE FORTUNA.MU,05/04/200617:22:00-1.082438.162,4.0,3.7,2006.25951674277
9826,665382,08/06/2006,07:53:57,39.0967,-2.6422,10.7,,3.1,4.0,NW MUNERA.AB,08/06/200607:53:57-2.642239.0967,-1.0,3.2676000000000003,2006.4337784436834
10166,714240,04/01/2007,23:32:32,37.2008,-3.7447,0.0,V,3.8,5.0,E CHAUCHINA.GR,04/01/200723:32:32-3.744737.2008,5.0,3.8,2007.0109066463724
10394,760394,09/06/2007,07:15:16,37.057,-3.6294,0.0,IV,3.3,5.0,SW DÍLAR.GR,09/06/200707:15:16-3.629437.057,4.0,3.3,2007.4364445712836
10465,780720,12/08/2007,07:47:05,39.3743,-2.9894,16.4,V,4.7,5.0,SW PEDRO MUÑOZ.CR,12/08/200707:47:05-2.989439.3743,5.0,4.7,2007.61184757103
10490,780847,12/08/2007,09:07:44,39.3811,-2.9542,11.0,,3.0,4.0,SW PEDRO MUÑOZ.CR,12/08/200709:07:44-2.954239.3811,-1.0,3.184,2007.6120010147133
10512,781009,12/08/2007,11:27:48,39.3307,-2.9872,10.8,,3.0,4.0,NE ARENALES DE SAN GREGORIO.CR,12/08/200711:27:48-2.987239.3307,-1.0,3.184,2007.6122675038052
10539,781327,12/08/2007,19:07:18,39.3742,-2.9798,7.6,,3.3,4.0,SW PEDRO MUÑOZ.CR,12/08/200719:07:18-2.979839.3742,-1.0,3.4348,2007.6131417427703
10571,781742,13/08/2007,14:09:15,39.3324,-3.0002,6.7,,3.0,4.0,NE ARENALES DE SAN GREGORIO.CR,13/08/200714:09:15-3.000239.3324,-1.0,3.184,2007.6153144025875
10650,785303,24/08/2007,02:38:00,39.3332,-3.0175,10.4,III,3.0,4.0,NE ARENALES DE SAN GREGORIO.CR,24/08/200702:38:00-3.017539.3332,3.0,3.184,2007.6441362252663
10675,788490,03/09/2007,13:21:17,37.2902,-1.8393,11.4,IV,3.1,4.0,E CUEVAS DEL ALMANZORA.AL,03/09/200713:21:17-1.839337.2902,4.0,3.2676000000000003,2007.6727573883816
10738,798397,04/10/2007,23:46:40,39.3207,-3.0034,10.4,III,3.0,4.0,NE ARENALES DE SAN GREGORIO.CR,04/10/200723:46:40-3.003439.3207,3.0,3.184,2007.7588787417556
10841,810329,27/11/2007,12:50:46,37.7527,-1.565,0.0,IV,3.0,4.0,S ALEDO.MU,27/11/200712:50:46-1.56537.7527,4.0,3.184,2007.905576040081
10960,821174,06/02/2008,17:53:00,36.8928,-2.1944,10.0,V,4.3,5.0,S NÍJAR.AL,06/02/200817:53:00-2.194436.8928,5.0,4.3,2008.1003965543412
11011,827474,02/03/2008,04:03:52,37.938,-0.8881,11.9,IV-V,3.2,4.0,SW SAN MIGUEL DE SALINAS.A,02/03/200804:03:52-0.888137.938,4.5,3.3512000000000004,2008.1671293766444
11114,838804,30/04/2008,22:30:40,38.1549,-1.7084,1.9,IV,3.3,5.0,S CALASPARRA.MU,30/04/200822:30:40-1.708438.1549,4.0,3.3,2008.330431592795
11209,849474,15/06/2008,20:55:24,39.0177,-0.4179,4.1,IV,3.3,4.0,SW BARXETA.V,15/06/200820:55:24-0.417939.0177,4.0,3.4348,2008.4559338949605
11245,854143,05/07/2008,09:25:27,36.9869,-2.478,0.0,III,3.2,4.0,NE GÁDOR.AL,05/07/200809:25:27-2.47836.9869,3.0,3.3512000000000004,2008.5092696000304
11277,857264,21/07/2008,02:30:03,39.013,-0.433,0.0,V,3.6,5.0,SW BARXETA.V,21/07/200802:30:03-0.43339.013,5.0,3.6,2008.5521972715544
11280,857479,22/07/2008,02:31:04,37.8392,-1.4423,4.6,IV,3.1,4.0,SW ALHAMA DE MURCIA.MU,22/07/200802:31:04-1.442337.8392,4.0,3.2676000000000003,2008.5549314410039
11305,860831,05/08/2008,22:41:21,38.0544,-0.7809,7.4,V,3.4,4.0,SE ALGORFA.A,05/08/200822:41:21-0.780938.0544,5.0,3.5183999999999997,2008.5954791856407
11332,862576,15/08/2008,10:07:08,37.7646,-1.5781,0.1,III,3.3,4.0,S ALEDO.MU,15/08/200810:07:08-1.578137.7646,3.0,3.4348,2008.62137054746
11403,868056,14/09/2008,14:03:40,38.2696,-0.8912,10.6,IV,3.6,5.0,E HONDÓN DE LOS FRAILES.A,14/09/200814:03:40-0.891238.2696,4.0,3.6,2008.703786556365
11851,907650,15/04/2009,15:42:25,38.2408,-1.1605,10.3,IV,3.8,5.0,NW FORTUNA.MU,15/04/200915:42:25-1.160538.2408,4.0,3.8,2009.2867245370371
11882,910404,02/05/2009,00:48:41,36.9038,-2.3101,10.7,III,3.0,4.0,E VIATOR.AL,02/05/200900:48:41-2.310136.9038,3.0,3.184,2009.3315994736174
11908,913360,18/05/2009,23:36:26,37.723,-1.6383,0.0,IV,3.1,4.0,NE LORCA.MU,18/05/200923:36:26-1.638337.723,4.0,3.2676000000000003,2009.378037354135
11922,915333,29/05/2009,00:41:27,38.4714,-1.2664,0.0,IV,3.0,4.0,E JUMILLA.MU,29/05/200900:41:27-1.266438.4714,4.0,3.184,2009.4055583143074
12116,945126,29/09/2009,20:44:54,39.0661,-0.0706,11.3,IV,3.4,4.0,NE DAIMÚS.V,29/09/200920:44:54-0.070639.0661,4.0,3.5183999999999997,2009.7448342846271
12169,955833,05/11/2009,05:39:55,37.0517,-3.8217,10.4,IV,3.9,5.0,S VENTAS DE HUELMA.GR,05/11/200905:39:55-3.821737.0517,4.0,3.9,2009.8444823376458
12301,971688,13/02/2010,22:16:56,38.3238,-3.1874,10.7,III,3.1,4.0,W MONTIZÓN.J,13/02/201022:16:56-3.187438.3238,3.0,3.2676000000000003,2010.1203518518519
12379,980035,04/04/2010,23:13:52,38.2321,-3.479,10.8,III,3.2,4.0,NE VILCHES.J,04/04/201023:13:52-3.47938.2321,3.0,3.3512000000000004,2010.2574464738711
12395,981425,11/04/2010,22:08:11,36.9684,-3.5369,623.1,II,6.2,5.0,S NIGÜELAS.GR,11/04/201022:08:11-3.536936.9684,2.0,6.2,2010.2764995877726
12652,1001549,05/07/2010,10:41:10,36.5623,-2.3292,10.3,IV,4.3,5.0,ALBORÁN NORTE,05/07/201010:41:10-2.329236.5623,4.0,4.3,2010.508069190766
12690,1002028,06/07/2010,14:45:23,36.578,-2.3347,10.0,IV,3.4,4.0,ALBORÁN NORTE,06/07/201014:45:23-2.334736.578,4.0,3.5183999999999997,2010.5112735603755
12708,1002168,06/07/2010,20:38:17,36.5687,-2.3364,5.0,II,3.1,4.0,ALBORÁN NORTE,06/07/201020:38:17-2.336436.5687,2.0,3.2676000000000003,2010.5119449835108
12745,1003180,10/07/2010,19:21:01,36.5553,-2.3466,3.0,II,3.2,4.0,ALBORÁN NORTE,10/07/201019:21:01-2.346636.5553,2.0,3.3512000000000004,2010.5227568810249
12777,1005590,21/07/2010,00:01:05,36.8336,-2.3742,2.2,IV,3.1,4.0,SE VIATOR.AL,21/07/201000:01:05-2.374236.8336,4.0,3.2676000000000003,2010.5506869926433
12933,1022818,12/10/2010,07:20:50,36.6874,-2.676,6.0,III,3.2,4.0,S LA MOJONERA.AL,12/10/201007:20:50-2.67636.6874,3.0,3.3512000000000004,2010.7789209157788
12976,1027066,04/11/2010,05:10:20,36.6856,-2.6511,2.8,V,3.6,5.0,SE LA MOJONERA.AL,04/11/201005:10:20-2.651136.6856,5.0,3.6,2010.8416863267378
12979,1027166,04/11/2010,12:02:01,36.7013,-2.6467,4.9,V,4.1,5.0,SE LA MOJONERA.AL,04/11/201012:02:01-2.646736.7013,5.0,4.1,2010.8424695903095
13300,1051815,23/03/2011,10:25:56,37.9716,-0.4675,5.2,III,3.0,4.0,MEDITERRÁNEO-CABO DE PALOS,23/03/201110:25:56-0.467537.9716,3.0,3.184,2011.223108701167
13316,1054802,07/04/2011,15:53:45,37.4972,-2.4415,10.5,IV,3.6,4.0,NW LÚCAR.AL,07/04/201115:53:45-2.441537.4972,4.0,3.6856,2011.2648282914763
13338,1057407,22/04/2011,00:10:15,37.4222,-2.2877,0.0,III,3.0,4.0,W PARTALOA.AL,22/04/201100:10:15-2.287737.4222,3.0,3.184,2011.3041290905633
13364,1060256,11/05/2011,15:05:13,37.7196,-1.7076,1.9,VI,4.5,5.0,N LORCA.MU,11/05/201115:05:13-1.707637.7196,6.0,4.5,2011.3578866374937
13373,1060340,11/05/2011,16:47:26,37.7175,-1.7114,4.0,VII,5.1,5.0,NE LORCA.MU,11/05/201116:47:26-1.711437.7175,7.0,5.1,2011.3580811136478
13388,1060455,11/05/2011,20:37:45,37.7308,-1.7012,4.0,IV,3.9,5.0,N LORCA.MU,11/05/201120:37:45-1.701237.7308,4.0,3.9,2011.3585193112633
13711,1072722,10/07/2011,22:54:21,38.3444,-1.0331,10.8,IV,3.8,5.0,W ALGUEÑA.A,10/07/201122:54:21-1.033138.3444,4.0,3.8,2011.5231627663622
13735,1073822,17/07/2011,05:20:37,37.1508,-3.7625,0.0,III,3.1,4.0,NE CHIMENEAS.GR,17/07/201105:20:37-3.762537.1508,3.0,3.2676000000000003,2011.5403360286657
13825,1088052,26/08/2011,06:48:21,36.5178,-3.646,0.0,III,3.1,4.0,ALBORÁN NORTE,26/08/201106:48:21-3.64636.5178,3.0,3.2676000000000003,2011.6500919901066
13864,1093786,11/09/2011,15:10:17,37.8602,-1.7966,0.0,V,3.1,4.0,NW ALEDO.MU,11/09/201115:10:17-1.796637.8602,5.0,3.2676000000000003,2011.6948825786403
13917,1096395,19/09/2011,11:14:23,36.7343,-3.188,0.0,III,3.3,4.0,S ALBUÑOL.GR,19/09/201111:14:23-3.18836.7343,3.0,3.4348,2011.7163515664638
13957,1101474,02/10/2011,13:11:45,37.8157,-1.7954,10.5,IV,3.5,5.0,NW LORCA.MU,02/10/201113:11:45-1.795437.8157,4.0,3.5,2011.752191305175
13973,1103461,07/10/2011,07:24:04,39.0207,0.1917,11.6,,3.0,4.0,GOLFO DE VALENCIA,07/10/201107:24:040.191739.0207,-1.0,3.184,2011.7652284373414
13984,1105082,13/10/2011,11:15:51,38.0855,0.4958,6.2,,3.7,5.0,MEDITERRÁNEO-CABO DE PALOS,13/10/201111:15:510.495838.0855,-1.0,3.7,2011.782107781583
14008,1107558,24/10/2011,23:35:24,37.3106,-1.9376,11.2,IV,3.7,4.0,W CUEVAS DEL ALMANZORA.AL,24/10/201123:35:24-1.937637.3106,4.0,3.7692,2011.813651826484
14120,1116793,10/12/2011,02:31:56,36.9893,-3.7404,3.7,III,3.0,4.0,SE ESCÚZAR.GR,10/12/201102:31:56-3.740436.9893,3.0,3.184,2011.940015093861
14217,1124344,31/01/2012,14:36:22,37.7808,-3.1149,7.0,IV,4.0,5.0,W HUESA.J,31/01/201214:36:22-3.114937.7808,4.0,4.0,2012.0836300217568
14238,1124947,05/02/2012,04:43:17,38.0442,-0.6648,11.0,IV,3.2,4.0,S GUARDAMAR DEL SEGURA.A,05/02/201204:43:17-0.664838.0442,4.0,3.3512000000000004,2012.0961659140355
14261,1126609,15/02/2012,05:12:41,36.5364,-2.959,8.0,III,3.4,4.0,ALBORÁN NORTE,15/02/201205:12:41-2.95936.5364,3.0,3.5183999999999997,2012.1235441016495
14299,1128763,26/02/2012,15:31:35,37.0618,-3.8963,2.0,IV,3.5,4.0,E CACÍN.GR,26/02/201215:31:35-3.896337.0618,4.0,3.602,2012.1547730406294
14352,1135663,29/03/2012,11:52:47,36.5735,-3.0717,11.0,III,3.4,4.0,ALBORÁN NORTE,29/03/201211:52:47-3.071736.5735,3.0,3.5183999999999997,2012.2417895858632
14591,1147372,07/06/2012,10:27:32,37.3586,-2.0866,0.0,IV,3.5,4.0,NW ARBOLEAS.AL,07/06/201210:27:32-2.086637.3586,4.0,3.602,2012.4328846640356
14620,1149535,19/06/2012,01:28:37,37.0071,-3.8444,0.0,III,3.1,4.0,SW AGRÓN.GR,19/06/201201:28:37-3.844437.0071,3.0,3.2676000000000003,2012.4646490146226
14770,1164077,06/09/2012,04:24:50,36.6047,-2.911,0.0,III,3.3,4.0,ALBORÁN NORTE,06/09/201204:24:50-2.91136.6047,3.0,3.4348,2012.680830360757
14776,1164297,07/09/2012,18:10:52,36.9034,-3.7243,0.0,III,3.0,4.0,NW LENTEGÍ.GR,07/09/201218:10:52-3.724336.9034,3.0,3.184,2012.6851299079133
15088,1177696,09/12/2012,19:12:44,38.0437,-3.2762,4.0,IV,3.2,4.0,NE TORREPEROGIL.J,09/12/201219:12:44-3.276238.0437,4.0,3.3512000000000004,2012.9393456537139
15151,1178790,15/12/2012,16:00:44,38.0579,-3.2815,2.0,IV,3.5,4.0,SE SABIOTE.J,15/12/201216:00:44-3.281538.0579,4.0,3.602,2012.9553747976117
15164,1178826,15/12/2012,18:59:54,38.0389,-3.2878,3.0,V,3.7,4.0,NW TORREPEROGIL.J,15/12/201218:59:54-3.287838.0389,5.0,3.7692,2012.9557147465089
15208,1179079,16/12/2012,04:09:05,38.0472,-3.2885,2.0,IV,3.6,4.0,N TORREPEROGIL.J,16/12/201204:09:05-3.288538.0472,4.0,3.6856,2012.9567567610302
15297,1179441,17/12/2012,05:34:07,38.0458,-3.2831,2.0,V,3.6,4.0,N TORREPEROGIL.J,17/12/201205:34:07-3.283138.0458,5.0,3.6856,2012.959650342795
15300,1179479,17/12/2012,06:00:30,38.062,-3.2852,3.0,IV,3.2,4.0,SE SABIOTE.J,17/12/201206:00:30-3.285238.062,4.0,3.3512000000000004,2012.9597004022464
15309,1179548,17/12/2012,08:11:39,38.0572,-3.2848,3.0,III,3.1,4.0,SE SABIOTE.J,17/12/201208:11:39-3.284838.0572,3.0,3.2676000000000003,2012.9599492448392
15375,1180033,17/12/2012,23:47:04,38.0472,-3.2713,1.0,III,3.0,4.0,NE TORREPEROGIL.J,17/12/201223:47:04-3.271338.0472,3.0,3.184,2012.9617240943128
15391,1180114,18/12/2012,03:32:55,38.0585,-3.2857,2.0,II-III,3.0,4.0,SE SABIOTE.J,18/12/201203:32:55-3.285738.0585,2.5,3.184,2012.962152619662
15492,1180761,19/12/2012,16:24:38,38.052,-3.2634,0.0,III,3.0,4.0,NE TORREPEROGIL.J,19/12/201216:24:38-3.263438.052,3.0,3.184,2012.966349106962
15544,1181043,20/12/2012,13:49:32,38.0373,-3.2776,3.0,III,3.2,4.0,NE TORREPEROGIL.J,20/12/201213:49:32-3.277638.0373,3.0,3.3512000000000004,2012.9687870623357
15867,1182841,29/12/2012,06:54:55,38.0369,-3.2708,2.0,II-III,3.1,4.0,E TORREPEROGIL.J,29/12/201206:54:55-3.270838.0369,2.5,3.2676000000000003,2012.9925905370876
15868,1182805,29/12/2012,06:57:27,38.0452,-3.2771,2.0,IV,3.4,4.0,NE TORREPEROGIL.J,29/12/201206:57:27-3.277138.0452,4.0,3.5183999999999997,2012.992595343807
15962,1183522,31/12/2012,09:40:18,38.024,-3.2912,3.0,IV,3.0,4.0,SW TORREPEROGIL.J,31/12/201209:40:18-3.291238.024,4.0,3.184,2012.9983688145112
16224,1185276,09/01/2013,07:27:50,37.1031,-2.4953,3.0,III,3.4,4.0,SE GÉRGAL.AL,09/01/201307:27:50-2.495337.1031,3.0,3.5183999999999997,2013.0227698503297
16230,1185424,09/01/2013,23:27:31,37.4546,-3.6971,30.0,IV,3.9,4.0,NW BENALÚA DE LAS VILLAS.GR,09/01/201323:27:31-3.697137.4546,4.0,3.9364,2013.024595731862
16259,1185770,12/01/2013,05:27:26,37.7376,-2.1228,11.0,II,3.0,4.0,NE MARÍA.AL,12/01/201305:27:26-2.122837.7376,2.0,3.184,2013.0307599568746
16645,1189089,05/02/2013,15:18:36,38.0464,-3.2903,3.0,IV,3.1,4.0,NW TORREPEROGIL.J,05/02/201315:18:36-3.290338.0464,4.0,3.2676000000000003,2013.0976381278538
16680,1189237,05/02/2013,21:23:48,38.0399,-3.2755,3.0,IV-V,3.7,4.0,NE TORREPEROGIL.J,05/02/201321:23:48-3.275538.0399,4.5,3.7692,2013.0983329528158
16681,1189255,05/02/2013,21:24:12,38.0476,-3.2651,0.0,V,3.9,4.0,NE TORREPEROGIL.J,05/02/201321:24:12-3.265138.0476,5.0,3.9364,2013.098333713851
17044,1194052,25/02/2013,22:49:00,36.7757,-2.8149,0.0,III,,1.0,EJIDO. EL.AL (MACRO),25/02/201322:49:00-2.814936.7757,3.0,3.2910000000000004,2013.1532895738203
17245,1202502,30/03/2013,11:50:09,38.0533,-3.2738,4.0,III,3.1,4.0,NE TORREPEROGIL.J,30/03/201311:50:09-3.273838.0533,3.0,3.2676000000000003,2013.2424470129376
17285,1203931,04/04/2013,02:27:15,37.8193,-1.7883,11.0,IV-V,3.7,5.0,NW LORCA.MU,04/04/201302:27:15-1.788337.8193,4.5,3.7,2013.25507467656
17309,1204594,07/04/2013,05:45:18,37.8201,-1.7832,11.0,III-IV,3.3,4.0,NW LORCA.MU,07/04/201305:45:18-1.783237.8201,3.5,3.4348,2013.2636706621004
17321,1205328,10/04/2013,20:19:01,38.0518,-3.2872,0.0,V,3.3,4.0,N TORREPEROGIL.J,10/04/201320:19:01-3.287238.0518,5.0,3.4348,2013.2735521626078
17467,1214488,26/05/2013,07:52:21,36.8183,-3.0144,6.0,III,3.0,4.0,SW BERJA.AL,26/05/201307:52:21-3.014436.8183,3.0,3.184,2013.3981589611872
17495,1216906,13/06/2013,13:24:24,38.0813,-0.6895,8.0,IV,3.3,4.0,SE ROJALES.A,13/06/201313:24:24-0.689538.0813,4.0,3.4348,2013.4481057838661
17605,1224477,01/08/2013,05:30:36,37.6482,-1.4168,4.0,III,3.0,4.0,NW MAZARRÓN.MU,01/08/201305:30:36-1.416837.6482,3.0,3.184,2013.581450913242
17625,1225988,10/08/2013,13:07:30,37.3886,-2.2552,11.0,III,3.1,4.0,N FINES.AL,10/08/201313:07:30-2.255237.3886,3.0,3.2676000000000003,2013.606977739726
17632,1226135,11/08/2013,12:33:43,36.7612,-3.2463,11.0,II-III,3.2,4.0,SE SORVILÁN.GR,11/08/201312:33:43-3.246336.7612,2.5,3.3512000000000004,2013.609653190005
17792,1241878,19/10/2013,15:54:21,38.0249,-3.2644,3.0,IV,3.6,4.0,SE TORREPEROGIL.J,19/10/201315:54:21-3.264438.0249,4.0,3.6856,2013.7990760083715
17798,1241945,19/10/2013,17:31:54,38.0193,-3.2555,3.0,III,3.1,5.0,SE TORREPEROGIL.J,19/10/201317:31:54-3.255538.0193,3.0,3.1,2013.7992616057838
17852,1243873,31/10/2013,13:49:44,38.0255,-3.2623,3.0,II,3.1,4.0,SE TORREPEROGIL.J,31/10/201313:49:44-3.262338.0255,2.0,3.2676000000000003,2013.8317156265855
17972,1251163,22/12/2013,07:35:49,37.0928,-1.9073,7.0,III,3.0,4.0,S TURRE.AL,22/12/201307:35:49-1.907337.0928,3.0,3.184,2013.973469970827
17990,1252354,29/12/2013,10:50:39,36.6153,-2.9946,0.0,III,3.7,4.0,ALBORÁN NORTE,29/12/201310:50:39-2.994636.6153,3.0,3.7692,2013.993018740487
18129,1259948,24/02/2014,14:24:52,36.5548,-2.8243,4.0,III,4.0,5.0,ALBORÁN NORTE,24/02/201414:24:52-2.824336.5548,3.0,4.0,2014.149590690005
18135,1260328,25/02/2014,15:13:42,38.179,-0.3862,7.0,II,3.4,4.0,MEDITERRÁNEO-LEVANTE SUR,25/02/201415:13:42-0.386238.179,2.0,3.5183999999999997,2014.152423325723
18174,1264788,25/03/2014,00:20:10,36.9191,-3.7164,0.0,IV,3.4,4.0,W ALBUÑUELAS.GR,25/03/201400:20:10-3.716436.9191,4.0,3.5183999999999997,2014.2274356291223
18595,1295292,14/09/2014,03:36:54,37.9679,-3.5798,0.0,V,3.5,5.0,SW LUPIÓN.J,14/09/201403:36:54-3.579837.9679,5.0,3.5,2014.7017825342466
18596,1295320,14/09/2014,04:17:44,37.9525,-3.5728,5.0,III,3.0,4.0,SW BEGÍJAR.J,14/09/201404:17:44-3.572837.9525,3.0,3.184,2014.701860223237
18705,1299806,09/10/2014,19:52:59,36.7022,-2.7028,8.0,III,3.2,4.0,SW LA MOJONERA.AL,09/10/201419:52:59-2.702836.7022,3.0,3.3512000000000004,2014.772132768899
18897,1304366,02/11/2014,00:23:57,36.5257,-2.4902,8.0,III-IV,3.8,4.0,ALBORÁN NORTE,02/11/201400:23:57-2.490236.5257,3.5,3.8528,2014.8356620053273
19023,1309727,10/12/2014,22:55:11,36.594,-2.7887,7.0,III,3.1,4.0,SW LA MOJONERA.AL,10/12/201422:55:11-2.788736.594,3.0,3.2676000000000003,2014.9423424340437
19103,1313233,11/01/2015,06:12:27,38.0207,-0.7096,8.0,IV,3.3,4.0,E LOS MONTESINOS.A,11/01/201506:12:27-0.709638.0207,4.0,3.4348,2015.0281058789953
19207,1318537,23/02/2015,16:16:31,39.0475,-2.6273,17.0,V,4.7,5.0,NE OSSA DE MONTIEL.AB,23/02/201516:16:31-2.627339.0475,5.0,4.7,2015.1470633878741
19397,1323898,01/04/2015,13:32:08,39.3969,-3.8495,8.0,IV,3.8,4.0,W URDA.TO,01/04/201513:32:08-3.849539.3969,4.0,3.8528,2015.2481204972096
19433,1325602,17/04/2015,08:58:27,38.6616,-0.5179,7.0,IV,3.0,4.0,SW ALCOY/ALCOI.A,17/04/201508:58:27-0.517938.6616,4.0,3.184,2015.2914354071538
19644,1338272,30/07/2015,04:23:41,38.3648,-1.2795,5.0,,3.2,4.0,SE JUMILLA.MU,30/07/201504:23:41-1.279538.3648,-1.0,3.3512000000000004,2015.5758441463724
19683,1340481,15/08/2015,22:56:22,36.5989,-2.791,0.0,III,3.2,4.0,S EL EJIDO.AL,15/08/201522:56:22-2.79136.5989,3.0,3.3512000000000004,2015.6217967402333
19710,1341132,21/08/2015,06:11:57,36.5935,-2.7943,0.0,III,3.2,4.0,S EL EJIDO.AL,21/08/201506:11:57-2.794336.5935,3.0,3.3512000000000004,2015.6363241057838
19915,1351973,29/10/2015,18:55:29,37.3592,-2.1183,11.0,IV,3.1,4.0,W ARBOLEAS.AL,29/10/201518:55:29-2.118337.3592,4.0,3.2676000000000003,2015.8268178906646
19939,1352666,05/11/2015,04:16:29,37.1004,-3.6419,0.0,III-IV,3.0,4.0,SE ALHENDÍN.GR,05/11/201504:16:29-3.641937.1004,3.5,3.184,2015.844323598427
19981,1355506,23/11/2015,08:02:11,36.804,-3.1812,7.0,III,3.9,5.0,NE ALBUÑOL.GR,23/11/201508:02:11-3.181236.804,3.0,3.9,2015.8940680809235
20025,1358751,19/12/2015,15:47:51,38.2679,-0.8527,0.0,III,3.6,4.0,NW CREVILLENT.A,19/12/201515:47:51-0.852738.2679,3.0,3.6856,2015.9661869292238
20055,1359598,02/01/2016,18:51:31,37.3524,-2.2295,11.0,III,3.1,4.0,SW CANTORIA.AL,02/01/201618:51:31-2.229537.3524,3.0,3.2676000000000003,2016.0048791679317
20107,1369811,31/01/2016,16:25:27,36.5694,-3.0897,0.0,IV,4.5,5.0,ALBORÁN NORTE,31/01/201616:25:27-3.089736.5694,4.0,4.5,2016.0838369952944
20112,1369976,31/01/2016,19:37:23,36.5613,-3.0891,5.0,,3.1,4.0,ALBORÁN NORTE,31/01/201619:37:23-3.089136.5613,-1.0,3.2676000000000003,2016.0842011675268
20211,ign2016essu,08/03/2016,04:05:05,37.6706,-1.5061,0.0,III,3.2,4.0,S TOTANA.MU,08/03/201604:05:05-1.506137.6706,3.0,3.3512000000000004,2016.1835251277575
20267,ign2016fykf,25/03/2016,12:05:35,36.647,-3.5317,0.0,IV,3.9,5.0,S MOTRIL.GR,25/03/201612:05:35-3.531736.647,4.0,3.9,2016.2308849106962
20285,ign2016godf,03/04/2016,02:44:06,37.4194,-1.9526,0.0,,0.9,6.0,NW HUÉRCAL-OVERA.AL,03/04/201602:44:06-1.952637.4194,-1.0,0.9,2016.2544097222221
20398,ign2016irqn,03/05/2016,11:56:38,37.7096,-1.6126,0.0,IV,3.7,4.0,NE LORCA.MU,03/05/201611:56:38-1.612637.7096,4.0,3.7692,2016.3374253061122
20577,ign2016kliy,28/05/2016,12:22:41,37.8809,-3.238,11.0,,3.1,4.0,SW PEAL DE BECERRO.J,28/05/201612:22:41-3.23837.8809,-1.0,3.2676000000000003,2016.4057807440295
20578,ign2016klns,28/05/2016,14:46:31,37.9081,-3.2172,12.0,,3.0,4.0,W PEAL DE BECERRO.J,28/05/201614:46:31-3.217237.9081,-1.0,3.184,2016.4060536518418
20775,ign2016mvjm,01/07/2016,11:04:28,37.8695,-3.251,12.0,II,3.1,4.0,NE JÓDAR.J,01/07/201611:04:28-3.25137.8695,2.0,3.2676000000000003,2016.4985285114349
20777,ign2016mvlb,01/07/2016,11:52:32,37.869,-3.2651,12.0,I-II,3.0,4.0,NE JÓDAR.J,01/07/201611:52:32-3.265137.869,1.5,3.184,2016.4986197126088
20951,ign2016qdyi,17/08/2016,20:16:24,37.842,-3.2448,12.0,II,3.1,4.0,E JÓDAR.J,17/08/201620:16:24-3.244837.842,2.0,3.2676000000000003,2016.627991044323
20952,ign2016qdym,17/08/2016,20:20:56,37.8504,-3.2287,12.0,II,3.1,4.0,NW LARVA.J,17/08/201620:20:56-3.228737.8504,2.0,3.2676000000000003,2016.6279996458206
20954,ign2016qdys,17/08/2016,20:27:26,37.8862,-3.242,11.0,,3.0,4.0,NE JÓDAR.J,17/08/201620:27:26-3.24237.8862,-1.0,3.184,2016.6280119788505
20994,ign2016qfqm,18/08/2016,18:35:11,37.8335,-3.2163,12.0,II,3.3,4.0,N LARVA.J,18/08/201618:35:11-3.216337.8335,2.0,3.4348,2016.6305312373509
20995,ign2016qfqq,18/08/2016,18:39:57,37.8418,-3.223,12.0,II,3.0,4.0,NW LARVA.J,18/08/201618:39:57-3.22337.8418,2.0,3.184,2016.6305402815726
21020,ign2016qjpi,20/08/2016,22:32:50,37.9114,-3.2263,0.0,II,3.1,4.0,W PEAL DE BECERRO.J,20/08/201622:32:50-3.226337.9114,2.0,3.2676000000000003,2016.6364466327666
21149,ign2016rwqt,11/09/2016,07:34:29,37.8169,-3.1675,0.0,,3.1,4.0,NE LARVA.J,11/09/201607:34:29-3.167537.8169,-1.0,3.2676000000000003,2016.6948514028031
21156,ign2016rwrq,11/09/2016,08:01:06,37.8685,-3.242,12.0,III,3.4,4.0,E JÓDAR.J,11/09/201608:01:06-3.24237.8685,3.0,3.5183999999999997,2016.6949019049787
21200,ign2016swfu,25/09/2016,07:33:55,37.4922,-2.596,12.0,III-IV,3.8,5.0,S CÚLLAR.GR,25/09/201607:33:55-2.59637.4922,3.5,3.8,2016.733101693736
21211,ign2016tfkv,30/09/2016,08:22:04,37.0274,-3.6633,0.0,III,3.2,4.0,W PADUL.GR,30/09/201608:22:04-3.663337.0274,3.0,3.3512000000000004,2016.7468542552115
21554,es2016oclbp,23/11/2016,15:28:28,38.2459,-0.8735,11.0,IV,3.0,4.0,SE HONDÓN DE LOS FRAILES.A,23/11/201615:28:28-0.873538.2459,4.0,3.184,2016.8952042855697
21584,es2016ohfhj,30/11/2016,08:39:56,36.5368,-2.3682,1.0,II,3.1,4.0,ALBORÁN NORTE,30/11/201608:39:56-2.368236.5368,2.0,3.2676000000000003,2016.9135548218983
21764,es2017affgd,08/01/2017,17:07:04,37.2955,-2.3515,11.0,III,3.2,4.0,W LAROYA.AL,08/01/201717:07:04-2.351537.2955,3.0,3.3512000000000004,2017.021132166413
21868,es2017ceopm,23/02/2017,09:14:08,39.0943,-2.9063,12.0,III,3.3,4.0,SE TOMELLOSO.CR,23/02/201709:14:08-2.906339.0943,3.0,3.4348,2017.146259766616
21909,es2017daghd,11/03/2017,22:59:06,36.9539,-3.8786,12.0,II-III,3.0,4.0,SE ARENAS DEL REY.GR,11/03/201722:59:06-3.878636.9539,2.5,3.184,2017.191664954338
21975,es2017ealnl,04/04/2017,13:41:59,37.2674,-3.7894,0.0,III,3.0,4.0,NW PINOS PUENTE.GR,04/04/201713:41:59-3.789437.2674,3.0,3.184,2017.2563584157788
22065,es2017fimca,09/05/2017,06:47:29,36.922,-2.3535,12.0,III,3.7,4.0,NE VIATOR.AL,09/05/201706:47:29-2.353536.922,3.0,3.7692,2017.351460204211
22175,es2017hmhpl,29/06/2017,22:32:37,37.051,-3.8635,11.0,IV,3.5,4.0,NW AGRÓN.GR,29/06/201722:32:37-3.863537.051,4.0,3.602,2017.4929844304922
22253,es2017jbhpg,30/07/2017,06:56:29,37.9622,-2.4461,12.0,II-III,3.1,4.0,W PUEBLA DE DON FADRIQUE.GR,30/07/201706:56:29-2.446137.9622,2.5,3.2676000000000003,2017.5761348617452
22264,es2017jckjc,31/07/2017,23:16:55,37.0008,-3.5577,0.0,III,3.8,4.0,NE DÚRCAL.GR,31/07/201723:16:55-3.557737.0008,3.0,3.8528,2017.5807399479959
22358,es2017labpn,12/09/2017,13:18:13,37.8974,-3.2501,0.0,,3.0,4.0,NE JÓDAR.J,12/09/201713:18:13-3.250137.8974,-1.0,3.184,2017.6974090880265
22384,es2017lgnom,22/09/2017,07:17:44,38.131,-1.3993,11.0,III,3.0,4.0,SW RICOTE.MU,22/09/201707:17:44-1.399338.131,3.0,3.184,2017.7241204972095
22480,es2017mpebm,27/10/2017,13:12:52,37.8402,-1.8386,0.0,III,3.0,4.0,NW LORCA.MU,27/10/201713:12:52-1.838637.8402,3.0,3.184,2017.8206865804161
22581,es2017ocglk,24/11/2017,05:56:32,38.0394,-3.2811,12.0,III,3.1,4.0,NE TORREPEROGIL.J,24/11/201705:56:32-3.281138.0394,3.0,3.2676000000000003,2017.896568746829
22589,es2017oeeil,26/11/2017,22:35:14,39.2391,-2.6491,11.0,III,3.2,4.0,SW VILLARROBLEDO.AB,26/11/201722:35:14-2.649139.2391,3.0,3.3512000000000004,2017.903948313039
22613,es2017ojglo,04/12/2017,08:47:19,38.7155,-0.9595,12.0,V,3.7,5.0,NE CAUDETE.AB,04/12/201708:47:19-0.959538.7155,5.0,3.7,2017.9242909373415
22633,es2017oonfo,12/12/2017,04:35:25,37.0834,-2.2759,0.0,III,3.0,4.0,N TURRILLAS.AL,12/12/201704:35:25-2.275937.0834,3.0,3.184,2017.9457294837646
22668,es2017pfhna,21/12/2017,19:21:41,37.1774,-1.3976,0.0,II,3.3,4.0,MEDITERRÁNEO-LEVANTE SUR,21/12/201719:21:41-1.397637.1774,2.0,3.4348,2017.9720732179096
22671,es2017pgoom,23/12/2017,21:27:41,36.9117,-2.4279,11.0,III,3.6,4.0,SE PECHINA.AL,23/12/201721:27:41-2.427936.9117,3.0,3.6856,2017.9777923959919
22751,es2018afolj,09/01/2018,13:21:39,37.9938,-1.3969,12.0,III,3.4,4.0,SW ALBUDEITE.MU,09/01/201813:21:39-1.396937.9938,3.0,3.5183999999999997,2018.0234430175037
22755,es2018afpne,09/01/2018,15:45:34,37.9938,-1.4133,12.0,III,3.0,4.0,SW ALBUDEITE.MU,09/01/201815:45:34-1.413337.9938,3.0,3.184,2018.0237168315575
22903,es2018bjagj,06/02/2018,04:04:54,37.3386,-2.0939,12.0,III,3.1,4.0,SW ARBOLEAS.AL,06/02/201804:04:54-2.093937.3386,3.0,3.2676000000000003,2018.0990960806698
22911,es2018bjfdb,06/02/2018,14:26:33,39.46,-2.559,11.0,II-III,3.2,4.0,SW LA ALBERCA DE ZÁNCARA.CU,06/02/201814:26:33-2.55939.46,2.5,3.3512000000000004,2018.1002788242008
22912,es2018bjhon,06/02/2018,20:22:13,37.1844,-3.7048,5.0,III,3.0,4.0,SE SANTA FE.GR,06/02/201820:22:13-3.704837.1844,3.0,3.184,2018.1009555111618
23051,es2018ckbal,02/03/2018,19:08:22,37.9778,-1.4193,12.0,IV,3.9,5.0,SW ALBUDEITE.MU,02/03/201819:08:22-1.419337.9778,4.0,3.9,2018.1665684297311
23052,es2018ckbbl,02/03/2018,19:16:12,37.9902,-1.4173,12.0,III,3.3,4.0,SW ALBUDEITE.MU,02/03/201819:16:12-1.417337.9902,3.0,3.4348,2018.1665833333334
23151,es2018dhmcm,22/03/2018,14:12:04,37.8505,-3.2482,11.0,III,3.5,5.0,E JÓDAR.J,22/03/201814:12:04-3.248237.8505,3.0,3.5,2018.220799213597
23166,es2018dijic,23/03/2018,19:06:48,37.8688,-3.2472,11.0,,3.0,4.0,E JÓDAR.J,23/03/201819:06:48-3.247237.8688,-1.0,3.184,2018.224099695586
23170,es2018dijna,23/03/2018,19:46:15,37.8839,-3.2441,10.0,,3.3,4.0,NE JÓDAR.J,23/03/201819:46:15-3.244137.8839,-1.0,3.4348,2018.2241747526637
23176,es2018dimbe,24/03/2018,00:41:12,37.8618,-3.2496,12.0,III-IV,3.5,5.0,E JÓDAR.J,24/03/201800:41:12-3.249637.8618,3.5,3.5,2018.2247359208523
23180,es2018dimnd,24/03/2018,02:18:10,37.8862,-3.2658,0.0,,3.0,4.0,NE JÓDAR.J,24/03/201802:18:10-3.265837.8862,-1.0,3.184,2018.2249204084221
23185,es2018dipph,24/03/2018,09:06:38,37.8667,-3.2426,12.0,II,3.4,4.0,E JÓDAR.J,24/03/201809:06:38-3.242637.8667,2.0,3.5183999999999997,2018.225697552004
23187,es2018djbll,24/03/2018,12:56:24,37.8714,-3.2515,11.0,II,3.3,4.0,NE JÓDAR.J,24/03/201812:56:24-3.251537.8714,2.0,3.4348,2018.2261347031963
23188,es2018djbph,24/03/2018,13:26:59,37.8491,-3.2485,12.0,II,3.4,4.0,E JÓDAR.J,24/03/201813:26:59-3.248537.8491,2.0,3.5183999999999997,2018.2261928906646
23226,es2018dlgkk,27/03/2018,21:00:28,37.8523,-3.2334,12.0,II,3.3,4.0,E JÓDAR.J,27/03/201821:00:28-3.233437.8523,2.0,3.4348,2018.235274860477
23236,es2018dmdom,29/03/2018,01:45:24,38.0903,-1.1879,11.0,III,3.0,4.0,NE MOLINA DE SEGURA.MU,29/03/201801:45:24-1.187938.0903,3.0,3.184,2018.2385566971082
23244,es2018dmmil,29/03/2018,20:26:23,37.8551,-3.2492,12.0,II,3.3,4.0,E JÓDAR.J,29/03/201820:26:23-3.249237.8551,2.0,3.4348,2018.240689466007
23261,es2018dnfgf,30/03/2018,15:38:06,37.8777,-3.2395,12.0,,3.1,4.0,NE JÓDAR.J,30/03/201815:38:06-3.239537.8777,-1.0,3.2676000000000003,2018.2428807077627
23315,es2018ecgak,06/04/2018,22:28:02,37.8684,-3.2556,12.0,II-III,3.4,4.0,NE JÓDAR.J,06/04/201822:28:02-3.255637.8684,2.5,3.5183999999999997,2018.262838723998
23322,es2018echij,07/04/2018,01:42:41,37.8632,-3.2391,12.0,II-III,3.6,5.0,E JÓDAR.J,07/04/201801:42:41-3.239137.8632,2.5,3.6,2018.2632090626585
23323,es2018echim,07/04/2018,01:44:22,37.8725,-3.2306,12.0,III,3.8,4.0,SW PEAL DE BECERRO.J,07/04/201801:44:22-3.230637.8725,3.0,3.8528,2018.2632122653476
23324,es2018echjg,07/04/2018,01:49:11,37.9059,-3.257,0.0,II,3.5,4.0,NE JÓDAR.J,07/04/201801:49:11-3.25737.9059,2.0,3.602,2018.2632214294774
23336,es2018eciid,07/04/2018,03:49:52,37.8692,-3.2488,12.0,II,3.3,4.0,E JÓDAR.J,07/04/201803:49:52-3.248837.8692,2.0,3.4348,2018.2634510400812
23353,es2018edman,08/04/2018,22:11:05,37.8048,-3.2506,12.0,II-III,3.0,4.0,NW LARVA.J,08/04/201822:11:05-3.250637.8048,2.5,3.184,2018.2682859271943
23362,es2018efjmg,11/04/2018,14:37:43,37.9789,-1.4232,12.0,III,3.6,4.0,SW ALBUDEITE.MU,11/04/201814:37:43-1.423237.9789,3.0,3.6856,2018.2756425355149
23459,es2018eodna,24/04/2018,01:53:09,37.849,-3.2378,12.0,III,3.3,5.0,E JÓDAR.J,24/04/201801:53:09-3.237837.849,3.0,3.3,2018.3098043188736
23475,es2018epohi,26/04/2018,11:40:57,37.8663,-3.2532,12.0,III,3.7,4.0,E JÓDAR.J,26/04/201811:40:57-3.253237.8663,3.0,3.7692,2018.316402111872
23489,es2018fbehi,28/04/2018,11:22:36,37.8715,-3.2432,11.0,II-III,3.2,4.0,NE JÓDAR.J,28/04/201811:22:36-3.243237.8715,2.5,3.3512000000000004,2018.3218466514459
23494,es2018fbgfp,28/04/2018,15:29:49,37.8651,-3.2406,12.0,,3.0,4.0,E JÓDAR.J,28/04/201815:29:49-3.240637.8651,-1.0,3.184,2018.3223170027904
23567,es2018fkhcp,11/05/2018,17:26:46,37.9562,-0.7553,0.0,IV,3.3,4.0,SE SAN MIGUEL DE SALINAS.A,11/05/201817:26:46-0.755337.9562,4.0,3.4348,2018.358155948757
23568,es2018fkjmd,11/05/2018,23:02:17,37.856,-3.2362,12.0,III,3.3,4.0,E JÓDAR.J,11/05/201823:02:17-3.236237.856,3.0,3.4348,2018.3587942985794
23674,es2018genpb,26/05/2018,18:58:16,38.0654,-2.1876,11.0,III-IV,3.6,5.0,W CARAVACA DE LA CRUZ.MU,26/05/201818:58:16-2.187638.0654,3.5,3.6,2018.399425925926
23695,es2018ghaeb,29/05/2018,21:21:23,37.8485,-3.246,11.0,II-III,3.4,4.0,E JÓDAR.J,29/05/201821:21:23-3.24637.8485,2.5,3.5183999999999997,2018.407917395992
23755,es2018gpnen,11/06/2018,15:08:53,37.8735,-3.2431,11.0,II,3.1,4.0,NE JÓDAR.J,11/06/201815:08:53-3.243137.8735,2.0,3.2676000000000003,2018.4428251204972
23853,es2018hplbf,04/07/2018,13:19:51,37.8436,-3.2453,12.0,,3.0,4.0,E JÓDAR.J,04/07/201813:19:51-3.245337.8436,-1.0,3.184,2018.5056313736682
23944,es2018ioifo,25/07/2018,23:45:25,38.6295,0.1587,0.0,IV,3.2,4.0,E CALP.A,25/07/201823:45:250.158738.6295,4.0,3.3512000000000004,2018.564355815576
23955,es2018iopdf,26/07/2018,14:35:23,38.6784,0.1156,11.0,III,3.0,4.0,S TEULADA.A,26/07/201814:35:230.115638.6784,3.0,3.184,2018.566049055048
24027,es2018jlgic,13/08/2018,14:40:05,38.2491,-0.9523,11.0,IV-V,4.2,5.0,SW HONDÓN DE LOS FRAILES.A,13/08/201814:40:05-0.952338.2491,4.5,4.2,2018.6153730657027
24050,es2018kbmdm,22/08/2018,19:12:13,37.8757,-3.2492,11.0,,3.2,4.0,NE JÓDAR.J,22/08/201819:12:13-3.249237.8757,-1.0,3.3512000000000004,2018.6405483574329
24092,es2018knffb,08/09/2018,12:27:33,37.8786,-3.2525,11.0,,3.3,4.0,NE JÓDAR.J,08/09/201812:27:33-3.252537.8786,-1.0,3.4348,2018.686353786149
24111,es2018laoge,13/09/2018,16:11:14,37.1701,-3.621,0.0,III,3.1,4.0,SW GRANADA.GR,13/09/201816:11:14-3.62137.1701,3.0,3.2676000000000003,2018.7004779934043
24197,es2018mcken,09/10/2018,07:41:56,37.1848,-3.7587,11.0,IV,4.0,5.0,SE CHAUCHINA.GR,09/10/201807:41:56-3.758737.1848,4.0,4.0,2018.7707418822934
24253,es2018miakc,17/10/2018,02:51:33,39.2114,0.1526,12.0,II-III,3.8,5.0,GOLFO DE VALENCIA,17/10/201802:51:330.152639.2114,2.5,3.8,2018.7921072108068
24259,es2018mjckl,18/10/2018,17:57:44,37.8581,-3.2481,12.0,IV,3.7,5.0,E JÓDAR.J,18/10/201817:57:44-3.248137.8581,4.0,3.7,2018.796571029934
24286,es2018mmkch,23/10/2018,18:14:48,37.1629,-3.7371,11.0,III,3.1,4.0,SW SANTA FE.GR,23/10/201818:14:48-3.737137.1629,3.0,3.2676000000000003,2018.810302130898
24336,es2018njdbi,10/11/2018,21:53:06,37.884,-3.2382,6.0,II,3.0,4.0,W PEAL DE BECERRO.J,10/11/201821:53:06-3.238237.884,2.0,3.184,2018.8600325342466
24395,es2018ofphn,29/11/2018,09:00:30,37.8921,-3.2582,12.0,,3.0,4.0,NE JÓDAR.J,29/11/201809:00:30-3.258237.8921,-1.0,3.184,2018.9106173896498
24442,es2018opjpp,13/12/2018,07:58:27,37.6749,-1.7424,1.0,III,3.5,4.0,W LORCA.MU,13/12/201807:58:27-1.742437.6749,3.0,3.602,2018.948855498478
24667,es2019chbfk,26/02/2019,11:44:29,37.3608,-1.9793,0.0,III,3.6,4.0,SW HUÉRCAL-OVERA.AL,26/02/201911:44:29-1.979337.3608,3.0,3.6856,2019.1547649987317
24690,es2019cmpnf,07/03/2019,00:34:35,37.2234,-1.515,9.0,,3.0,4.0,MEDITERRÁNEO-LEVANTE SUR,07/03/201900:34:35-1.51537.2234,-1.0,3.184,2019.1781479895992
24730,es2019djdee,24/03/2019,16:16:08,38.0741,-0.4855,0.0,IV,3.8,5.0,MEDITERRÁNEO-LEVANTE SUR,24/03/201916:16:08-0.485538.0741,4.0,3.8,2019.2265147133435
24734,es2019dmbbg,28/03/2019,19:36:26,38.0308,-0.4506,4.0,III,3.1,4.0,MEDITERRÁNEO-LEVANTE SUR,28/03/201919:36:26-0.450638.0308,3.0,3.2676000000000003,2019.237854705733
24772,es2019edpoj,09/04/2019,06:33:21,38.118,-1.6645,0.0,IV,3.6,4.0,N BULLAS.MU,09/04/201906:33:21-1.664538.118,4.0,3.6856,2019.2692415334855
24805,es2019eoeom,24/04/2019,04:17:34,36.6932,-2.6788,1.0,III,3.2,4.0,S LA MOJONERA.AL,24/04/201904:17:34-2.678836.6932,3.0,3.3512000000000004,2019.3100790842211
24928,es2019gphco,11/06/2019,01:52:15,37.3387,-2.0395,2.0,III,3.4,4.0,S ZURGENA.AL,11/06/201901:52:15-2.039537.3387,3.0,3.5183999999999997,2019.44130945586
24952,es2019mdvwt,22/06/2019,20:00:02,37.5365,-1.6414,5.0,III,3.6,5.0,E PUERTO LUMBRERAS.MU,22/06/201920:00:02-1.641437.5365,3.0,3.6,2019.4735160451548
24964,es2019mqpjt,29/06/2019,19:26:55,37.3874,-2.6097,2.0,IV,4.2,5.0,N ALCÓNTAR.AL,29/06/201919:26:55-2.609737.3874,4.0,4.2,2019.49263111999
24973,es2019mrhmy,30/06/2019,04:36:49,37.3323,-2.5688,0.0,III,3.3,4.0,E ALCÓNTAR.AL,30/06/201904:36:49-2.568837.3323,3.0,3.4348,2019.4936773528666
24991,es2019myade,03/07/2019,20:48:34,36.5872,-2.9602,4.0,II-III,3.4,4.0,ALBORÁN NORTE,03/07/201920:48:34-2.960236.5872,2.5,3.5183999999999997,2019.5037453703703
25018,es2019nqiaz,13/07/2019,21:12:18,38.0093,-0.8487,3.0,III-IV,3.2,4.0,SE JACARILLA.A,13/07/201921:12:18-0.848738.0093,3.5,3.3512000000000004,2019.531187785388
25037,es2019odcoq,20/07/2019,21:10:13,37.9475,-1.8013,3.0,III,3.0,4.0,SW BULLAS.MU,20/07/201921:10:13-1.801337.9475,3.0,3.184,2019.550361903856
25041,es2019odfut,20/07/2019,22:48:17,37.9406,-1.7971,4.0,III,3.0,4.0,SW BULLAS.MU,20/07/201922:48:17-1.797137.9406,3.0,3.184,2019.550548484272
25071,es2019pbpqe,03/08/2019,06:57:47,38.3257,-2.0342,2.0,,3.1,4.0,SW FÉREZ.AB,03/08/201906:57:47-2.034238.3257,-1.0,3.2676000000000003,2019.5870962392187
25121,es2019rbnlq,31/08/2019,16:47:26,38.405,-1.6748,2.0,III,3.2,4.0,S HELLÍN.AB,31/08/201916:47:26-1.674838.405,3.0,3.3512000000000004,2019.6649304287164
25409,es2019yixvp,13/12/2019,08:12:18,37.8564,-1.9058,1.0,III-IV,3.6,4.0,NW LORCA.MU,13/12/201908:12:18-1.905837.8564,3.5,3.6856,2019.948881849315
25413,es2019ylcre,14/12/2019,12:54:41,37.1365,-3.7548,1.0,III,3.5,4.0,NW LA MALAHÁ.GR,14/12/201912:54:41-3.754837.1365,3.0,3.602,2019.952158834348
25416,es2019yojjz,16/12/2019,07:42:27,38.3741,-1.3146,0.0,III,3.2,4.0,S JUMILLA.MU,16/12/201907:42:27-1.314638.3741,3.0,3.3512000000000004,2019.9570442351599
25422,es2019yxtdi,21/12/2019,10:49:41,37.2567,-3.6853,0.0,IV,3.6,4.0,NW ALBOLOTE.GR,21/12/201910:49:41-3.685337.2567,4.0,3.6856,2019.9710990930998
25456,es2020aasdq,01/01/2020,09:09:46,36.9558,-2.3569,1.0,IV,3.7,5.0,NE PECHINA.AL,01/01/202009:09:46-2.356936.9558,4.0,3.7,2020.0010431213318
25498,es2020bexux,17/01/2020,22:01:09,37.0997,-3.8171,1.0,III,3.2,4.0,N VENTAS DE HUELMA.GR,17/01/202022:01:09-3.817137.0997,3.0,3.3512000000000004,2020.0462225827262
25615,es2020fepia,14/03/2020,15:34:40,39.3648,0.0807,0.0,II,3.1,4.0,GOLFO DE VALENCIA,14/03/202015:34:400.080739.3648,2.0,3.2676000000000003,2020.2012269783445
25641,es2020fufla,23/03/2020,04:42:57,39.3426,0.1,0.0,II,3.7,5.0,GOLFO DE VALENCIA,23/03/202004:42:570.139.3426,2.0,3.7,2020.224580582119
25802,es2020idugk,25/04/2020,21:19:36,39.1019,-2.669,2.0,III,3.8,4.0,NE OSSA DE MONTIEL.AB,25/04/202021:19:36-2.66939.1019,3.0,3.8528,2020.3166355494839
25811,es2020igybt,27/04/2020,14:39:22,39.1058,-2.6879,1.0,III,3.2,4.0,NE OSSA DE MONTIEL.AB,27/04/202014:39:22-2.687939.1058,3.0,3.3512000000000004,2020.3213406319571
25814,es2020ihigv,27/04/2020,19:48:23,39.4085,-2.5022,3.0,III,3.0,4.0,W SAN CLEMENTE.CU,27/04/202019:48:23-2.502239.4085,3.0,3.184,2020.3219269568408
25980,es2020mnozs,27/06/2020,03:51:15,38.0018,-0.7696,8.0,III-IV,3.1,4.0,NE SAN MIGUEL DE SALINAS.A,27/06/202003:51:15-0.769638.0018,3.5,3.2676000000000003,2020.486777569065
26121,es2020pmqjm,08/08/2020,07:48:11,39.1162,-0.5639,0.0,III,3.0,4.0,N GAVARDA.V,08/08/202007:48:11-0.563939.1162,3.0,3.184,2020.6019812221716
26261,es2020rhjkv,02/09/2020,21:33:10,37.945,-0.0192,10.0,II-III,3.6,4.0,MEDITERRÁNEO-LEVANTE SUR,02/09/202021:33:10-0.019237.945,2.5,3.6856,2020.6718525475612
26335,es2020tmtfr,04/10/2020,07:05:42,37.8884,-3.2668,0.0,II-III,3.2,4.0,NE JÓDAR.J,04/10/202007:05:42-3.266837.8884,2.5,3.3512000000000004,2020.7576383196722
26478,es2020vjpwh,31/10/2020,00:55:23,38.2224,-1.2048,1.0,III-IV,3.1,4.0,NW FORTUNA.MU,31/10/202000:55:23-1.204838.2224,3.5,3.2676000000000003,2020.8307061766343
26528,es2020vpjgz,03/11/2020,04:25:08,38.6262,-0.3709,0.0,IV,3.6,4.0,NE TORREMANZANAS/LA TORRE DE L,03/11/202004:25:08-0.370938.6262,4.0,3.6856,2020.839300875329
26538,es2020vrqva,04/11/2020,10:28:09,39.4927,0.1426,2.0,,3.0,4.0,GOLFO DE VALENCIA,04/11/202010:28:090.142639.4927,-1.0,3.184,2020.842721899666
26576,es2020wabcl,09/11/2020,00:46:19,37.9945,-1.8741,0.0,III-IV,3.8,5.0,S CARAVACA DE LA CRUZ.MU,09/11/202000:46:19-1.874137.9945,3.5,3.8,2020.8552791375735
26692,es2020xohkm,01/12/2020,01:14:38,39.4633,0.1746,0.0,II,3.2,4.0,GOLFO DE VALENCIA,01/12/202001:14:380.174639.4633,2.0,3.3512000000000004,2020.915442154928
26736,es2020xruhm,02/12/2020,23:09:09,37.2228,-3.7356,0.0,IV-V,3.6,4.0,SE PINOS PUENTE.GR,02/12/202023:09:09-3.735637.2228,4.5,3.6856,2020.920668545082
26751,es2020xxzkx,06/12/2020,08:32:36,37.2173,-3.7076,0.0,III,3.1,4.0,SW ATARFE.GR,06/12/202008:32:36-3.707637.2173,3.0,3.2676000000000003,2020.929934350334
26759,es2020ycanw,08/12/2020,13:38:19,36.9592,-3.8048,0.0,IV,3.6,4.0,NE JAYENA.GR,08/12/202013:38:19-3.804836.9592,4.0,3.6856,2020.9359788947077
26840,es2020zdhck,23/12/2020,11:32:50,39.1402,-0.5972,0.0,III,3.2,4.0,W TOUS.V,23/12/202011:32:50-0.597239.1402,3.0,3.3512000000000004,2020.9767244105444
26842,es2020zdimm,23/12/2020,12:14:54,39.1538,-0.6166,4.0,II-III,3.0,4.0,NW TOUS.V,23/12/202012:14:54-0.616639.1538,2.5,3.184,2020.9768042273831
26877,es2020zmjpk,28/12/2020,11:00:32,36.9363,-3.8148,7.0,III,3.2,4.0,SE JAYENA.GR,28/12/202011:00:32-3.814836.9363,3.0,3.3512000000000004,2020.9903243270594
26945,es2021aprbf,09/01/2021,13:36:29,39.1622,-0.6242,0.0,IV,3.4,4.0,NW TOUS.V,09/01/202113:36:29-0.624239.1622,4.0,3.5183999999999997,2021.0234712392187
27044,es2021bovcf,23/01/2021,07:58:39,37.3847,-2.0897,0.0,III,3.4,4.0,NW ARBOLEAS.AL,23/01/202107:58:39-2.089737.3847,3.0,3.5183999999999997,2021.0611846461188
27046,es2021bpbpa,23/01/2021,11:15:24,37.2062,-3.7239,0.0,V-VI,4.4,5.0,NW SANTA FE.GR,23/01/202111:15:24-3.723937.2062,5.5,4.4,2021.061558980213
27060,es2021bpngd,23/01/2021,17:08:44,37.2076,-3.7185,0.0,III-IV,3.3,4.0,N SANTA FE.GR,23/01/202117:08:44-3.718537.2076,3.5,3.4348,2021.062231227803
27100,es2021bqqit,24/01/2021,07:50:42,37.2111,-3.7174,0.0,III,3.3,4.0,N SANTA FE.GR,24/01/202107:50:42-3.717437.2111,3.0,3.4348,2021.0639092465753
27164,es2021bsolw,25/01/2021,09:09:42,37.2176,-3.7394,0.0,III,3.3,4.0,NE CHAUCHINA.GR,25/01/202109:09:42-3.739437.2176,3.0,3.4348,2021.0667992770168
27186,es2021btkno,25/01/2021,20:18:26,37.2036,-3.7083,0.0,III,3.0,4.0,NE SANTA FE.GR,25/01/202120:18:26-3.708337.2036,3.0,3.184,2021.0680716007103
27235,es2021buodo,26/01/2021,11:16:02,37.1747,-3.7189,0.0,III-IV,3.2,4.0,S SANTA FE.GR,26/01/202111:16:02-3.718937.1747,3.5,3.3512000000000004,2021.0697793632673
27251,es2021bvipw,26/01/2021,21:36:33,37.1951,-3.7296,0.0,V,4.1,5.0,NW SANTA FE.GR,26/01/202121:36:33-3.729637.1951,5.0,4.1,2021.0709599505328
27253,es2021bviwo,26/01/2021,21:44:18,37.1756,-3.733,0.0,V,4.2,5.0,SW SANTA FE.GR,26/01/202121:44:18-3.73337.1756,5.0,4.2,2021.070974695586
27255,es2021bvjfa,26/01/2021,21:54:55,37.1843,-3.7369,0.0,V-VI,4.4,5.0,SW SANTA FE.GR,26/01/202121:54:55-3.736937.1843,5.5,4.4,2021.0709948947235
27256,es2021bvjga,26/01/2021,21:55:20,37.2077,-3.7144,3.0,,3.4,4.0,N SANTA FE.GR,26/01/202121:55:20-3.714437.2077,-1.0,3.5183999999999997,2021.0709956874682
27257,es2021bvjie,26/01/2021,21:57:49,37.1929,-3.7261,0.0,,3.3,4.0,NW SANTA FE.GR,26/01/202121:57:49-3.726137.1929,-1.0,3.4348,2021.0710004122272
27258,es2021bvjka,26/01/2021,21:59:59,37.213,-3.7256,0.0,,3.6,4.0,NW SANTA FE.GR,26/01/202121:59:59-3.725637.213,-1.0,3.6856,2021.0710045345002
27401,es2021bwlic,27/01/2021,12:06:44,37.2119,-3.7122,0.0,III,3.0,4.0,SW ATARFE.GR,27/01/202112:06:44-3.712237.2119,3.0,3.184,2021.072615550482
27539,es2021byhpc,28/01/2021,12:29:18,37.166,-3.7362,0.0,III,3.3,4.0,SW SANTA FE.GR,28/01/202112:29:18-3.736237.166,3.0,3.4348,2021.0753982115677
27591,es2021byssi,28/01/2021,18:06:28,37.1823,-3.7433,0.0,IV,3.6,4.0,SW SANTA FE.GR,28/01/202118:06:28-3.743337.1823,4.0,3.6856,2021.0760397006595
27598,es2021byudo,28/01/2021,18:49:49,37.1565,-3.7206,0.0,V,4.4,5.0,S SANTA FE.GR,28/01/202118:49:49-3.720637.1565,5.0,4.4,2021.0761221778284
27602,es2021byuri,28/01/2021,19:05:53,37.1721,-3.7383,0.0,III-IV,3.3,4.0,SW SANTA FE.GR,28/01/202119:05:53-3.738337.1721,3.5,3.4348,2021.076152746068
27607,es2021byvjn,28/01/2021,19:28:19,37.1506,-3.7173,0.0,III-IV,3.6,4.0,W CÚLLAR VEGA.GR,28/01/202119:28:19-3.717337.1506,3.5,3.6856,2021.076195427448
27625,es2021byyze,28/01/2021,21:16:15,37.2007,-3.7564,0.0,III,3.2,4.0,E CHAUCHINA.GR,28/01/202121:16:15-3.756437.2007,3.0,3.3512000000000004,2021.0764007800608
27627,es2021byzjr,28/01/2021,21:29:04,37.1769,-3.6966,2.0,III-IV,3.4,4.0,SE SANTA FE.GR,28/01/202121:29:04-3.696637.1769,3.5,3.5183999999999997,2021.076425164891
27718,es2021bzlwb,29/01/2021,03:46:36,37.2201,-3.7344,0.0,III-IV,3.0,4.0,NW SANTA FE.GR,29/01/202103:46:36-3.734437.2201,3.5,3.184,2021.0771434550988
27719,es2021bzmgr,29/01/2021,04:00:38,37.2183,-3.7204,5.0,III,3.0,4.0,W ATARFE.GR,29/01/202104:00:38-3.720437.2183,3.0,3.184,2021.0771701547437
27750,es2021bzsps,29/01/2021,07:11:24,37.1721,-3.7261,0.0,III-IV,3.2,4.0,SW SANTA FE.GR,29/01/202107:11:24-3.726137.1721,3.5,3.3512000000000004,2021.077533105023
27855,es2021cauos,29/01/2021,21:18:48,37.1659,-3.7102,0.0,III,3.3,4.0,SE SANTA FE.GR,29/01/202121:18:48-3.710237.1659,3.0,3.4348,2021.0791453576865
28021,es2021cdwvv,31/01/2021,13:53:22,37.1755,-3.7364,0.0,III,3.0,4.0,SW SANTA FE.GR,31/01/202113:53:22-3.736437.1755,3.0,3.184,2021.0837773338408
28046,es2021cehch,31/01/2021,19:02:17,37.099,-2.5488,2.0,III,3.3,4.0,SW GÉRGAL.AL,31/01/202119:02:17-2.548837.099,3.0,3.4348,2021.0843650748352
28145,es2021cfzhj,01/02/2021,17:21:45,37.2095,-3.7078,0.0,III,3.0,4.0,SW ATARFE.GR,01/02/202117:21:45-3.707837.2095,3.0,3.184,2021.0869135273972
28227,es2021chnbu,02/02/2021,13:27:31,37.2026,-3.7363,0.0,III,3.0,4.0,NW SANTA FE.GR,02/02/202113:27:31-3.736337.2026,3.0,3.184,2021.0892076040082
28239,es2021chqud,02/02/2021,15:19:51,37.208,-3.739,0.0,III-IV,3.4,4.0,NW SANTA FE.GR,02/02/202115:19:51-3.73937.208,3.5,3.5183999999999997,2021.089421328006
28455,es2021cnldy,05/02/2021,19:17:23,37.1881,-3.7403,0.0,III-IV,3.2,4.0,W SANTA FE.GR,05/02/202119:17:23-3.740337.1881,3.5,3.3512000000000004,2021.0980924340436
28794,es2021dfaff,15/02/2021,10:09:18,37.2114,-3.7415,0.0,III-IV,3.5,4.0,NE CHAUCHINA.GR,15/02/202110:09:18-3.741537.2114,3.5,3.602,2021.1244469178082
29583,es2021gbsbh,28/03/2021,07:01:35,37.2244,-3.7755,0.0,III-IV,3.3,4.0,NE FUENTE VAQUEROS.GR,28/03/202107:01:35-3.775537.2244,3.5,3.4348,2021.2364185375443
29718,es2021gqcqr,05/04/2021,04:14:26,39.1676,-0.6203,0.0,III,3.0,4.0,NW TOUS.V,05/04/202104:14:26-0.620339.1676,3.0,3.184,2021.2580183282598
29828,es2021hgnkk,14/04/2021,03:48:20,38.084,-2.1717,5.0,II,3.1,4.0,W CARAVACA DE LA CRUZ.MU,14/04/202103:48:20-2.171738.084,2.0,3.2676000000000003,2021.282626204972
29984,es2021ikywa,30/04/2021,19:35:01,37.1012,-3.6161,1.0,III,3.1,4.0,SW GÓJAR.GR,30/04/202119:35:01-3.616137.1012,3.0,3.2676000000000003,2021.328262969305
30009,es2021inpue,02/05/2021,06:24:02,39.161,-0.6201,0.0,III,3.4,4.0,NW TOUS.V,02/05/202106:24:02-0.620139.161,3.0,3.5183999999999997,2021.332237506342
30398,es2021ngcdc,08/07/2021,06:54:17,36.6114,-2.7683,6.0,III,3.1,4.0,SW LA MOJONERA.AL,08/07/202106:54:17-2.768336.6114,3.0,3.2676000000000003,2021.51585670345
30399,es2021ngdog,08/07/2021,07:36:17,36.5754,-2.7403,0.0,III,3.1,4.0,ALBORÁN NORTE,08/07/202107:36:17-2.740336.5754,3.0,3.2676000000000003,2021.5159366121259
30567,es2021oumoq,30/07/2021,09:29:09,38.91,-2.8699,7.0,III,3.5,4.0,S RUIDERA.CR,30/07/202109:29:09-2.869938.91,3.0,3.602,2021.57642532344
30590,es2021oyyel,01/08/2021,19:52:55,37.827,-1.2968,0.0,III,3.2,4.0,SE LIBRILLA.MU,01/08/202119:52:55-1.296837.827,3.0,3.3512000000000004,2021.5830915461695
30651,es2021ptdwj,12/08/2021,21:25:12,37.1705,-3.787,0.0,V,4.6,4.0,SW CHAUCHINA.GR,12/08/202121:25:12-3.78737.1705,5.0,4.521599999999999,2021.613404109589
30652,es2021ptdya,12/08/2021,21:27:05,37.1771,-3.737,10.0,III,3.1,4.0,SW SANTA FE.GR,12/08/202121:27:05-3.73737.1771,3.0,3.2676000000000003,2021.6134076927956
30807,es2021qyiwl,29/08/2021,23:04:32,38.0983,0.1569,7.0,II,3.8,4.0,MEDITERRÁNEO-LEVANTE SUR,29/08/202123:04:320.156938.0983,2.0,3.8528,2021.660168442415
30946,es2021tzfkj,12/10/2021,02:50:47,38.2005,-1.1328,2.0,III-IV,3.4,4.0,NW FORTUNA.MU,12/10/202102:50:47-1.132838.2005,3.5,3.5183999999999997,2021.7784071220192
30961,es2021ufvit,15/10/2021,17:41:45,38.183,-1.1477,3.0,III-IV,3.6,4.0,W FORTUNA.MU,15/10/202117:41:45-1.147738.183,3.5,3.6856,2021.7883214421613
31114,es2021xhcqe,28/11/2021,02:53:49,36.97,-2.4297,5.0,III,3.2,4.0,NE RIOJA.AL,28/11/202102:53:49-2.429736.97,3.0,3.3512000000000004,2021.907180016489
31208,es2022aicmj,05/01/2022,10:19:00,36.8292,-3.6881,0.0,IV,3.5,4.0,SW LENTEGÍ.GR,05/01/202210:19:00-3.688136.8292,4.0,3.602,2022.0121366057838
31218,es2022alnjq,07/01/2022,07:13:07,37.1109,-3.1521,6.0,III,3.0,4.0,S LANTEIRA.GR,07/01/202207:13:07-3.152137.1109,3.0,3.184,2022.0172623985286
31239,es2022ayqkf,14/01/2022,11:28:36,37.2781,-3.3549,0.0,III,3.5,4.0,SW DIEZMA.GR,14/01/202211:28:36-3.354937.2781,3.0,3.602,2022.0369265601219
31284,es2022bwicm,27/01/2022,10:28:53,39.232,-0.6544,3.0,II,3.0,4.0,SW CATADAU.V,27/01/202210:28:53-0.654439.232,2.0,3.184,2022.0724293822932
31532,es2022ghlil,31/03/2022,10:25:42,37.8909,-1.43,0.0,III,3.2,4.0,N ALHAMA DE MURCIA.MU,31/03/202210:25:42-1.4337.8909,3.0,3.3512000000000004,2022.245026065449
31555,es2022gtndn,07/04/2022,00:56:28,38.0675,-1.1672,12.0,IV,3.1,4.0,NE MOLINA DE SEGURA.MU,07/04/202200:56:28-1.167238.0675,4.0,3.2676000000000003,2022.2631211314053
31625,es2022iieye,29/04/2022,07:15:30,37.4705,-1.7476,2.0,III,3.5,4.0,SE PUERTO LUMBRERAS.MU,29/04/202207:15:30-1.747637.4705,3.0,3.602,2022.3241162480974
31928,es2022otpag,29/07/2022,21:35:19,37.3389,-1.9909,4.0,III-IV,3.2,4.0,E ZURGENA.AL,29/07/202221:35:19-1.990937.3389,3.5,3.3512000000000004,2022.575067193049
31939,es2022oxjvw,31/07/2022,23:30:37,36.8691,-1.9496,3.0,III-IV,3.4,4.0,SW CARBONERAS.AL,31/07/202223:30:37-1.949636.8691,3.5,3.5183999999999997,2022.5807660134449
32007,es2022qjejw,21/08/2022,15:48:43,38.3539,-1.2721,19.0,II,3.1,4.0,SE JUMILLA.MU,21/08/202215:48:43-1.272138.3539,2.0,3.2676000000000003,2022.6374214548453
32032,es2022qvtnj,28/08/2022,13:03:20,38.5829,-0.7871,5.0,II,3.0,4.0,SW BIAR.A,28/08/202213:03:20-0.787138.5829,2.0,3.184,2022.6562848807712
32103,es2022selax,16/09/2022,12:26:12,37.7923,-2.0946,0.0,III,3.7,5.0,NE MARÍA.AL,16/09/202212:26:12-2.094637.7923,3.0,3.7,2022.708269025875
32127,es2022swttl,26/09/2022,13:13:54,38.3694,-2.27,2.0,II-III,3.2,4.0,E YESTE.AB,26/09/202213:13:54-2.2738.3694,2.5,3.3512000000000004,2022.7357570395739
32419,es2022zpswu,31/12/2022,07:05:54,37.1063,-1.899,0.0,IV,4.0,5.0,S TURRE.AL,31/12/202207:05:54-1.89937.1063,4.0,4.0,2022.9980705859969
32457,es2023ambca,07/01/2023,14:08:32,37.4047,-2.0378,8.0,III,3.0,4.0,NE ARBOLEAS.AL,07/01/202314:08:32-2.037837.4047,3.0,3.184,2023.018052765094
32529,es2023ciigl,03/02/2023,00:09:23,38.0139,-2.4654,0.0,IV,3.5,5.0,NW PUEBLA DE DON FADRIQUE.GR,03/02/202300:09:23-2.465438.0139,4.0,3.5,2023.090428811517
32540,es2023cqnoy,07/02/2023,11:54:47,38.0008,-2.4665,1.0,III,3.6,4.0,NW PUEBLA DE DON FADRIQUE.GR,07/02/202311:54:47-2.466538.0008,3.0,3.6856,2023.1027298008626
32552,es2023czkll,12/02/2023,08:31:40,36.7709,-2.7651,2.0,III,3.0,4.0,E EL EJIDO.AL,12/02/202308:31:40-2.765136.7709,3.0,3.184,2023.1160419837645
32593,es2023dvxli,24/02/2023,16:01:19,38.049,-1.8514,0.0,III,3.5,4.0,S CARAVACA DE LA CRUZ.MU,24/02/202316:01:19-1.851438.049,3.0,3.602,2023.1497741945714
32679,es2023fttsq,23/03/2023,22:48:10,37.968,-0.4972,0.0,III,3.1,4.0,MEDITERRÁNEO-LEVANTE SUR,23/03/202322:48:10-0.497237.968,3.0,3.2676000000000003,2023.2245208650431
32806,es2023jfmxp,12/05/2023,01:20:58,37.5195,-2.2584,1.0,II-III,3.0,4.0,NE ORIA.AL,12/05/202301:20:58-2.258437.5195,2.5,3.184,2023.3590581557585
32983,es2023onvdj,26/07/2023,17:52:50,38.6908,-3.385,2.0,III,3.4,4.0,NW TORRENUEVA.CR,26/07/202317:52:50-3.38538.6908,3.0,3.5183999999999997,2023.5664247209538
33005,es2023oucbt,30/07/2023,04:11:04,38.6845,-0.6555,2.0,IV,3.8,5.0,S BANYERES DE MARIOLA.A,30/07/202304:11:04-0.655538.6845,4.0,3.8,2023.57582014206
33012,es2023panmi,02/08/2023,16:44:44,37.6673,-1.6859,3.0,III-IV,3.1,4.0,SE LORCA.MU,02/08/202316:44:44-1.685937.6673,3.5,3.2676000000000003,2023.5854732369355
33128,es2023rsiff,09/09/2023,21:24:14,37.5332,-3.8918,25.0,II-III,3.3,4.0,E CASTILLO DE LOCUBÍN.J,09/09/202321:24:14-3.891837.5332,2.5,3.4348,2023.6901145991883
33207,es2023ufdbc,15/10/2023,08:27:18,37.0727,-2.3443,0.0,IV,3.4,4.0,NE TABERNAS.AL,15/10/202308:27:18-2.344337.0727,4.0,3.5183999999999997,2023.7872665525115
33572,es2024cbwha,30/01/2024,11:18:27,37.9893,-1.4944,4.0,IV,3.0,4.0,E PLIEGO.MU,30/01/202411:18:27-1.494437.9893,4.0,3.184,2024.0805222563752
33614,es2024cxxtp,11/02/2024,12:59:11,39.2349,0.1751,4.0,II,3.3,4.0,GOLFO DE VALENCIA,11/02/202412:59:110.175139.2349,2.0,3.4348,2024.113500271959
33717,es2024fwxod,24/03/2024,16:08:18,38.6529,-0.6265,7.0,II-III,3.0,4.0,NE ONIL.A,24/03/202416:08:18-0.626538.6529,2.5,3.184,2024.2286131982391
33718,es2024fwyez,24/03/2024,16:27:46,38.673,-0.635,7.0,III,3.3,4.0,SE BANYERES DE MARIOLA.A,24/03/202416:27:46-0.63538.673,3.0,3.4348,2024.2286501340823
33833,es2024idfry,25/04/2024,13:58:29,38.1059,-1.1764,7.0,III-IV,3.0,4.0,NE MOLINA DE SEGURA.MU,25/04/202413:58:29-1.176438.1059,3.5,3.184,2024.315798579488
34003,es2024mccpp,20/06/2024,21:07:52,37.9121,-3.3447,9.0,II,3.0,4.0,N JÓDAR.J,20/06/202421:07:52-3.344737.9121,2.0,3.184,2024.469618751265
34008,es2024mdbga,21/06/2024,09:34:22,37.8938,-3.3325,17.0,II,3.2,4.0,NE JÓDAR.J,21/06/202409:34:22-3.332537.8938,2.0,3.3512000000000004,2024.4710351522972
34051,es2024nideb,08/07/2024,09:40:28,37.3887,-0.1281,19.0,,3.1,4.0,MEDITERRÁNEO-LEVANTE SUR,08/07/202409:40:28-0.128137.3887,-1.0,3.2676000000000003,2024.5174948138028
34074,es2024nutyz,15/07/2024,07:45:38,37.9392,-0.9974,6.0,III,3.0,4.0,S BENIEL.MU,15/07/202407:45:38-0.997437.9392,3.0,3.184,2024.5364026133375
34181,es2024pqyrg,10/08/2024,16:31:42,39.0097,0.0386,4.0,III,3.4,4.0,GOLFO DE VALENCIA,10/08/202416:31:420.038639.0097,3.0,3.5183999999999997,2024.6084390179115
34266,es2024rgjlk,02/09/2024,08:25:52,36.7941,-2.9714,0.0,III,3.7,5.0,SW BERJA.AL,02/09/202408:25:52-2.971436.7941,3.0,3.7,2024.67035873305
34326,es2024sfaab,15/09/2024,19:59:38,38.1475,-1.4449,0.0,III-IV,3.3,4.0,W RICOTE.MU,15/09/202419:59:38-1.444938.1475,3.5,3.4348,2024.7071942041084
34327,es2024sfaan,15/09/2024,20:00:10,38.1246,-1.4281,10.0,II,3.0,4.0,SW RICOTE.MU,15/09/202420:00:10-1.428138.1246,2.0,3.184,2024.7071952160493
34499,es2024utwti,22/10/2024,10:16:15,39.0363,-2.6602,5.0,II-III,3.1,4.0,NE OSSA DE MONTIEL.AB,22/10/202410:16:15-2.660239.0363,2.5,3.2676000000000003,2024.8071801950516
34513,es2024uybnz,24/10/2024,17:13:30,37.6985,-1.4182,2.0,III-IV,3.0,4.0,SE TOTANA.MU,24/10/202417:13:30-1.418237.6985,3.5,3.184,2024.8134363615666
34573,es2024vypql,08/11/2024,05:51:06,37.6415,-3.6375,9.0,II-III,3.4,4.0,NE CÁRCHELES.J,08/11/202405:51:06-3.637537.6415,2.5,3.5183999999999997,2024.8531251897389
34691,es2024yfkcz,10/12/2024,09:52:51,38.0277,-0.3791,8.0,II-III,3.1,4.0,MEDITERRÁNEO-LEVANTE SUR,10/12/202409:52:51-0.379138.0277,2.5,3.2676000000000003,2024.9410155775652
34839,es2025avbfk,12/01/2025,12:24:23,38.7263,-0.4523,0.0,III,3.2,4.0,SW COCENTAINA.A,12/01/202512:24:23-0.452338.7263,3.0,3.3512000000000004,2025.0315532407408
34875,es2025bmuvn,22/01/2025,05:35:08,37.4918,-3.5603,8.0,II,3.0,4.0,NW DEHESAS VIEJAS.GR,22/01/202505:35:08-3.560337.4918,2.0,3.184,2025.0581718670726
35093,es2025fwnbg,25/03/2025,10:50:03,36.6333,-1.8303,7.0,,3.1,4.0,MEDITERRÁNEO-LEVANTE SUR,25/03/202510:50:03-1.830336.6333,-1.0,3.2676000000000003,2025.2286340372907
35163,es2025hgvql,14/04/2025,07:58:44,38.4011,-1.2879,0.0,II,3.1,4.0,SE JUMILLA.MU,14/04/202507:58:44-1.287938.4011,2.0,3.2676000000000003,2025.2831026128868
35474,es2025mhitg,24/06/2025,17:53:54,38.1416,-1.9124,0.0,III,3.1,4.0,SW MORATALLA.MU,24/06/202517:53:54-1.912438.1416,3.0,3.2676000000000003,2025.4787555175037
35571,es2025nnlad,12/07/2025,07:18:16,38.4042,-1.3101,2.0,II-III,3.2,4.0,S JUMILLA.MU,12/07/202507:18:16-1.310138.4042,2.5,3.3512000000000004,2025.5268612379502
35586,es2025nqxxn,14/07/2025,05:13:27,36.5386,-1.8319,3.0,IV,5.3,5.0,MEDITERRÁNEO-LEVANTE SUR,14/07/202505:13:27-1.831936.5386,4.0,5.3,2025.532103215373
35587,es2025nqycr,14/07/2025,05:19:02,36.6181,-1.8592,7.0,,3.4,4.0,MEDITERRÁNEO-LEVANTE SUR,14/07/202505:19:02-1.859236.6181,-1.0,3.5183999999999997,2025.5321138381532
35770,es2025pbchg,03/08/2025,00:13:23,36.6245,-1.8824,20.0,II,3.2,4.0,MEDITERRÁNEO-LEVANTE SUR,03/08/202500:13:23-1.882436.6245,2.0,3.3512000000000004,2025.586326832826
35778,es2025pejth,04/08/2025,19:23:34,38.0699,0.0596,2.0,II,3.6,4.0,MEDITERRÁNEO-LEVANTE SUR,04/08/202519:23:340.059638.0699,2.0,3.6856,2025.591254883308
35806,es2025pkjpe,08/08/2025,02:06:42,36.5933,-1.8537,12.0,II,3.5,4.0,MEDITERRÁNEO-LEVANTE SUR,08/08/202502:06:42-1.853736.5933,2.0,3.602,2025.6002410578387
36035,es2025rwhlj,12/09/2025,01:33:04,37.1977,-3.7255,0.0,IV,3.1,4.0,NW SANTA FE.GR,12/09/202501:33:04-3.725537.1977,4.0,3.2676000000000003,2025.6960674784373
36061,es2025shfew,18/09/2025,00:54:09,38.1529,-1.6978,0.0,III,3.5,5.0,S CALASPARRA.MU,18/09/202500:54:09-1.697838.1529,3.0,3.5,2025.7124317922373
36073,es2025slgqb,20/09/2025,06:08:04,36.6839,-1.5954,6.0,II,3.0,4.0,MEDITERRÁNEO-LEVANTE SUR,20/09/202506:08:04-1.595436.6839,2.0,3.184,2025.7185084982243
36170,es2025txtkf,11/10/2025,07:38:54,39.281,-0.1398,0.0,II,3.0,4.0,GOLFO DE VALENCIA,11/10/202507:38:54-0.139839.281,2.0,3.184,2025.7762155631658
36271,es2025vfsio,29/10/2025,21:38:20,36.5255,-2.873,2.0,III,4.3,5.0,ALBORÁN NORTE,29/10/202521:38:20-2.87336.5255,3.0,4.3,2025.8271277270421
36376,es2025vzgzw,09/11/2025,14:35:03,37.997,-3.1852,5.0,II,3.0,4.0,SW SANTO TOMÉ.J,09/11/202514:35:03-3.185237.997,2.0,3.184,2025.8564593797564
36908,es2026czlot,12/02/2026,09:05:52,37.4118,-2.2694,0.0,III,3.1,4.0,W PARTALOA.AL,12/02/202609:05:52-2.269437.4118,3.0,3.2676000000000003,2026.1161070522578
36918,es2026dgblx,15/02/2026,23:55:23,37.0505,-2.3882,0.0,IV,4.2,5.0,E TABERNAS.AL,15/02/202623:55:23-2.388237.0505,4.0,4.2,2026.1260186136478
37033,es2026dxhlr,25/02/2026,10:12:48,36.921,-3.7388,0.0,III,3.3,4.0,SE JAYENA.GR,25/02/202610:12:48-3.738836.921,3.0,3.4348,2026.1518508371385
37266,es2026hresn,19/04/2026,23:52:57,38.8641,-0.6744,3.0,III,3.0,4.0,SE VALLADA.V,19/04/202623:52:57-0.674438.8641,3.0,3.184,2026.2986167237443
37296,es2026hyvdp,24/04/2026,04:06:47,36.9486,-3.8069,12.0,III-IV,3.5,4.0,E JAYENA.GR,24/04/202604:06:47-3.806936.9486,3.5,3.602,2026.3100585679858
37331,es2026iidfo,29/04/2026,06:23:22,38.8326,-0.6169,7.0,IV,3.6,5.0,NW ONTINYENT.V,29/04/202606:23:22-0.616938.8326,4.0,3.6,2026.324017059868
